"{""raw"":""You are a scientist with copy-editing skills who will help in improving the text of a manuscript with title '{{ title }}' and keywords '{{ keywords }}'. Revise the following abstract of this manuscript.\n\nInput paragraph: {{ paragraph }}\n\nRevised paragraph:"",""display"":""/home/miltondp/projects/others/manubot/manubot-ai-editor-evals/abstract/phenoplier/prompts/baseline.txt"",""id"":""e1a57a9264776c29f043b96cf25a9c6b38b059a85043459f545fc3392e2dcf4c"",""metrics"":{""score"":18.33333333333334,""testPassCount"":5,""testFailCount"":15,""assertPassCount"":165,""assertFailCount"":15,""totalLatencyMs"":339232,""tokenUsage"":{""total"":10706,""prompt"":6380,""completion"":4326,""cached"":0},""namedScores"":{}}}","{""raw"":""You are a scientist with copy-editing skills who will help in improving the text of a manuscript with title '{{ title }}' and keywords '{{ keywords }}'. Revise the following abstract of this manuscript, so it has a clear sentence structure and follows a context-content-conclusion (C-C-C) scheme and fits in a single paragraph. Make changes only when they are absolutely necessary to follow the C-C-C scheme. Under the C-C-C scheme, the abstract must follow the following structure: 1) The context must communicate to the reader what gap the paper will fill. The first sentence orients the reader by introducing the broader field in which the particular research is situated. Then, this context is narrowed until it lands on the open question that the research answered. A successful context section sets the stage for distinguishing the paper’s contributions from the current state of the art by communicating what is missing in the literature (i.e., the specific gap) and why that matters (i.e., the connection between the specific gap and the broader context that the paper opened with); 2) The content (\""Here we\"") first describes the novel method or approach that you used to fill the gap or question. Then you present the meat—your executive summary of the results; 3) Finally, the conclusion interprets the results to answer the question that was posed at the end of the context section. There is often a second part to the conclusion section that highlights how this conclusion moves the broader field forward (i.e., \""broader significance\"").\n\nInput paragraph: {{ paragraph }}\n\nRevised paragraph:"",""display"":""/home/miltondp/projects/others/manubot/manubot-ai-editor-evals/abstract/phenoplier/prompts/candidate.txt"",""id"":""0f5d561555c25e8d2190ab31964c7226ce27388741d7951aebeb28761ec0ff57"",""metrics"":{""score"":19.88888888888889,""testPassCount"":19,""testFailCount"":1,""assertPassCount"":179,""assertFailCount"":1,""totalLatencyMs"":397736,""tokenUsage"":{""total"":16516,""prompt"":11720,""completion"":4796,""cached"":0},""namedScores"":{}}}",keywords,paragraph,test_description,title
"[PASS] (1.00) Genes operate in concert within specific contexts to execute their functions. A mechanistic understanding of expression regulation across varying conditions is essential to discern how these genes influence complex traits. This knowledge is vital for the development of new therapies. Transcriptome-wide association studies have been instrumental in revealing the role of individual genes in disease-related mechanisms. However, contemporary models of complex trait architecture suggest that gene-gene interactions are pivotal in disease onset and progression. In this study, we present PhenoPLIER, a computational method that integrates gene-trait associations and pharmacological perturbation data into a unified latent representation for joint analysis. This representation is based on modules of genes exhibiting similar expression patterns under identical conditions. We found that diseases are significantly associated with gene modules expressed in relevant cell types. Our approach accurately predicts known drug-disease pairs and infers mechanisms of action. Additionally, using a CRISPR screen to analyze lipid regulation, we discovered that functionally significant players, although lacking associations, are prioritized in trait-associated modules by PhenoPLIER. In conclusion, PhenoPLIER, by incorporating groups of co-expressed genes, can contextualize genetic associations and uncover potential targets overlooked by single-gene strategies. PhenoPLIER offers a novel framework for interpreting genetic associations through the perspective of gene modules.","[PASS] (1.00) In the field of functional genomics, understanding how genes interact in specific contexts to influence complex traits is crucial for developing new therapies. While transcriptome-wide association studies have shed light on the role of individual genes in disease mechanisms, current models suggest that gene-gene interactions are pivotal in disease onset and progression. However, a gap exists in our understanding of these interactions and their role in disease etiology. To address this, we introduce PhenoPLIER, a computational approach that integrates gene-trait associations and pharmacological perturbation data into a unified latent representation for joint analysis. This representation is based on modules of genes exhibiting similar expression patterns across identical conditions. Our findings reveal that diseases are significantly associated with gene modules expressed in relevant cell types. PhenoPLIER accurately predicts known drug-disease pairs and infers mechanisms of action. Moreover, a CRISPR screen analysis of lipid regulation demonstrated that functionally important genes, although lacking direct associations, are prioritized in trait-associated modules by PhenoPLIER. In conclusion, PhenoPLIER offers a novel approach to interpreting genetic associations through the lens of gene modules, thereby uncovering potential therapeutic targets overlooked by single-gene strategies. This advancement could significantly enhance our understanding of disease etiology and drug mechanisms, propelling the field of functional genomics forward.","genetic studies, functional genomics, gene co-expression, therapeutic targets, drug repurposing, clustering of complex traits","Genes act in concierto with each other in specifico contexts to perform their functions. Determining how these genes influence complex traits requires a mechanistic understanding of expression regulation across different conditions. It has been shown that this insight is critical for developing new therapies. Transcriptome-wide association studies have helped uncover the role of individual genes in disease-relevant mechanisms. However, modern models of the architecture of complex traits predict that gene-gene interactions play a crucial role in disease origin and progression. Here we introduce PhenoPLIER, a computational approach that maps gene-trait associations and pharmacological perturbation data into a common latent representation for a joint analysis. This representation is base on modules of genes with similar expression patterns across the same conditions. We observe that diseases are significantl associated with gene modules expressed in relevant cell types, and our approach is accurate in predicting known drug-disease pairs and inferring mechanisms of action. Furthermore using a CRISPR screen to analyze lipid regulation, we find that functionally important players lack associations but are prioritized in trait-associated modules by PhenoPLIER. In conclusion, by incorporating, groups of co-expressed genes, PhenoPLIER can contextualize genetic associations and reveal, potential targets missed by single-gene strategies. PhenoPLIER provides a novel framework for interpreting genetic associations through the lens of gene modules.",spelling/grammar errors,Projecting genetic associations through gene expression patterns highlights disease etiology and drug mechanisms
"[PASS] (1.00) Genes operate in concert within specific contexts to execute their functions. A mechanistic understanding of expression regulation across varying conditions is essential to discern how these genes influence complex traits. This knowledge is vital for the development of new therapies. Transcriptome-wide association studies have shed light on the role of individual genes in disease-related mechanisms. However, contemporary models of complex trait architecture suggest that interactions between genes are pivotal in disease onset and progression. In this study, we present PhenoPLIER, a computational method that integrates gene-trait associations and pharmacological perturbation data into a unified latent representation for joint analysis. This representation is based on modules of genes exhibiting similar expression patterns under identical conditions. We found that diseases are significantly associated with gene modules expressed in relevant cell types. Our approach accurately predicts known drug-disease pairs and infers mechanisms of action. Additionally, using a CRISPR screen to examine lipid regulation, we discovered that functionally significant players, although lacking associations, are prioritized in trait-associated modules by PhenoPLIER. In conclusion, PhenoPLIER, by incorporating groups of co-expressed genes, can contextualize genetic associations and uncover potential targets overlooked by single-gene strategies. PhenoPLIER offers a novel framework for interpreting genetic associations through the perspective of gene modules.","[PASS] (1.00) In the field of functional genomics, understanding how genes interact and influence complex traits is crucial for developing new therapies. While transcriptome-wide association studies have shed light on the role of individual genes in disease mechanisms, current models suggest that gene-gene interactions are pivotal in disease onset and progression. However, a gap exists in our understanding of these interactions and their regulation across different conditions. To address this, we introduce PhenoPLIER, a computational approach that integrates gene-trait associations and pharmacological perturbation data into a unified latent representation for joint analysis. This representation is based on modules of genes exhibiting similar expression patterns across identical conditions. Our findings reveal that diseases are significantly associated with gene modules expressed in relevant cell types. PhenoPLIER accurately predicts known drug-disease pairs and infers mechanisms of action. Moreover, a CRISPR screen analysis of lipid regulation demonstrated that functionally important genes, although lacking direct associations, are prioritized in trait-associated modules by PhenoPLIER. In conclusion, PhenoPLIER offers a novel approach to interpreting genetic associations through the lens of gene modules, thereby uncovering potential therapeutic targets overlooked by single-gene strategies. This advancement in understanding gene-gene interactions and their role in disease progression could significantly enhance drug repurposing and the identification of novel therapeutic targets.","genetic studies, functional genomics, gene co-expression, therapeutic targets, drug repurposing, clustering of complex traits","Genes act in concierto with each other in specifico contexts to perform their functions. Determining how these genes influence complex traits requires a mechanistic understanding of expression regulation across different conditions. It has been shown that this insight is critical for developing new therapies. Transcriptome-wide association studies have helped uncover the role of individual genes in disease-relevant mechanisms. However, modern models of the architecture of complex traits predict that gene-gene interactions play a crucial role in disease origin and progression. Here we introduce PhenoPLIER, a computational approach that maps gene-trait associations and pharmacological perturbation data into a common latent representation for a joint analysis. This representation is base on modules of genes with similar expression patterns across the same conditions. We observe that diseases are significantl associated with gene modules expressed in relevant cell types, and our approach is accurate in predicting known drug-disease pairs and inferring mechanisms of action. Furthermore using a CRISPR screen to analyze lipid regulation, we find that functionally important players lack associations but are prioritized in trait-associated modules by PhenoPLIER. In conclusion, by incorporating, groups of co-expressed genes, PhenoPLIER can contextualize genetic associations and reveal, potential targets missed by single-gene strategies. PhenoPLIER provides a novel framework for interpreting genetic associations through the lens of gene modules.",spelling/grammar errors,Projecting genetic associations through gene expression patterns highlights disease etiology and drug mechanisms
"[PASS] (1.00) Genes operate in concert within specific contexts to execute their functions. A mechanistic understanding of expression regulation across varying conditions is essential to discern how these genes influence complex traits. This knowledge is pivotal for the development of new therapies. Transcriptome-wide association studies have been instrumental in revealing the role of individual genes in disease-related mechanisms. However, contemporary models of complex trait architecture suggest that gene-gene interactions are vital in disease onset and progression. In this study, we present PhenoPLIER, a computational method that integrates gene-trait associations and pharmacological perturbation data into a unified latent representation for joint analysis. This representation is based on modules of genes exhibiting similar expression patterns under identical conditions. We found that diseases are significantly associated with gene modules expressed in relevant cell types. Our approach accurately predicts known drug-disease pairs and infers mechanisms of action. Additionally, using a CRISPR screen to analyze lipid regulation, we discovered that functionally important genes lack associations but are prioritized in trait-associated modules by PhenoPLIER. In conclusion, PhenoPLIER, by incorporating groups of co-expressed genes, can contextualize genetic associations and uncover potential targets overlooked by single-gene strategies. PhenoPLIER offers a novel framework for interpreting genetic associations through the perspective of gene modules.","[PASS] (1.00) In the field of functional genomics, understanding how genes interact and influence complex traits is crucial, particularly in the context of disease origin and progression. While transcriptome-wide association studies have shed light on the role of individual genes, current models suggest that gene-gene interactions are pivotal. However, a gap exists in our ability to effectively map these interactions and their implications for disease mechanisms and drug development. To address this, we introduce PhenoPLIER, a computational approach that integrates gene-trait associations and pharmacological perturbation data into a unified latent representation. This representation is based on modules of genes exhibiting similar expression patterns across identical conditions. Our findings indicate that diseases are significantly associated with gene modules expressed in relevant cell types. PhenoPLIER accurately predicts known drug-disease pairs and infers mechanisms of action. Moreover, a CRISPR screen analysis of lipid regulation revealed that functionally important players, although lacking direct associations, are prioritized in trait-associated modules by PhenoPLIER. In conclusion, PhenoPLIER offers a novel approach to interpreting genetic associations, highlighting potential therapeutic targets overlooked by single-gene strategies. By incorporating groups of co-expressed genes, PhenoPLIER provides a more comprehensive understanding of disease etiology and drug mechanisms, advancing the field of functional genomics.","genetic studies, functional genomics, gene co-expression, therapeutic targets, drug repurposing, clustering of complex traits","Genes act in concierto with each other in specifico contexts to perform their functions. Determining how these genes influence complex traits requires a mechanistic understanding of expression regulation across different conditions. It has been shown that this insight is critical for developing new therapies. Transcriptome-wide association studies have helped uncover the role of individual genes in disease-relevant mechanisms. However, modern models of the architecture of complex traits predict that gene-gene interactions play a crucial role in disease origin and progression. Here we introduce PhenoPLIER, a computational approach that maps gene-trait associations and pharmacological perturbation data into a common latent representation for a joint analysis. This representation is base on modules of genes with similar expression patterns across the same conditions. We observe that diseases are significantl associated with gene modules expressed in relevant cell types, and our approach is accurate in predicting known drug-disease pairs and inferring mechanisms of action. Furthermore using a CRISPR screen to analyze lipid regulation, we find that functionally important players lack associations but are prioritized in trait-associated modules by PhenoPLIER. In conclusion, by incorporating, groups of co-expressed genes, PhenoPLIER can contextualize genetic associations and reveal, potential targets missed by single-gene strategies. PhenoPLIER provides a novel framework for interpreting genetic associations through the lens of gene modules.",spelling/grammar errors,Projecting genetic associations through gene expression patterns highlights disease etiology and drug mechanisms
"[PASS] (1.00) Genes operate in concert within specific contexts to execute their functions. A mechanistic understanding of expression regulation across varying conditions is essential to discern how these genes influence complex traits. This knowledge is pivotal for the development of new therapies. Transcriptome-wide association studies have been instrumental in revealing the role of individual genes in disease-related mechanisms. However, contemporary models of complex trait architecture suggest that gene-gene interactions are vital in disease onset and progression. In this study, we present PhenoPLIER, a computational method that integrates gene-trait associations and pharmacological perturbation data into a unified latent representation for joint analysis. This representation is based on modules of genes exhibiting similar expression patterns under identical conditions. We found that diseases are significantly associated with gene modules expressed in relevant cell types. Our approach accurately predicts known drug-disease pairs and infers mechanisms of action. Additionally, using a CRISPR screen to analyze lipid regulation, we discovered that functionally significant players, although lacking associations, are prioritized in trait-associated modules by PhenoPLIER. In conclusion, PhenoPLIER, by incorporating groups of co-expressed genes, can contextualize genetic associations and uncover potential targets overlooked by single-gene strategies. PhenoPLIER offers a novel framework for interpreting genetic associations through the perspective of gene modules.","[PASS] (1.00) In the field of functional genomics, understanding how genes interact and influence complex traits is crucial, particularly in the context of disease origin and progression. While transcriptome-wide association studies have shed light on the role of individual genes, current models suggest that gene-gene interactions are pivotal. However, a gap exists in our ability to effectively map these interactions and their implications for disease mechanisms and drug development. To address this, we introduce PhenoPLIER, a computational approach that integrates gene-trait associations and pharmacological perturbation data into a unified latent representation. This representation is based on modules of genes exhibiting similar expression patterns across identical conditions. Our findings indicate that diseases are significantly associated with gene modules expressed in relevant cell types. PhenoPLIER accurately predicts known drug-disease pairs and infers mechanisms of action. Moreover, a CRISPR screen analysis of lipid regulation revealed that functionally important genes, although lacking direct associations, are prioritized in trait-associated modules by PhenoPLIER. In conclusion, PhenoPLIER offers a novel approach to interpreting genetic associations, highlighting potential therapeutic targets overlooked by single-gene strategies. This method advances our understanding of gene co-expression in disease etiology and drug mechanisms, thereby contributing to the broader field of genetic studies and drug repurposing.","genetic studies, functional genomics, gene co-expression, therapeutic targets, drug repurposing, clustering of complex traits","Genes act in concierto with each other in specifico contexts to perform their functions. Determining how these genes influence complex traits requires a mechanistic understanding of expression regulation across different conditions. It has been shown that this insight is critical for developing new therapies. Transcriptome-wide association studies have helped uncover the role of individual genes in disease-relevant mechanisms. However, modern models of the architecture of complex traits predict that gene-gene interactions play a crucial role in disease origin and progression. Here we introduce PhenoPLIER, a computational approach that maps gene-trait associations and pharmacological perturbation data into a common latent representation for a joint analysis. This representation is base on modules of genes with similar expression patterns across the same conditions. We observe that diseases are significantl associated with gene modules expressed in relevant cell types, and our approach is accurate in predicting known drug-disease pairs and inferring mechanisms of action. Furthermore using a CRISPR screen to analyze lipid regulation, we find that functionally important players lack associations but are prioritized in trait-associated modules by PhenoPLIER. In conclusion, by incorporating, groups of co-expressed genes, PhenoPLIER can contextualize genetic associations and reveal, potential targets missed by single-gene strategies. PhenoPLIER provides a novel framework for interpreting genetic associations through the lens of gene modules.",spelling/grammar errors,Projecting genetic associations through gene expression patterns highlights disease etiology and drug mechanisms
"[PASS] (1.00) Genes operate in concert within specific contexts to execute their functions. A mechanistic understanding of expression regulation across varying conditions is essential to discern how these genes influence complex traits. This knowledge is pivotal for the development of new therapies. Transcriptome-wide association studies have been instrumental in revealing the role of individual genes in disease-related mechanisms. However, contemporary models of complex trait architecture suggest that gene-gene interactions are vital in disease onset and progression. In this study, we present PhenoPLIER, a computational method that integrates gene-trait associations and pharmacological perturbation data into a unified latent representation for joint analysis. This representation is based on modules of genes exhibiting similar expression patterns under identical conditions. We found that diseases are significantly associated with gene modules expressed in relevant cell types. Our approach accurately predicts known drug-disease pairs and infers mechanisms of action. Additionally, using a CRISPR screen to analyze lipid regulation, we discovered that functionally significant players, although lacking associations, are prioritized in trait-associated modules by PhenoPLIER. In conclusion, PhenoPLIER, by incorporating groups of co-expressed genes, can contextualize genetic associations and uncover potential targets overlooked by single-gene strategies. PhenoPLIER offers a novel framework for interpreting genetic associations through the perspective of gene modules.","[PASS] (1.00) In the field of functional genomics, understanding how genes interact and influence complex traits is crucial for developing new therapies. While transcriptome-wide association studies have shed light on the role of individual genes in disease mechanisms, current models suggest that gene-gene interactions are pivotal in disease onset and progression. However, a gap exists in our understanding of these interactions and their regulation across different conditions. To address this, we introduce PhenoPLIER, a computational approach that integrates gene-trait associations and pharmacological perturbation data into a unified latent representation for joint analysis. This representation is based on modules of genes exhibiting similar expression patterns across identical conditions. Our findings reveal that diseases are significantly associated with gene modules expressed in relevant cell types. PhenoPLIER accurately predicts known drug-disease pairs and infers mechanisms of action. Moreover, a CRISPR screen analysis of lipid regulation demonstrated that functionally important genes, although lacking direct associations, are prioritized in trait-associated modules by PhenoPLIER. In conclusion, PhenoPLIER offers a novel approach to interpreting genetic associations through the lens of gene modules, thereby uncovering potential therapeutic targets overlooked by single-gene strategies. This advancement could significantly enhance our understanding of disease etiology and drug mechanisms, propelling the field of functional genomics forward.","genetic studies, functional genomics, gene co-expression, therapeutic targets, drug repurposing, clustering of complex traits","Genes act in concierto with each other in specifico contexts to perform their functions. Determining how these genes influence complex traits requires a mechanistic understanding of expression regulation across different conditions. It has been shown that this insight is critical for developing new therapies. Transcriptome-wide association studies have helped uncover the role of individual genes in disease-relevant mechanisms. However, modern models of the architecture of complex traits predict that gene-gene interactions play a crucial role in disease origin and progression. Here we introduce PhenoPLIER, a computational approach that maps gene-trait associations and pharmacological perturbation data into a common latent representation for a joint analysis. This representation is base on modules of genes with similar expression patterns across the same conditions. We observe that diseases are significantl associated with gene modules expressed in relevant cell types, and our approach is accurate in predicting known drug-disease pairs and inferring mechanisms of action. Furthermore using a CRISPR screen to analyze lipid regulation, we find that functionally important players lack associations but are prioritized in trait-associated modules by PhenoPLIER. In conclusion, by incorporating, groups of co-expressed genes, PhenoPLIER can contextualize genetic associations and reveal, potential targets missed by single-gene strategies. PhenoPLIER provides a novel framework for interpreting genetic associations through the lens of gene modules.",spelling/grammar errors,Projecting genetic associations through gene expression patterns highlights disease etiology and drug mechanisms
"[FAIL] (0.89) Python code returned false
print(
  ""PhenoPLIER"" not in output.split(""."")[0]
)

---
We present PhenoPLIER, a computational method that integrates gene-trait associations and pharmacological perturbation data into a unified latent representation for combined analysis. Genes function synergistically within specific contexts, and understanding their influence on complex traits necessitates a mechanistic comprehension of expression regulation under varying conditions. This knowledge is vital for the development of new therapies. Transcriptome-wide association studies have shed light on the role of individual genes in disease-related mechanisms. However, contemporary models of complex trait architecture suggest that interactions between genes are pivotal in disease onset and progression. PhenoPLIER's representation is founded on modules of genes exhibiting similar expression patterns under identical conditions. We find that diseases are significantly linked to gene modules expressed in relevant cell types, and our method accurately predicts known drug-disease pairs and infers mechanisms of action. Moreover, a CRISPR screen analysis of lipid regulation reveals that functionally significant genes, although lacking associations, are prioritized in trait-associated modules by PhenoPLIER. In summary, PhenoPLIER, by incorporating clusters of co-expressed genes, provides a unique framework for interpreting genetic associations, offering insights into potential targets overlooked by single-gene strategies.","[PASS] (1.00) In the field of functional genomics, understanding how genes influence complex traits is crucial for developing new therapies. While transcriptome-wide association studies have shed light on the role of individual genes in disease mechanisms, current models suggest that gene-gene interactions are pivotal in disease origin and progression. However, a gap exists in our understanding of these interactions and their role in disease etiology. To address this, we introduce PhenoPLIER, a computational approach that maps gene-trait associations and pharmacological perturbation data into a common latent representation for joint analysis. This representation is based on modules of genes with similar expression patterns across the same conditions. Our findings indicate that diseases are significantly associated with gene modules expressed in relevant cell types. PhenoPLIER accurately predicts known drug-disease pairs and infers mechanisms of action. Additionally, a CRISPR screen analysis of lipid regulation revealed that functionally important players, although lacking associations, are prioritized in trait-associated modules by PhenoPLIER. In conclusion, PhenoPLIER provides a novel framework for interpreting genetic associations through the lens of gene modules, thereby filling the gap in our understanding of gene-gene interactions in disease etiology. By incorporating groups of co-expressed genes, PhenoPLIER can contextualize genetic associations and reveal potential therapeutic targets missed by single-gene strategies, advancing the field of functional genomics.","genetic studies, functional genomics, gene co-expression, therapeutic targets, drug repurposing, clustering of complex traits","We introduce PhenoPLIER, a computational approach that maps gene-trait associations and pharmacological perturbation data into a common latent representation for a joint analysis. Genes act in concert with each other in specific contexts to perform their functions. Determining how these genes influence complex traits requires a mechanistic understanding of expression regulation across different conditions. It has been shown that this insight is critical for developing new therapies. Transcriptome-wide association studies have helped uncover the role of individual genes in disease-relevant mechanisms. However, modern models of the architecture of complex traits predict that gene-gene interactions play a crucial role in disease origin and progression. PhenoPLIER's representation is based on modules of genes with similar expression patterns across the same conditions. We observe that diseases are significantly associated with gene modules expressed in relevant cell types, and our approach is accurate in predicting known drug-disease pairs and inferring mechanisms of action. Furthermore, using a CRISPR screen to analyze lipid regulation, we find that functionally important players lack associations but are prioritized in trait-associated modules by PhenoPLIER. In conclusion, by incorporating groups of co-expressed genes, PhenoPLIER can contextualize genetic associations and reveal potential targets missed by single-gene strategies. PhenoPLIER provides a novel framework for interpreting genetic associations through the lens of gene modules.",does not start with background,Projecting genetic associations through gene expression patterns highlights disease etiology and drug mechanisms
"[FAIL] (0.89) Python code returned false
print(
  ""PhenoPLIER"" not in output.split(""."")[0]
)

---
We present PhenoPLIER, a novel computational method that integrates gene-trait associations and pharmacological perturbation data into a unified latent representation for comprehensive analysis. Genes function synergistically within specific contexts, and understanding their influence on complex traits necessitates a mechanistic comprehension of expression regulation under varying conditions. This knowledge is pivotal for the development of new therapeutic strategies. Transcriptome-wide association studies have been instrumental in elucidating the role of individual genes in disease-related mechanisms. However, contemporary models of complex trait architecture suggest that gene-gene interactions are critical in disease onset and progression. PhenoPLIER's representation is predicated on modules of genes exhibiting similar expression patterns under identical conditions. We find that diseases are significantly associated with gene modules expressed in relevant cell types. Our method accurately predicts known drug-disease pairs and infers mechanisms of action. Moreover, a CRISPR screen analysis of lipid regulation reveals that functionally significant players, although lacking associations, are prioritized in trait-associated modules by PhenoPLIER. In summary, PhenoPLIER, by incorporating clusters of co-expressed genes, provides a unique framework for interpreting genetic associations, offering insights into potential targets overlooked by single-gene strategies.","[PASS] (1.00) In the field of functional genomics, understanding how genes interact and influence complex traits is crucial for developing new therapies. While transcriptome-wide association studies have shed light on the role of individual genes in disease mechanisms, current models suggest that gene-gene interactions are pivotal in disease onset and progression. However, a gap exists in our understanding of these interactions and their regulation across different conditions. To address this, we introduce PhenoPLIER, a computational approach that integrates gene-trait associations and pharmacological perturbation data into a unified latent representation for joint analysis. This representation is based on modules of genes exhibiting similar expression patterns across identical conditions. Our findings indicate that diseases are significantly associated with gene modules expressed in relevant cell types. PhenoPLIER accurately predicts known drug-disease pairs and infers mechanisms of action. Moreover, a CRISPR screen analysis of lipid regulation revealed that functionally important genes, although lacking associations, are prioritized in trait-associated modules by PhenoPLIER. In conclusion, PhenoPLIER, by incorporating groups of co-expressed genes, provides a novel framework for interpreting genetic associations, highlighting potential therapeutic targets overlooked by single-gene strategies, and advancing our understanding of disease etiology and drug mechanisms.","genetic studies, functional genomics, gene co-expression, therapeutic targets, drug repurposing, clustering of complex traits","We introduce PhenoPLIER, a computational approach that maps gene-trait associations and pharmacological perturbation data into a common latent representation for a joint analysis. Genes act in concert with each other in specific contexts to perform their functions. Determining how these genes influence complex traits requires a mechanistic understanding of expression regulation across different conditions. It has been shown that this insight is critical for developing new therapies. Transcriptome-wide association studies have helped uncover the role of individual genes in disease-relevant mechanisms. However, modern models of the architecture of complex traits predict that gene-gene interactions play a crucial role in disease origin and progression. PhenoPLIER's representation is based on modules of genes with similar expression patterns across the same conditions. We observe that diseases are significantly associated with gene modules expressed in relevant cell types, and our approach is accurate in predicting known drug-disease pairs and inferring mechanisms of action. Furthermore, using a CRISPR screen to analyze lipid regulation, we find that functionally important players lack associations but are prioritized in trait-associated modules by PhenoPLIER. In conclusion, by incorporating groups of co-expressed genes, PhenoPLIER can contextualize genetic associations and reveal potential targets missed by single-gene strategies. PhenoPLIER provides a novel framework for interpreting genetic associations through the lens of gene modules.",does not start with background,Projecting genetic associations through gene expression patterns highlights disease etiology and drug mechanisms
"[FAIL] (0.89) Python code returned false
print(
  ""PhenoPLIER"" not in output.split(""."")[0]
)

---
We present PhenoPLIER, a novel computational method that integrates gene-trait associations and pharmacological perturbation data into a unified latent representation for comprehensive analysis. Genes function synergistically within specific contexts, and understanding their influence on complex traits necessitates a mechanistic comprehension of expression regulation under varying conditions. This knowledge is pivotal for the development of new therapeutic strategies. Transcriptome-wide association studies have been instrumental in elucidating the role of individual genes in disease-related mechanisms. However, contemporary models of complex trait architecture suggest that gene-gene interactions are integral to disease onset and progression. PhenoPLIER's representation is predicated on modules of genes exhibiting similar expression patterns under identical conditions. We find that diseases are significantly linked to gene modules expressed in relevant cell types, and our method accurately predicts known drug-disease pairs and infers mechanisms of action. Moreover, a CRISPR screen analysis of lipid regulation reveals that functionally significant players, although lacking associations, are prioritized in trait-associated modules by PhenoPLIER. In summary, PhenoPLIER, by incorporating clusters of co-expressed genes, offers a unique framework for interpreting genetic associations, potentially uncovering therapeutic targets overlooked by single-gene strategies.","[PASS] (1.00) In the field of functional genomics, understanding how genes influence complex traits is crucial for developing new therapies. While transcriptome-wide association studies have shed light on the role of individual genes in disease mechanisms, current models suggest that gene-gene interactions are pivotal in disease origin and progression. However, a gap exists in our understanding of these interactions and their role in disease etiology. To address this, we introduce PhenoPLIER, a computational approach that integrates gene-trait associations and pharmacological perturbation data into a common latent representation for joint analysis. This representation is based on modules of genes exhibiting similar expression patterns across identical conditions. Our findings reveal that diseases are significantly associated with gene modules expressed in relevant cell types. PhenoPLIER accurately predicts known drug-disease pairs and infers mechanisms of action. Additionally, a CRISPR screen analysis of lipid regulation demonstrated that functionally important players, although lacking associations, are prioritized in trait-associated modules by PhenoPLIER. In conclusion, PhenoPLIER offers a novel framework for interpreting genetic associations through the lens of gene modules, thereby filling the gap in our understanding of gene-gene interactions in disease etiology. This approach not only contextualizes genetic associations but also uncovers potential therapeutic targets overlooked by single-gene strategies, thereby advancing the field of functional genomics.","genetic studies, functional genomics, gene co-expression, therapeutic targets, drug repurposing, clustering of complex traits","We introduce PhenoPLIER, a computational approach that maps gene-trait associations and pharmacological perturbation data into a common latent representation for a joint analysis. Genes act in concert with each other in specific contexts to perform their functions. Determining how these genes influence complex traits requires a mechanistic understanding of expression regulation across different conditions. It has been shown that this insight is critical for developing new therapies. Transcriptome-wide association studies have helped uncover the role of individual genes in disease-relevant mechanisms. However, modern models of the architecture of complex traits predict that gene-gene interactions play a crucial role in disease origin and progression. PhenoPLIER's representation is based on modules of genes with similar expression patterns across the same conditions. We observe that diseases are significantly associated with gene modules expressed in relevant cell types, and our approach is accurate in predicting known drug-disease pairs and inferring mechanisms of action. Furthermore, using a CRISPR screen to analyze lipid regulation, we find that functionally important players lack associations but are prioritized in trait-associated modules by PhenoPLIER. In conclusion, by incorporating groups of co-expressed genes, PhenoPLIER can contextualize genetic associations and reveal potential targets missed by single-gene strategies. PhenoPLIER provides a novel framework for interpreting genetic associations through the lens of gene modules.",does not start with background,Projecting genetic associations through gene expression patterns highlights disease etiology and drug mechanisms
"[FAIL] (0.89) Python code returned false
print(
  ""PhenoPLIER"" not in output.split(""."")[0]
)

---
We present PhenoPLIER, a computational method that integrates gene-trait associations and pharmacological perturbation data into a unified latent representation for comprehensive analysis. Genes function synergistically within specific contexts, and understanding their influence on complex traits necessitates a mechanistic comprehension of expression regulation under varying conditions. This knowledge is pivotal for the development of new therapeutic strategies. Transcriptome-wide association studies have been instrumental in elucidating the role of individual genes in disease-related mechanisms. However, contemporary models of complex trait architecture suggest that interactions between genes are integral to the onset and progression of diseases. PhenoPLIER's representation is predicated on modules of genes exhibiting similar expression patterns under identical conditions. We find that diseases are significantly linked to gene modules expressed in relevant cell types. Our method accurately predicts known drug-disease pairs and infers mechanisms of action. Moreover, a CRISPR screen analysis of lipid regulation reveals that functionally significant players, although lacking associations, are prioritized in trait-associated modules by PhenoPLIER. In summary, PhenoPLIER, by incorporating clusters of co-expressed genes, provides a unique framework for interpreting genetic associations, offering insights into potential targets overlooked by single-gene strategies.","[PASS] (1.00) In the field of functional genomics, understanding how genes influence complex traits is crucial for developing new therapies. While transcriptome-wide association studies have shed light on the role of individual genes in disease mechanisms, current models suggest that gene-gene interactions are pivotal in disease origin and progression. However, a gap exists in our understanding of these interactions and their role in disease etiology. To address this, we introduce PhenoPLIER, a computational approach that maps gene-trait associations and pharmacological perturbation data into a common latent representation for joint analysis. This representation is based on modules of genes with similar expression patterns across the same conditions. Our findings reveal that diseases are significantly associated with gene modules expressed in relevant cell types. PhenoPLIER accurately predicts known drug-disease pairs and infers mechanisms of action. Additionally, a CRISPR screen analysis of lipid regulation showed that functionally important players, although lacking associations, are prioritized in trait-associated modules by PhenoPLIER. In conclusion, PhenoPLIER, by incorporating groups of co-expressed genes, provides a novel framework for interpreting genetic associations, highlighting potential therapeutic targets missed by single-gene strategies, and advancing our understanding of disease etiology and drug mechanisms.","genetic studies, functional genomics, gene co-expression, therapeutic targets, drug repurposing, clustering of complex traits","We introduce PhenoPLIER, a computational approach that maps gene-trait associations and pharmacological perturbation data into a common latent representation for a joint analysis. Genes act in concert with each other in specific contexts to perform their functions. Determining how these genes influence complex traits requires a mechanistic understanding of expression regulation across different conditions. It has been shown that this insight is critical for developing new therapies. Transcriptome-wide association studies have helped uncover the role of individual genes in disease-relevant mechanisms. However, modern models of the architecture of complex traits predict that gene-gene interactions play a crucial role in disease origin and progression. PhenoPLIER's representation is based on modules of genes with similar expression patterns across the same conditions. We observe that diseases are significantly associated with gene modules expressed in relevant cell types, and our approach is accurate in predicting known drug-disease pairs and inferring mechanisms of action. Furthermore, using a CRISPR screen to analyze lipid regulation, we find that functionally important players lack associations but are prioritized in trait-associated modules by PhenoPLIER. In conclusion, by incorporating groups of co-expressed genes, PhenoPLIER can contextualize genetic associations and reveal potential targets missed by single-gene strategies. PhenoPLIER provides a novel framework for interpreting genetic associations through the lens of gene modules.",does not start with background,Projecting genetic associations through gene expression patterns highlights disease etiology and drug mechanisms
"[FAIL] (0.89) Python code returned false
print(
  ""PhenoPLIER"" not in output.split(""."")[0]
)

---
We present PhenoPLIER, a novel computational method that integrates gene-trait associations and pharmacological perturbation data into a unified latent representation for comprehensive analysis. Genes function synergistically within specific contexts, and understanding their influence on complex traits necessitates a mechanistic comprehension of expression regulation under varying conditions. This knowledge is pivotal for the development of new therapeutic strategies. Transcriptome-wide association studies have been instrumental in elucidating the role of individual genes in disease-related mechanisms. However, contemporary models of complex trait architecture suggest that gene-gene interactions are integral to disease onset and progression. PhenoPLIER's representation is predicated on modules of genes exhibiting similar expression patterns under identical conditions. We found that diseases are significantly linked to gene modules expressed in relevant cell types. Our method accurately predicts known drug-disease pairs and infers mechanisms of action. Moreover, a CRISPR screen analysis of lipid regulation revealed that functionally significant genes, although lacking associations, are prioritized in trait-associated modules by PhenoPLIER. In summary, PhenoPLIER, by incorporating clusters of co-expressed genes, provides a unique framework for interpreting genetic associations, offering insights into potential therapeutic targets overlooked by single-gene strategies.","[PASS] (1.00) In the field of functional genomics, understanding how genes influence complex traits is crucial for developing new therapies. While transcriptome-wide association studies have shed light on the role of individual genes in disease mechanisms, current models suggest that gene-gene interactions are pivotal in disease origin and progression. However, a gap exists in our understanding of these interactions and their role in disease etiology. To address this, we introduce PhenoPLIER, a computational approach that integrates gene-trait associations and pharmacological perturbation data into a unified latent representation for joint analysis. This representation is based on modules of genes exhibiting similar expression patterns across identical conditions. Our findings reveal that diseases are significantly associated with gene modules expressed in relevant cell types. PhenoPLIER accurately predicts known drug-disease pairs and infers mechanisms of action. Moreover, a CRISPR screen analysis of lipid regulation demonstrated that functionally important genes, although lacking direct associations, are prioritized in trait-associated modules by PhenoPLIER. In conclusion, PhenoPLIER offers a novel framework for interpreting genetic associations through the lens of gene modules, thereby contextualizing genetic associations and uncovering potential therapeutic targets overlooked by single-gene strategies. This approach advances our understanding of disease etiology and drug mechanisms, paving the way for improved therapeutic strategies and drug repurposing.","genetic studies, functional genomics, gene co-expression, therapeutic targets, drug repurposing, clustering of complex traits","We introduce PhenoPLIER, a computational approach that maps gene-trait associations and pharmacological perturbation data into a common latent representation for a joint analysis. Genes act in concert with each other in specific contexts to perform their functions. Determining how these genes influence complex traits requires a mechanistic understanding of expression regulation across different conditions. It has been shown that this insight is critical for developing new therapies. Transcriptome-wide association studies have helped uncover the role of individual genes in disease-relevant mechanisms. However, modern models of the architecture of complex traits predict that gene-gene interactions play a crucial role in disease origin and progression. PhenoPLIER's representation is based on modules of genes with similar expression patterns across the same conditions. We observe that diseases are significantly associated with gene modules expressed in relevant cell types, and our approach is accurate in predicting known drug-disease pairs and inferring mechanisms of action. Furthermore, using a CRISPR screen to analyze lipid regulation, we find that functionally important players lack associations but are prioritized in trait-associated modules by PhenoPLIER. In conclusion, by incorporating groups of co-expressed genes, PhenoPLIER can contextualize genetic associations and reveal potential targets missed by single-gene strategies. PhenoPLIER provides a novel framework for interpreting genetic associations through the lens of gene modules.",does not start with background,Projecting genetic associations through gene expression patterns highlights disease etiology and drug mechanisms
"[FAIL] (0.89) Python code returned false
print(
  output.find(""PhenoPLIER"") < max(output.find(""CRISPR""), output.find(""lipid""), output.find(""drug-disease""), output.find(""players""))
)

---
Genes function synergistically within specific contexts to execute their roles. A comprehensive understanding of how these genes influence complex traits necessitates a mechanistic comprehension of expression regulation across varying conditions. This knowledge is pivotal for the development of novel therapies. Our study demonstrates that diseases are significantly correlated with gene modules expressed in pertinent cell types. Moreover, our methodology accurately predicts known drug-disease pairs and infers mechanisms of action. Additionally, we utilized a CRISPR screen to examine lipid regulation, revealing that functionally significant players, although lacking associations, are prioritized in trait-associated modules by PhenoPLIER. In summary, PhenoPLIER, by incorporating clusters of co-expressed genes, can contextualize genetic associations and uncover potential targets overlooked by single-gene strategies. Thus, PhenoPLIER offers an innovative framework for interpreting genetic associations through the perspective of gene modules.","[PASS] (1.00) In the field of functional genomics, understanding how genes collectively influence complex traits across different conditions is crucial for developing new therapies. However, a gap exists in our mechanistic understanding of gene expression regulation, particularly in the context of disease etiology and drug mechanisms. In this study, we address this gap by introducing PhenoPLIER, a novel framework that incorporates groups of co-expressed genes to contextualize genetic associations. Our results demonstrate that diseases are significantly associated with gene modules expressed in relevant cell types. Furthermore, PhenoPLIER accurately predicts known drug-disease pairs and infers mechanisms of action. In a specific application, using a CRISPR screen to analyze lipid regulation, we found that functionally important players, although lacking direct associations, are prioritized in trait-associated modules by PhenoPLIER. These findings suggest that PhenoPLIER can reveal potential therapeutic targets that may be overlooked by single-gene strategies. Therefore, our study not only enhances our understanding of genetic associations through the lens of gene modules but also provides a promising approach for identifying therapeutic targets and repurposing drugs, thereby advancing the field of functional genomics.","genetic studies, functional genomics, gene co-expression, therapeutic targets, drug repurposing, clustering of complex traits","Genes act in concert with each other in specific contexts to perform their functions. Determining how these genes influence complex traits requires a mechanistic understanding of expression regulation across different conditions. It has been shown that this insight is critical for developing new therapies. Our results in this study show that diseases are significantly associated with gene modules expressed in relevant cell types, and our approach is accurate in predicting known drug-disease pairs and inferring mechanisms of action. Furthermore, using a CRISPR screen to analyze lipid regulation, we find that functionally important players lack associations but are prioritized in trait-associated modules by PhenoPLIER. In conclusion, by incorporating groups of co-expressed genes, PhenoPLIER can contextualize genetic associations and reveal potential targets missed by single-gene strategies. PhenoPLIER provides a novel framework for interpreting genetic associations through the lens of gene modules.",does not describe the method or approach proposed,Projecting genetic associations through gene expression patterns highlights disease etiology and drug mechanisms
"[FAIL] (0.89) Python code returned false
print(
  output.find(""PhenoPLIER"") < max(output.find(""CRISPR""), output.find(""lipid""), output.find(""drug-disease""), output.find(""players""))
)

---
Genes function synergistically within specific contexts to execute their roles. A comprehensive understanding of how these genes influence complex traits necessitates a mechanistic comprehension of expression regulation across varying conditions. This knowledge is pivotal for the development of novel therapies. Our study demonstrates that diseases are significantly correlated with gene modules expressed in pertinent cell types. Moreover, our methodology accurately predicts known drug-disease pairs and infers mechanisms of action. Additionally, we utilized a CRISPR screen to examine lipid regulation, revealing that functionally significant players, although lacking associations, are prioritized in trait-associated modules by PhenoPLIER. In summary, PhenoPLIER, by incorporating clusters of co-expressed genes, can contextualize genetic associations and uncover potential targets overlooked by single-gene strategies. Thus, PhenoPLIER offers an innovative framework for interpreting genetic associations through the perspective of gene modules.","[PASS] (1.00) In the field of functional genomics, understanding how genes interact and influence complex traits across different conditions is crucial for developing new therapies. However, a gap exists in our ability to accurately predict disease associations and infer drug mechanisms of action based on gene expression patterns. In this study, we introduce PhenoPLIER, a novel framework that incorporates groups of co-expressed genes to contextualize genetic associations. Our results demonstrate that diseases are significantly associated with gene modules expressed in relevant cell types, and PhenoPLIER accurately predicts known drug-disease pairs. Furthermore, through a CRISPR screen analysis of lipid regulation, we discovered that functionally important players, although lacking direct associations, are prioritized in trait-associated modules by PhenoPLIER. In conclusion, PhenoPLIER not only fills the gap in interpreting genetic associations through the lens of gene modules, but also reveals potential therapeutic targets that may be overlooked by single-gene strategies, thereby advancing the broader field of functional genomics.","genetic studies, functional genomics, gene co-expression, therapeutic targets, drug repurposing, clustering of complex traits","Genes act in concert with each other in specific contexts to perform their functions. Determining how these genes influence complex traits requires a mechanistic understanding of expression regulation across different conditions. It has been shown that this insight is critical for developing new therapies. Our results in this study show that diseases are significantly associated with gene modules expressed in relevant cell types, and our approach is accurate in predicting known drug-disease pairs and inferring mechanisms of action. Furthermore, using a CRISPR screen to analyze lipid regulation, we find that functionally important players lack associations but are prioritized in trait-associated modules by PhenoPLIER. In conclusion, by incorporating groups of co-expressed genes, PhenoPLIER can contextualize genetic associations and reveal potential targets missed by single-gene strategies. PhenoPLIER provides a novel framework for interpreting genetic associations through the lens of gene modules.",does not describe the method or approach proposed,Projecting genetic associations through gene expression patterns highlights disease etiology and drug mechanisms
"[FAIL] (0.89) Python code returned false
print(
  output.find(""PhenoPLIER"") < max(output.find(""CRISPR""), output.find(""lipid""), output.find(""drug-disease""), output.find(""players""))
)

---
Genes function synergistically within specific contexts to execute their roles. A comprehensive understanding of how these genes influence complex traits necessitates a mechanistic comprehension of expression regulation across varying conditions. This knowledge is pivotal for the development of novel therapies. Our study demonstrates that diseases are significantly correlated with gene modules expressed in pertinent cell types. Moreover, our methodology accurately predicts known drug-disease pairs and infers mechanisms of action. Additionally, we utilized a CRISPR screen to examine lipid regulation, revealing that functionally significant players, although lacking associations, are prioritized in trait-associated modules by PhenoPLIER. In conclusion, PhenoPLIER, by incorporating clusters of co-expressed genes, provides a unique framework for interpreting genetic associations, offering insights into potential targets that single-gene strategies may overlook.","[PASS] (1.00) In the field of functional genomics, understanding how genes interact and influence complex traits across different conditions is crucial for developing new therapies. However, a gap exists in our ability to accurately predict disease associations and infer drug mechanisms based on gene expression patterns. In this study, we introduce PhenoPLIER, a novel framework that incorporates groups of co-expressed genes to contextualize genetic associations. Our results demonstrate that diseases are significantly associated with gene modules expressed in relevant cell types, and PhenoPLIER accurately predicts known drug-disease pairs and infers mechanisms of action. Notably, using a CRISPR screen to analyze lipid regulation, we found that functionally important players, although lacking direct associations, are prioritized in trait-associated modules by PhenoPLIER. In conclusion, PhenoPLIER not only fills the gap in interpreting genetic associations through the lens of gene modules, but also reveals potential therapeutic targets that may be overlooked by single-gene strategies, thereby advancing our understanding of disease etiology and drug mechanisms.","genetic studies, functional genomics, gene co-expression, therapeutic targets, drug repurposing, clustering of complex traits","Genes act in concert with each other in specific contexts to perform their functions. Determining how these genes influence complex traits requires a mechanistic understanding of expression regulation across different conditions. It has been shown that this insight is critical for developing new therapies. Our results in this study show that diseases are significantly associated with gene modules expressed in relevant cell types, and our approach is accurate in predicting known drug-disease pairs and inferring mechanisms of action. Furthermore, using a CRISPR screen to analyze lipid regulation, we find that functionally important players lack associations but are prioritized in trait-associated modules by PhenoPLIER. In conclusion, by incorporating groups of co-expressed genes, PhenoPLIER can contextualize genetic associations and reveal potential targets missed by single-gene strategies. PhenoPLIER provides a novel framework for interpreting genetic associations through the lens of gene modules.",does not describe the method or approach proposed,Projecting genetic associations through gene expression patterns highlights disease etiology and drug mechanisms
"[FAIL] (0.89) Python code returned false
print(
  output.find(""PhenoPLIER"") < max(output.find(""CRISPR""), output.find(""lipid""), output.find(""drug-disease""), output.find(""players""))
)

---
Genes function synergistically within specific contexts to execute their roles. A comprehensive understanding of how these genes influence complex traits necessitates a mechanistic comprehension of expression regulation across varying conditions. This knowledge is pivotal for the development of novel therapies. Our study demonstrates that diseases are significantly correlated with gene modules expressed in pertinent cell types. Moreover, our methodology accurately predicts known drug-disease pairs and infers mechanisms of action. Additionally, we utilized a CRISPR screen to examine lipid regulation, revealing that functionally significant players, although lacking associations, are prioritized in trait-associated modules by PhenoPLIER. In summary, PhenoPLIER, by incorporating clusters of co-expressed genes, provides a unique framework for interpreting genetic associations, offering insights into potential targets overlooked by single-gene strategies.","[PASS] (1.00) In the field of functional genomics, understanding how genes collectively influence complex traits across different conditions is crucial for developing new therapies. However, a gap exists in our mechanistic understanding of gene expression regulation, particularly in the context of disease etiology and drug mechanisms. In this study, we address this gap by introducing PhenoPLIER, a novel framework that incorporates groups of co-expressed genes to contextualize genetic associations. Our results demonstrate that diseases are significantly associated with gene modules expressed in relevant cell types. Furthermore, PhenoPLIER accurately predicts known drug-disease pairs and infers mechanisms of action. In a specific application, using a CRISPR screen to analyze lipid regulation, we found that functionally important players, although lacking direct associations, are prioritized in trait-associated modules by PhenoPLIER. In conclusion, PhenoPLIER not only enhances our understanding of genetic associations through the lens of gene modules but also reveals potential therapeutic targets that may be overlooked by single-gene strategies. This approach could significantly advance the field of genetic studies by providing a more comprehensive view of disease etiology and drug mechanisms.","genetic studies, functional genomics, gene co-expression, therapeutic targets, drug repurposing, clustering of complex traits","Genes act in concert with each other in specific contexts to perform their functions. Determining how these genes influence complex traits requires a mechanistic understanding of expression regulation across different conditions. It has been shown that this insight is critical for developing new therapies. Our results in this study show that diseases are significantly associated with gene modules expressed in relevant cell types, and our approach is accurate in predicting known drug-disease pairs and inferring mechanisms of action. Furthermore, using a CRISPR screen to analyze lipid regulation, we find that functionally important players lack associations but are prioritized in trait-associated modules by PhenoPLIER. In conclusion, by incorporating groups of co-expressed genes, PhenoPLIER can contextualize genetic associations and reveal potential targets missed by single-gene strategies. PhenoPLIER provides a novel framework for interpreting genetic associations through the lens of gene modules.",does not describe the method or approach proposed,Projecting genetic associations through gene expression patterns highlights disease etiology and drug mechanisms
"[FAIL] (0.89) Python code returned false
print(
  output.find(""PhenoPLIER"") < max(output.find(""CRISPR""), output.find(""lipid""), output.find(""drug-disease""), output.find(""players""))
)

---
Genes function synergistically within specific contexts to execute their roles. A comprehensive understanding of how these genes influence complex traits necessitates a mechanistic comprehension of expression regulation across varying conditions. This knowledge is pivotal for the development of novel therapies. Our study demonstrates that diseases are significantly correlated with gene modules expressed in pertinent cell types. Moreover, our methodology accurately predicts known drug-disease pairs and infers mechanisms of action. Additionally, we utilized a CRISPR screen to examine lipid regulation, revealing that functionally significant players, although lacking associations, are prioritized in trait-associated modules by PhenoPLIER. In conclusion, PhenoPLIER, by incorporating clusters of co-expressed genes, provides a unique framework for interpreting genetic associations, contextualizing them, and uncovering potential targets overlooked by single-gene strategies.","[PASS] (1.00) In the field of functional genomics, understanding how genes interact and influence complex traits across different conditions is crucial for developing new therapies. However, a gap exists in our mechanistic understanding of gene expression regulation, particularly in the context of disease etiology and drug mechanisms. In this study, we address this gap by introducing PhenoPLIER, a novel framework that incorporates groups of co-expressed genes to contextualize genetic associations. Our results demonstrate that diseases are significantly associated with gene modules expressed in relevant cell types. Furthermore, PhenoPLIER accurately predicts known drug-disease pairs and infers mechanisms of action. In a specific application, using a CRISPR screen to analyze lipid regulation, we found that functionally important players, although lacking direct associations, are prioritized in trait-associated modules by PhenoPLIER. In conclusion, PhenoPLIER not only enhances our understanding of genetic associations through the lens of gene modules but also reveals potential therapeutic targets that may be overlooked by single-gene strategies. This approach, therefore, represents a significant advancement in genetic studies and drug repurposing, potentially transforming our approach to the clustering of complex traits.","genetic studies, functional genomics, gene co-expression, therapeutic targets, drug repurposing, clustering of complex traits","Genes act in concert with each other in specific contexts to perform their functions. Determining how these genes influence complex traits requires a mechanistic understanding of expression regulation across different conditions. It has been shown that this insight is critical for developing new therapies. Our results in this study show that diseases are significantly associated with gene modules expressed in relevant cell types, and our approach is accurate in predicting known drug-disease pairs and inferring mechanisms of action. Furthermore, using a CRISPR screen to analyze lipid regulation, we find that functionally important players lack associations but are prioritized in trait-associated modules by PhenoPLIER. In conclusion, by incorporating groups of co-expressed genes, PhenoPLIER can contextualize genetic associations and reveal potential targets missed by single-gene strategies. PhenoPLIER provides a novel framework for interpreting genetic associations through the lens of gene modules.",does not describe the method or approach proposed,Projecting genetic associations through gene expression patterns highlights disease etiology and drug mechanisms
"[FAIL] (0.89) Python code returned false
keywords = [""overall"", ""conclusion"", ""insight"", ""novel"", ""potential"", ""broader"", ""ultimately"", ""advancement"", ""valuable"", ""study""]
last_sentences = ""."".join(output.split(""."")[-3:]).lower()
print(
  any(s in last_sentences for s in keywords)
)

---
Genes function synergistically within specific contexts to perform their roles. A mechanistic comprehension of expression regulation across varying conditions is essential to understand how these genes influence complex traits. This understanding is vital for the development of new therapies. Transcriptome-wide association studies have been instrumental in revealing the role of individual genes in disease-related mechanisms. However, contemporary models of complex trait architecture suggest that interactions between genes are pivotal in the onset and progression of diseases. In this study, we present PhenoPLIER, a computational method that integrates gene-trait associations and pharmacological perturbation data into a unified latent representation for a comprehensive analysis. This representation is founded on modules of genes exhibiting similar expression patterns under identical conditions. We found that diseases are significantly associated with gene modules expressed in relevant cell types. Our method accurately predicts known drug-disease pairs and infers mechanisms of action. Moreover, using a CRISPR screen to examine lipid regulation, we discovered that functionally significant players, although lacking associations, are prioritized in trait-associated modules by PhenoPLIER.","[PASS] (1.00) The functional genomics field has made significant strides in understanding how individual genes influence complex traits and disease mechanisms, primarily through transcriptome-wide association studies. However, a gap remains in our understanding of gene-gene interactions and their role in disease origin and progression, which is predicted to be crucial by modern models of complex trait architecture. This study introduces PhenoPLIER, a novel computational approach designed to bridge this gap by mapping gene-trait associations and pharmacological perturbation data into a common latent representation for joint analysis. This representation is based on modules of genes exhibiting similar expression patterns across identical conditions. Our findings reveal that diseases are significantly associated with gene modules expressed in relevant cell types. PhenoPLIER accurately predicts known drug-disease pairs and infers mechanisms of action. Additionally, a CRISPR screen analysis of lipid regulation demonstrated that functionally important players, although lacking direct associations, are prioritized in trait-associated modules by PhenoPLIER. These results not only answer the question of gene-gene interaction's role in disease progression but also highlight PhenoPLIER's potential as a tool for identifying therapeutic targets and advancing drug repurposing efforts, thereby pushing the boundaries of functional genomics.","genetic studies, functional genomics, gene co-expression, therapeutic targets, drug repurposing, clustering of complex traits","Genes act in concert with each other in specific contexts to perform their functions. Determining how these genes influence complex traits requires a mechanistic understanding of expression regulation across different conditions. It has been shown that this insight is critical for developing new therapies. Transcriptome-wide association studies have helped uncover the role of individual genes in disease-relevant mechanisms. However, modern models of the architecture of complex traits predict that gene-gene interactions play a crucial role in disease origin and progression. Here we introduce PhenoPLIER, a computational approach that maps gene-trait associations and pharmacological perturbation data into a common latent representation for a joint analysis. This representation is based on modules of genes with similar expression patterns across the same conditions. We observe that diseases are significantly associated with gene modules expressed in relevant cell types, and our approach is accurate in predicting known drug-disease pairs and inferring mechanisms of action. Furthermore, using a CRISPR screen to analyze lipid regulation, we find that functionally important players lack associations but are prioritized in trait-associated modules by PhenoPLIER.",does not provide an interpretation of the results and their implications,Projecting genetic associations through gene expression patterns highlights disease etiology and drug mechanisms
"[FAIL] (0.89) Python code returned false
keywords = [""overall"", ""conclusion"", ""insight"", ""novel"", ""potential"", ""broader"", ""ultimately"", ""advancement"", ""valuable"", ""study""]
last_sentences = ""."".join(output.split(""."")[-3:]).lower()
print(
  any(s in last_sentences for s in keywords)
)

---
Genes function synergistically within specific contexts to execute their roles. A comprehensive understanding of how these genes influence complex traits necessitates a mechanistic comprehension of expression regulation across varying conditions. This knowledge is pivotal for the development of novel therapies. Transcriptome-wide association studies have been instrumental in elucidating the role of individual genes in disease-related mechanisms. However, contemporary models of complex trait architecture suggest that interactions between genes are integral to the onset and progression of diseases. In this study, we present PhenoPLIER, a computational method that integrates gene-trait associations and pharmacological perturbation data into a unified latent representation for a combined analysis. This representation is predicated on modules of genes exhibiting similar expression patterns under identical conditions. We found that diseases are significantly associated with gene modules expressed in relevant cell types. Our method accurately predicts known drug-disease pairs and infers mechanisms of action. Moreover, using a CRISPR screen to investigate lipid regulation, we discovered that functionally significant players, although lacking associations, are prioritized in trait-associated modules by PhenoPLIER.","[PASS] (1.00) In the field of functional genomics, understanding how genes interact and influence complex traits is crucial for developing new therapies. While transcriptome-wide association studies have shed light on the role of individual genes in disease mechanisms, current models suggest that gene-gene interactions are pivotal in disease onset and progression. However, a gap exists in our mechanistic understanding of gene expression regulation across different conditions, particularly in the context of these interactions. To address this, we introduce PhenoPLIER, a novel computational approach that integrates gene-trait associations and pharmacological perturbation data into a unified latent representation for joint analysis. This representation is founded on modules of genes exhibiting similar expression patterns across identical conditions. Our results reveal significant associations between diseases and gene modules expressed in relevant cell types. PhenoPLIER accurately predicts known drug-disease pairs and infers mechanisms of action. Moreover, a CRISPR screen analysis of lipid regulation demonstrated that functionally important genes, although lacking direct associations, are prioritized in trait-associated modules by PhenoPLIER. These findings not only enhance our understanding of disease etiology and drug mechanisms but also highlight the potential of PhenoPLIER as a tool for identifying therapeutic targets and facilitating drug repurposing.","genetic studies, functional genomics, gene co-expression, therapeutic targets, drug repurposing, clustering of complex traits","Genes act in concert with each other in specific contexts to perform their functions. Determining how these genes influence complex traits requires a mechanistic understanding of expression regulation across different conditions. It has been shown that this insight is critical for developing new therapies. Transcriptome-wide association studies have helped uncover the role of individual genes in disease-relevant mechanisms. However, modern models of the architecture of complex traits predict that gene-gene interactions play a crucial role in disease origin and progression. Here we introduce PhenoPLIER, a computational approach that maps gene-trait associations and pharmacological perturbation data into a common latent representation for a joint analysis. This representation is based on modules of genes with similar expression patterns across the same conditions. We observe that diseases are significantly associated with gene modules expressed in relevant cell types, and our approach is accurate in predicting known drug-disease pairs and inferring mechanisms of action. Furthermore, using a CRISPR screen to analyze lipid regulation, we find that functionally important players lack associations but are prioritized in trait-associated modules by PhenoPLIER.",does not provide an interpretation of the results and their implications,Projecting genetic associations through gene expression patterns highlights disease etiology and drug mechanisms
"[FAIL] (0.89) Python code returned false
keywords = [""overall"", ""conclusion"", ""insight"", ""novel"", ""potential"", ""broader"", ""ultimately"", ""advancement"", ""valuable"", ""study""]
last_sentences = ""."".join(output.split(""."")[-3:]).lower()
print(
  any(s in last_sentences for s in keywords)
)

---
Genes function synergistically within specific contexts to perform their roles. A comprehensive understanding of how these genes influence complex traits necessitates a mechanistic comprehension of expression regulation across varying conditions. This knowledge is pivotal for the development of new therapeutic strategies. Transcriptome-wide association studies have been instrumental in revealing the role of individual genes in disease-related mechanisms. However, contemporary models of complex trait architecture suggest that interactions between genes are integral to the onset and progression of diseases. In this study, we present PhenoPLIER, a computational method that integrates gene-trait associations and pharmacological perturbation data into a unified latent representation for combined analysis. This representation is founded on modules of genes exhibiting similar expression patterns under identical conditions. We found that diseases are significantly associated with gene modules expressed in relevant cell types. Our method accurately predicts known drug-disease pairs and infers mechanisms of action. Moreover, using a CRISPR screen to examine lipid regulation, we discovered that functionally significant players, although lacking associations, are prioritized in trait-associated modules by PhenoPLIER.","[PASS] (1.00) In the field of functional genomics, understanding how genes interact and influence complex traits is crucial for developing new therapies. While transcriptome-wide association studies have shed light on the role of individual genes in disease mechanisms, current models suggest that gene-gene interactions are pivotal in disease onset and progression. This highlights a gap in our understanding of the regulatory mechanisms of gene expression across different conditions. To address this, we introduce PhenoPLIER, a computational approach that integrates gene-trait associations and pharmacological perturbation data into a unified latent representation for joint analysis. This representation is based on modules of genes exhibiting similar expression patterns under the same conditions. Our findings reveal that diseases are significantly associated with gene modules expressed in relevant cell types. PhenoPLIER accurately predicts known drug-disease pairs and infers mechanisms of action. Moreover, a CRISPR screen analysis of lipid regulation demonstrated that functionally important genes, although lacking direct associations, are prioritized in trait-associated modules by PhenoPLIER. These findings not only enhance our understanding of disease etiology but also provide a novel approach for identifying potential therapeutic targets and drug repurposing opportunities, thereby advancing the field of genetic studies.","genetic studies, functional genomics, gene co-expression, therapeutic targets, drug repurposing, clustering of complex traits","Genes act in concert with each other in specific contexts to perform their functions. Determining how these genes influence complex traits requires a mechanistic understanding of expression regulation across different conditions. It has been shown that this insight is critical for developing new therapies. Transcriptome-wide association studies have helped uncover the role of individual genes in disease-relevant mechanisms. However, modern models of the architecture of complex traits predict that gene-gene interactions play a crucial role in disease origin and progression. Here we introduce PhenoPLIER, a computational approach that maps gene-trait associations and pharmacological perturbation data into a common latent representation for a joint analysis. This representation is based on modules of genes with similar expression patterns across the same conditions. We observe that diseases are significantly associated with gene modules expressed in relevant cell types, and our approach is accurate in predicting known drug-disease pairs and inferring mechanisms of action. Furthermore, using a CRISPR screen to analyze lipid regulation, we find that functionally important players lack associations but are prioritized in trait-associated modules by PhenoPLIER.",does not provide an interpretation of the results and their implications,Projecting genetic associations through gene expression patterns highlights disease etiology and drug mechanisms
"[FAIL] (0.89) Python code returned false
keywords = [""overall"", ""conclusion"", ""insight"", ""novel"", ""potential"", ""broader"", ""ultimately"", ""advancement"", ""valuable"", ""study""]
last_sentences = ""."".join(output.split(""."")[-3:]).lower()
print(
  any(s in last_sentences for s in keywords)
)

---
Genes function collaboratively within specific contexts to perform their roles. A mechanistic comprehension of expression regulation across varying conditions is essential to understand how these genes impact complex traits. This understanding is vital for the development of new therapies. Transcriptome-wide association studies have been instrumental in revealing the role of individual genes in mechanisms relevant to disease. However, contemporary models of complex trait architecture suggest that interactions between genes are pivotal in the onset and progression of diseases. In this study, we present PhenoPLIER, a computational method that integrates gene-trait associations and pharmacological perturbation data into a unified latent representation for combined analysis. This representation is founded on modules of genes exhibiting similar expression patterns under identical conditions. We found that diseases are significantly linked with gene modules expressed in relevant cell types. Our method accurately predicts known drug-disease pairs and infers mechanisms of action. Moreover, using a CRISPR screen to examine lipid regulation, we discovered that functionally significant players, although lacking associations, are prioritized in trait-associated modules by PhenoPLIER.","[FAIL] (0.89) Python code returned false
keywords = [""overall"", ""conclusion"", ""insight"", ""novel"", ""potential"", ""broader"", ""ultimately"", ""advancement"", ""valuable"", ""study""]
last_sentences = ""."".join(output.split(""."")[-3:]).lower()
print(
  any(s in last_sentences for s in keywords)
)

---
The complex interplay of genes and their role in disease etiology and progression is a critical area of study, yet our understanding of gene-gene interactions and their influence on complex traits remains incomplete. This gap in knowledge hinders the development of new therapies, despite advances in transcriptome-wide association studies that have elucidated the role of individual genes in disease mechanisms. To address this, we introduce PhenoPLIER, a novel computational approach that integrates gene-trait associations and pharmacological perturbation data into a unified latent representation for joint analysis. This representation is predicated on modules of genes exhibiting similar expression patterns across identical conditions. Our findings reveal that diseases are significantly associated with gene modules expressed in relevant cell types. PhenoPLIER accurately predicts known drug-disease pairs and infers mechanisms of action. Moreover, a CRISPR screen analysis of lipid regulation demonstrated that functionally important players, although lacking direct associations, are prioritized in trait-associated modules by PhenoPLIER. This research not only fills a critical gap in our understanding of gene-gene interactions and complex trait architecture, but also provides a powerful tool for identifying therapeutic targets and advancing drug repurposing efforts.","genetic studies, functional genomics, gene co-expression, therapeutic targets, drug repurposing, clustering of complex traits","Genes act in concert with each other in specific contexts to perform their functions. Determining how these genes influence complex traits requires a mechanistic understanding of expression regulation across different conditions. It has been shown that this insight is critical for developing new therapies. Transcriptome-wide association studies have helped uncover the role of individual genes in disease-relevant mechanisms. However, modern models of the architecture of complex traits predict that gene-gene interactions play a crucial role in disease origin and progression. Here we introduce PhenoPLIER, a computational approach that maps gene-trait associations and pharmacological perturbation data into a common latent representation for a joint analysis. This representation is based on modules of genes with similar expression patterns across the same conditions. We observe that diseases are significantly associated with gene modules expressed in relevant cell types, and our approach is accurate in predicting known drug-disease pairs and inferring mechanisms of action. Furthermore, using a CRISPR screen to analyze lipid regulation, we find that functionally important players lack associations but are prioritized in trait-associated modules by PhenoPLIER.",does not provide an interpretation of the results and their implications,Projecting genetic associations through gene expression patterns highlights disease etiology and drug mechanisms
"[FAIL] (0.89) Python code returned false
keywords = [""overall"", ""conclusion"", ""insight"", ""novel"", ""potential"", ""broader"", ""ultimately"", ""advancement"", ""valuable"", ""study""]
last_sentences = ""."".join(output.split(""."")[-3:]).lower()
print(
  any(s in last_sentences for s in keywords)
)

---
Genes function synergistically within specific contexts to perform their roles. A comprehensive understanding of how these genes influence complex traits necessitates a mechanistic comprehension of expression regulation across varying conditions. This knowledge is vital for the development of new therapeutic strategies. Transcriptome-wide association studies have been instrumental in revealing the role of individual genes in disease-related mechanisms. However, contemporary models of complex trait architecture suggest that interactions between genes are pivotal in the onset and progression of diseases. In this study, we present PhenoPLIER, a computational method that integrates gene-trait associations and pharmacological perturbation data into a unified latent representation for combined analysis. This representation is founded on modules of genes exhibiting similar expression patterns under identical conditions. We found that diseases are significantly associated with gene modules expressed in relevant cell types. Our method accurately predicts known drug-disease pairs and infers mechanisms of action. Moreover, using a CRISPR screen to examine lipid regulation, we discovered that functionally significant players, although lacking associations, are prioritized in trait-associated modules by PhenoPLIER.","[PASS] (1.00) While genes operate synergistically in specific contexts to perform their functions, understanding their influence on complex traits necessitates a comprehensive grasp of expression regulation across varying conditions. This understanding is pivotal for the development of new therapies. Although transcriptome-wide association studies have shed light on the role of individual genes in disease-related mechanisms, contemporary models of complex trait architecture suggest that gene-gene interactions are instrumental in disease onset and progression. Addressing this gap, we introduce PhenoPLIER, a computational approach that amalgamates gene-trait associations and pharmacological perturbation data into a unified latent representation for joint analysis. This representation is predicated on modules of genes exhibiting similar expression patterns across identical conditions. Our findings reveal that diseases are significantly associated with gene modules expressed in relevant cell types. Moreover, PhenoPLIER accurately predicts known drug-disease pairs and infers mechanisms of action. Further, a CRISPR screen analysis of lipid regulation indicates that functionally significant players, although lacking associations, are prioritized in trait-associated modules by PhenoPLIER. This study not only enhances our understanding of gene-gene interactions in disease etiology but also provides a novel approach for identifying potential therapeutic targets and drug repurposing opportunities.","genetic studies, functional genomics, gene co-expression, therapeutic targets, drug repurposing, clustering of complex traits","Genes act in concert with each other in specific contexts to perform their functions. Determining how these genes influence complex traits requires a mechanistic understanding of expression regulation across different conditions. It has been shown that this insight is critical for developing new therapies. Transcriptome-wide association studies have helped uncover the role of individual genes in disease-relevant mechanisms. However, modern models of the architecture of complex traits predict that gene-gene interactions play a crucial role in disease origin and progression. Here we introduce PhenoPLIER, a computational approach that maps gene-trait associations and pharmacological perturbation data into a common latent representation for a joint analysis. This representation is based on modules of genes with similar expression patterns across the same conditions. We observe that diseases are significantly associated with gene modules expressed in relevant cell types, and our approach is accurate in predicting known drug-disease pairs and inferring mechanisms of action. Furthermore, using a CRISPR screen to analyze lipid regulation, we find that functionally important players lack associations but are prioritized in trait-associated modules by PhenoPLIER.",does not provide an interpretation of the results and their implications,Projecting genetic associations through gene expression patterns highlights disease etiology and drug mechanisms
