"{""raw"":""You are a scientist with copy-editing skills who will help in improving the text of a manuscript with title '{{ title }}' and keywords '{{ keywords }}'. Revise the following abstract of this manuscript.\n\nInput paragraph: {{ paragraph }}\n\nRevised paragraph:"",""display"":""/home/miltondp/projects/others/manubot/manubot-ai-editor-evals/abstract/phenoplier/prompts/baseline.txt"",""id"":""e1a57a9264776c29f043b96cf25a9c6b38b059a85043459f545fc3392e2dcf4c"",""metrics"":{""score"":17.66666666666667,""testPassCount"":3,""testFailCount"":17,""assertPassCount"":159,""assertFailCount"":21,""totalLatencyMs"":107960,""tokenUsage"":{""total"":0,""prompt"":0,""completion"":0,""cached"":0},""namedScores"":{}}}","{""raw"":""You are a scientist with copy-editing skills who will help in improving the text of a manuscript with title '{{ title }}' and keywords '{{ keywords }}'. Revise the following abstract of this manuscript, so it has a clear sentence structure and follows a context-content-conclusion (C-C-C) scheme and fits in a single paragraph. Make changes only when they are absolutely necessary to follow the C-C-C scheme. Under the C-C-C scheme, the abstract must follow the following structure: 1) The context must communicate to the reader what gap the paper will fill. The first sentence orients the reader by introducing the broader field in which the particular research is situated. Then, this context is narrowed until it lands on the open question that the research answered. A successful context section sets the stage for distinguishing the paperâ€™s contributions from the current state of the art by communicating what is missing in the literature (i.e., the specific gap) and why that matters (i.e., the connection between the specific gap and the broader context that the paper opened with); 2) The content (\""Here we\"") first describes the novel method or approach that you used to fill the gap or question. Then you present the meatâ€”your executive summary of the results; 3) Finally, the conclusion interprets the results to answer the question that was posed at the end of the context section. There is often a second part to the conclusion section that highlights how this conclusion moves the broader field forward (i.e., \""broader significance\"").\n\nInput paragraph: {{ paragraph }}\n\nRevised paragraph:"",""display"":""/home/miltondp/projects/others/manubot/manubot-ai-editor-evals/abstract/phenoplier/prompts/candidate.txt"",""id"":""0f5d561555c25e8d2190ab31964c7226ce27388741d7951aebeb28761ec0ff57"",""metrics"":{""score"":19.333333333333336,""testPassCount"":14,""testFailCount"":6,""assertPassCount"":174,""assertFailCount"":6,""totalLatencyMs"":94687,""tokenUsage"":{""total"":0,""prompt"":0,""completion"":0,""cached"":0},""namedScores"":{}}}",keywords,paragraph,test_description,title
"[FAIL] (0.89) Python code returned false
print(output.strip()[-1] == ""."")

---
 Genes operate in concert with one another in specific contexts to carry out their functions. Understanding how these genes influence complex traits necessitates an appreciation of expression regulation across different conditions. This knowledge is vital for the development of innovative therapies. Transcriptome-wide association studies have helped elucidate the role of individual genes in disease-related mechanisms. However, contemporary models of complex trait architecture suggest that gene-gene interactions play a crucial role in disease etiology and progression. Here, we introduce PhenoPLIER, a computational approach that maps gene-trait associations and pharmacological perturbation data into a shared latent representation for joint analysis. This representation is based on modules of genes with similar expression patterns across the same conditions. We find that diseases are significantly associated with gene modules expressed in relevant cell types, and our method accurately predicts known drug-disease pairs and elucidates mechanisms of action. Moreover, using a CRISPR screen to analyze lipid regulation, we discover that functionally important players lack associations but are prioritized in trait-associated modules by PhenoPLIER. In conclusion, by incorporating groups of co-expressed genes, PhenoPLIER can contextualize genetic associations and reveal potential targets missed by single-gene strategies. PhenoPLIER offers a novel framework for interpreting genetic associations through the lens of gene modules, with applications in disease etiology, drug mechanisms, and therapeutic target identification.

Keywords: genetic studies, functional genomics, gene co-expression, therapeutic targets, drug repurposing, clustering of complex traits","[FAIL] (0.89) Python code returned false
print(output.strip()[-1] == ""."")

---
 Genetic studies have traditionally focused on understanding the role of individual genes in complex traits and diseases, but modern models suggest that gene-gene interactions are crucial in disease origin and progression. Despite this, current methods have not yet effectively addressed these interplays. Here, we introduce PhenoPLIER, a computational approach that maps gene-trait associations and pharmacological perturbation data into a common latent representation for joint analysis. This representation is based on modules of genes with similar expression patterns across the same conditions, allowing diseases to be significantly associated with gene modules expressed in relevant cell types. Our approach is accurate in predicting known drug-disease pairs and inferring mechanisms of action. Furthermore, using a CRISPR screen to analyze lipid regulation, we find that functionally important players lacking associations are prioritized in trait-associated modules by PhenoPLIER. In conclusion, incorporating groups of co-expressed genes enables PhenoPLIER to contextualize genetic associations and reveal potential targets missed by single-gene strategies, providing a novel framework for interpreting genetic associations through the lens of gene modules.

Keywords: genetic studies, functional genomics, gene co-expression, therapeutic targets, drug repurposing, clustering of complex traits","genetic studies, functional genomics, gene co-expression, therapeutic targets, drug repurposing, clustering of complex traits","Genes act in concierto with each other in specifico contexts to perform their functions. Determining how these genes influence complex traits requires a mechanistic understanding of expression regulation across different conditions. It has been shown that this insight is critical for developing new therapies. Transcriptome-wide association studies have helped uncover the role of individual genes in disease-relevant mechanisms. However, modern models of the architecture of complex traits predict that gene-gene interactions play a crucial role in disease origin and progression. Here we introduce PhenoPLIER, a computational approach that maps gene-trait associations and pharmacological perturbation data into a common latent representation for a joint analysis. This representation is base on modules of genes with similar expression patterns across the same conditions. We observe that diseases are significantl associated with gene modules expressed in relevant cell types, and our approach is accurate in predicting known drug-disease pairs and inferring mechanisms of action. Furthermore using a CRISPR screen to analyze lipid regulation, we find that functionally important players lack associations but are prioritized in trait-associated modules by PhenoPLIER. In conclusion, by incorporating, groups of co-expressed genes, PhenoPLIER can contextualize genetic associations and reveal, potential targets missed by single-gene strategies. PhenoPLIER provides a novel framework for interpreting genetic associations through the lens of gene modules.",spelling/grammar errors,Projecting genetic associations through gene expression patterns highlights disease etiology and drug mechanisms
"[PASS] (1.00)  Genes collaborate in specific contexts to execute their functions, and understanding how they influence complex traits necessitates insight into expression regulation across various conditions. This knowledge is crucial for the development of new therapies. While transcriptome-wide association studies have revealed the roles of individual genes in disease-relevant mechanisms, modern models suggest that gene-gene interactions play a pivotal role in disease onset and progression. To address this gap, we introduce PhenoPLIER, a computational approach that integrates gene-trait associations and pharmacological perturbation data into a common latent representation for joint analysis. This representation is based on modules of genes with similar expression patterns across the same conditions. We find that diseases are significantly associated with gene modules expressed in relevant cell types, and PhenoPLIER accurately predicts known drug-disease pairs and elucidates mechanisms of action. In a CRISPR screen examining lipid regulation, we discover that functionally significant players lack associations but are prioritized within trait-associated modules by PhenoPLIER. In summary, by incorporating co-expressed gene groups, PhenoPLIER contextualizes genetic associations and identifies potential targets missed by single-gene strategies. PhenoPLIER offers a novel framework for interpreting genetic associations through the lens of gene modules, shedding light on disease etiology and drug mechanisms.","[PASS] (1.00)  In the complex interplay of genes, understanding how they influence traits requires insight into expression regulation across varying conditions, which is crucial for therapy development. While transcriptome-wide association studies have shed light on individual gene roles in disease mechanisms, modern models predict that gene-gene interactions are pivotal in determining disease origin and progression. Here, we present PhenoPLIER, a computational approach that combines gene-trait associations and pharmacological perturbation data into a shared latent representation for joint analysis. This representation is built on modules of genes with similar expression patterns across the same conditions. We observe that diseases are significantly associated with gene modules expressed in relevant cell types, and PhenoPLIER accurately predicts known drug-disease pairs and mechanisms of action. Moreover, using a CRISPR screen for lipid regulation, we discover that functionally significant players lack associations but are prioritized in trait-associated modules by PhenoPLIER. In conclusion, by incorporating groups of co-expressed genes, PhenoPLIER can contextualize genetic associations and reveal potential targets missed by single-gene strategies, providing a novel framework for interpreting genetic associations through gene modules' lens.","genetic studies, functional genomics, gene co-expression, therapeutic targets, drug repurposing, clustering of complex traits","Genes act in concierto with each other in specifico contexts to perform their functions. Determining how these genes influence complex traits requires a mechanistic understanding of expression regulation across different conditions. It has been shown that this insight is critical for developing new therapies. Transcriptome-wide association studies have helped uncover the role of individual genes in disease-relevant mechanisms. However, modern models of the architecture of complex traits predict that gene-gene interactions play a crucial role in disease origin and progression. Here we introduce PhenoPLIER, a computational approach that maps gene-trait associations and pharmacological perturbation data into a common latent representation for a joint analysis. This representation is base on modules of genes with similar expression patterns across the same conditions. We observe that diseases are significantl associated with gene modules expressed in relevant cell types, and our approach is accurate in predicting known drug-disease pairs and inferring mechanisms of action. Furthermore using a CRISPR screen to analyze lipid regulation, we find that functionally important players lack associations but are prioritized in trait-associated modules by PhenoPLIER. In conclusion, by incorporating, groups of co-expressed genes, PhenoPLIER can contextualize genetic associations and reveal, potential targets missed by single-gene strategies. PhenoPLIER provides a novel framework for interpreting genetic associations through the lens of gene modules.",spelling/grammar errors,Projecting genetic associations through gene expression patterns highlights disease etiology and drug mechanisms
"[FAIL] (0.89) Python code returned false
print(output.strip()[-1] == ""."")

---
 Genes collaborate intricately in specific contexts to perform their functions, and understanding how these genes influence complex traits necessitates an analysis of expression regulation across various conditions. This insight is crucial for the development of new therapies. Transcriptome-wide association studies have aided in elucidating the role of individual genes in disease-related mechanisms; however, contemporary models suggest that gene-gene interactions play a pivotal role in the origins and progression of diseases. In this study, we present PhenoPLIER, a computational approach that integrates gene-trait associations and pharmacological perturbation data into a shared latent representation for joint analysis. This representation is based on modules of genes with similar expression patterns across the same conditions. We find that diseases are significantly associated with gene modules expressed in relevant cell types, and PhenoPLIER accurately predicts known drug-disease pairs and infers mechanisms of action. Utilizing a CRISPR screen to analyze lipid regulation, we discover that functionally important players lack associations but are prioritized in trait-associated modules by PhenoPLIER. In summary, PhenoPLIER contextualizes genetic associations by incorporating groups of co-expressed genes, revealing potential targets missed by single-gene strategies. PhenoPLIER offers a novel framework for interpreting genetic associations through the lens of gene modules, highlighting disease etiology and drug mechanisms.

Keywords: Genetic Studies, Functional Genomics, Gene Co-Expression, Therapeutic Targets, Drug Repurposing, Clustering of Complex Traits","[PASS] (1.00)  Understanding the complex interplay of genes is crucial for elucidating the mechanisms underlying disease etiology and therapeutic targets. While transcriptome-wide association studies have provided valuable insights into individual gene roles in disease-related processes, modern theories suggest that gene-gene interactions play a pivotal role in disease initiation and progression. Here, we introduce PhenoPLIER, a computational approach that combines gene-trait associations and pharmacological perturbation data into a single latent representation for joint analysis. This approach is grounded in modules of genes with similar expression patterns across various conditions. We demonstrate that diseases are significantly associated with gene modules expressed in relevant cell types, and our method accurately predicts known drug-disease pairs and elucidates mechanisms of action. Furthermore, using a CRISPR screen to analyze lipid regulation, we find that functionally significant players lack associations but are prioritized within trait-associated modules by PhenoPLIER. In conclusion, PhenoPLIER's integration of co-expressed gene groups enables the contextualization of genetic associations and reveals potential targets overlooked by single-gene approaches, providing a novel framework for interpreting genetic associations through the lens of gene modules.","genetic studies, functional genomics, gene co-expression, therapeutic targets, drug repurposing, clustering of complex traits","Genes act in concierto with each other in specifico contexts to perform their functions. Determining how these genes influence complex traits requires a mechanistic understanding of expression regulation across different conditions. It has been shown that this insight is critical for developing new therapies. Transcriptome-wide association studies have helped uncover the role of individual genes in disease-relevant mechanisms. However, modern models of the architecture of complex traits predict that gene-gene interactions play a crucial role in disease origin and progression. Here we introduce PhenoPLIER, a computational approach that maps gene-trait associations and pharmacological perturbation data into a common latent representation for a joint analysis. This representation is base on modules of genes with similar expression patterns across the same conditions. We observe that diseases are significantl associated with gene modules expressed in relevant cell types, and our approach is accurate in predicting known drug-disease pairs and inferring mechanisms of action. Furthermore using a CRISPR screen to analyze lipid regulation, we find that functionally important players lack associations but are prioritized in trait-associated modules by PhenoPLIER. In conclusion, by incorporating, groups of co-expressed genes, PhenoPLIER can contextualize genetic associations and reveal, potential targets missed by single-gene strategies. PhenoPLIER provides a novel framework for interpreting genetic associations through the lens of gene modules.",spelling/grammar errors,Projecting genetic associations through gene expression patterns highlights disease etiology and drug mechanisms
"[FAIL] (0.89) Python code returned false
paragraph = context[""vars""][""paragraph""]
print(
  (len(output) > 0.6 * len(paragraph)) and (len(output) < 1.4 * len(paragraph))
)

---
 Genes function in concert with one another within specific contexts to perform their roles. Understanding how these genes impact complex traits necessitates a mechanistic comprehension of expression regulation across various conditions. This insight is crucial for the development of novel therapies. Transcriptome-wide association studies have helped elucidate the role of individual genes in disease-related mechanisms; however, modern models of complex trait architecture predict that gene-gene interactions play a pivotal role in disease onset and progression. In this study, we introduce PhenoPLIER, a computational approach that integrates gene-trait associations and pharmacological perturbation data into a shared latent representation for joint analysis. This representation is based on modules of genes with similar expression patterns across the same conditions. We find that diseases are significantly associated with gene modules expressed in relevant cell types, and our method accurately predicts known drug-disease pairs and infers mechanisms of action. Additionally, using a CRISPR screen to analyze lipid regulation, we discover that functionally important players lack associations but are prioritized in trait-associated modules by PhenoPLIER. In summary, by incorporating groups of co-expressed genes, PhenoPLIER can contextualize genetic associations and reveal potential targets missed by single-gene strategies. PhenoPLIER offers a novel framework for interpreting genetic associations through the lens of gene modules, shedding light on disease etiology and drug mechanisms.

In this revised abstract, I have made several changes to improve clarity and coherence. Firstly, I rephrased the opening sentence to better emphasize the importance of understanding gene interactions in complex traits. Secondly, I clarified the role of PhenoPLIER in mapping gene-trait associations and pharmacological perturbation data into a common latent representation. Thirdly, I revised the sentence about the association between diseases and gene modules to be more concise and clear. Finally, I rephrased the conclusion to highlight the potential benefits of PhenoPLIER in revealing missed targets and providing a novel framework for interpreting genetic associations.","[PASS] (1.00)  In the complex interplay of genes, their expression patterns are critical in understanding how they contribute to specific traits and diseases. Although transcriptome-wide association studies have shed light on individual gene roles in disease mechanisms, modern architectural models suggest that gene-gene interactions play a pivotal role in disease origin and progression. To address this gap, we introduce PhenoPLIER, a computational approach that maps gene-trait associations and pharmacological perturbation data into a common latent representation for joint analysis. This representation is based on modules of genes with similar expression patterns across the same conditions. Our results show that diseases are significantly associated with gene modules expressed in relevant cell types, and PhenoPLIER accurately predicts known drug-disease pairs and infers mechanisms of action. Moreover, using a CRISPR screen to analyze lipid regulation, we find that functionally important players lack associations but are prioritized in trait-associated modules by PhenoPLIER. In conclusion, PhenoPLIER's ability to incorporate groups of co-expressed genes allows for contextualizing genetic associations and revealing potential targets missed by single-gene strategies. PhenoPLIER offers a novel framework for interpreting genetic associations through the lens of gene modules, thereby advancing our understanding of disease etiology and drug mechanisms.","genetic studies, functional genomics, gene co-expression, therapeutic targets, drug repurposing, clustering of complex traits","Genes act in concierto with each other in specifico contexts to perform their functions. Determining how these genes influence complex traits requires a mechanistic understanding of expression regulation across different conditions. It has been shown that this insight is critical for developing new therapies. Transcriptome-wide association studies have helped uncover the role of individual genes in disease-relevant mechanisms. However, modern models of the architecture of complex traits predict that gene-gene interactions play a crucial role in disease origin and progression. Here we introduce PhenoPLIER, a computational approach that maps gene-trait associations and pharmacological perturbation data into a common latent representation for a joint analysis. This representation is base on modules of genes with similar expression patterns across the same conditions. We observe that diseases are significantl associated with gene modules expressed in relevant cell types, and our approach is accurate in predicting known drug-disease pairs and inferring mechanisms of action. Furthermore using a CRISPR screen to analyze lipid regulation, we find that functionally important players lack associations but are prioritized in trait-associated modules by PhenoPLIER. In conclusion, by incorporating, groups of co-expressed genes, PhenoPLIER can contextualize genetic associations and reveal, potential targets missed by single-gene strategies. PhenoPLIER provides a novel framework for interpreting genetic associations through the lens of gene modules.",spelling/grammar errors,Projecting genetic associations through gene expression patterns highlights disease etiology and drug mechanisms
"[PASS] (1.00)  In a concerted manner, genes interact with one another in specific contexts to perform their functions. Understanding how these genes influence complex traits necessitates an in-depth understanding of expression regulation across diverse conditions. This insight is pivotal for the development of new therapies. Transcriptome-wide association studies have helped elucidate the role of individual genes in disease-related mechanisms; however, modern models of complex trait architecture predict that gene-gene interactions play a vital role in disease origin and progression. Here, we introduce PhenoPLIER, a computational approach that maps gene-trait associations and pharmacological perturbation data into a shared latent representation for joint analysis. This representation is based on modules of co-expressed genes across the same conditions. We find that diseases are significantly associated with gene modules expressed in relevant cell types, and our approach accurately predicts known drug-disease pairs and elucidates mechanisms of action. Furthermore, using a CRISPR screen to analyze lipid regulation, we discover that functionally important players lack associations but are prioritized in trait-associated modules by PhenoPLIER. In conclusion, by incorporating groups of co-expressed genes, PhenoPLIER can contextualize genetic associations and reveal potential targets missed by single-gene strategies. PhenoPLIER offers a novel framework for interpreting genetic associations through the lens of gene modules, providing new insights into disease etiology and drug mechanisms.","[PASS] (1.00)  The study of genes and their interactions in specific contexts is essential for understanding their roles in influencing complex traits and developing new therapies. Transcriptome-wide association studies have contributed to the identification of individual genes associated with disease-relevant mechanisms, but modern models suggest that gene-gene interactions play a crucial role in disease origin and progression. Here, we introduce PhenoPLIER, a computational approach that maps gene-trait associations and pharmacological perturbation data into a common latent representation for joint analysis. This representation is based on modules of genes with similar expression patterns across the same conditions. We find that diseases are significantly associated with gene modules expressed in relevant cell types, and our approach accurately predicts known drug-disease pairs and infers mechanisms of action. Furthermore, using a CRISPR screen to analyze lipid regulation, we observe that functionally important players lack associations but are prioritized in trait-associated modules by PhenoPLIER. In conclusion, by incorporating groups of co-expressed genes, PhenoPLIER can contextualize genetic associations and reveal potential targets missed by single-gene strategies. PhenoPLIER provides a novel framework for interpreting genetic associations through the lens of gene modules, offering valuable insights into disease etiology and drug mechanisms.","genetic studies, functional genomics, gene co-expression, therapeutic targets, drug repurposing, clustering of complex traits","Genes act in concierto with each other in specifico contexts to perform their functions. Determining how these genes influence complex traits requires a mechanistic understanding of expression regulation across different conditions. It has been shown that this insight is critical for developing new therapies. Transcriptome-wide association studies have helped uncover the role of individual genes in disease-relevant mechanisms. However, modern models of the architecture of complex traits predict that gene-gene interactions play a crucial role in disease origin and progression. Here we introduce PhenoPLIER, a computational approach that maps gene-trait associations and pharmacological perturbation data into a common latent representation for a joint analysis. This representation is base on modules of genes with similar expression patterns across the same conditions. We observe that diseases are significantl associated with gene modules expressed in relevant cell types, and our approach is accurate in predicting known drug-disease pairs and inferring mechanisms of action. Furthermore using a CRISPR screen to analyze lipid regulation, we find that functionally important players lack associations but are prioritized in trait-associated modules by PhenoPLIER. In conclusion, by incorporating, groups of co-expressed genes, PhenoPLIER can contextualize genetic associations and reveal, potential targets missed by single-gene strategies. PhenoPLIER provides a novel framework for interpreting genetic associations through the lens of gene modules.",spelling/grammar errors,Projecting genetic associations through gene expression patterns highlights disease etiology and drug mechanisms
"[FAIL] (0.89) Python code returned false
print(
  ""PhenoPLIER"" not in output.split(""."")[0]
)

---
 We present PhenoPLIER, a novel computational approach that integrates gene-trait associations and pharmacological perturbation data into a shared latent representation for comprehensive analysis. Genes work collaboratively in specific contexts to perform their functions, necessitating an understanding of expression regulation across different conditions to elucidate the role of these genes in complex traits. This insight is vital for developing novel therapies. Transcriptome-wide association studies have shed light on the role of individual genes in disease-related mechanisms. However, contemporary models of complex trait architecture suggest that gene-gene interactions play a crucial role in disease onset and progression. PhenoPLIER's representation is built upon modules of co-expressed genes across similar conditions. We find that diseases are significantly linked to gene modules expressed in relevant cell types, and our approach effectively predicts known drug-disease pairs and elucidates mechanisms of action. Furthermore, using a CRISPR screen to analyze lipid regulation, we discover that functionally significant players lack associations but are prioritized in trait-associated modules by PhenoPLIER. In conclusion, PhenoPLIER's incorporation of co-expressed gene groups can contextualize genetic associations and reveal potential targets overlooked by single-gene approaches. PhenoPLIER offers a novel framework for interpreting genetic associations through the lens of gene modules, providing valuable insights into disease etiology and drug mechanisms.","[PASS] (1.00)  In the context of understanding gene expression patterns and their association with complex traits, a significant gap in current research lies in the interpretation of genetic associations through gene co-expression. Existing transcriptome-wide association studies have primarily focused on individual genes and their roles in disease-relevant mechanisms, while modern models predict that gene-gene interactions play a crucial role in disease origin and progression. To address this gap, we introduce PhenoPLIER, a computational approach that maps gene-trait associations and pharmacological perturbation data into a common latent representation for joint analysis. Our method is based on modules of genes with similar expression patterns across the same conditions, which are significantly associated with diseases and relevant cell types. We observe that PhenoPLIER accurately predicts known drug-disease pairs and infers mechanisms of action. Moreover, a CRISPR screen for lipid regulation demonstrates that functionally important players lacking associations are prioritized in trait-associated modules by PhenoPLIER. In conclusion, PhenoPLIER contextualizes genetic associations using groups of co-expressed genes, revealing potential targets missed by single-gene strategies and providing a novel framework for interpreting genetic associations through gene modules.","genetic studies, functional genomics, gene co-expression, therapeutic targets, drug repurposing, clustering of complex traits","We introduce PhenoPLIER, a computational approach that maps gene-trait associations and pharmacological perturbation data into a common latent representation for a joint analysis. Genes act in concert with each other in specific contexts to perform their functions. Determining how these genes influence complex traits requires a mechanistic understanding of expression regulation across different conditions. It has been shown that this insight is critical for developing new therapies. Transcriptome-wide association studies have helped uncover the role of individual genes in disease-relevant mechanisms. However, modern models of the architecture of complex traits predict that gene-gene interactions play a crucial role in disease origin and progression. PhenoPLIER's representation is based on modules of genes with similar expression patterns across the same conditions. We observe that diseases are significantly associated with gene modules expressed in relevant cell types, and our approach is accurate in predicting known drug-disease pairs and inferring mechanisms of action. Furthermore, using a CRISPR screen to analyze lipid regulation, we find that functionally important players lack associations but are prioritized in trait-associated modules by PhenoPLIER. In conclusion, by incorporating groups of co-expressed genes, PhenoPLIER can contextualize genetic associations and reveal potential targets missed by single-gene strategies. PhenoPLIER provides a novel framework for interpreting genetic associations through the lens of gene modules.",does not start with background,Projecting genetic associations through gene expression patterns highlights disease etiology and drug mechanisms
"[FAIL] (0.89) Python code returned false
print(
  ""PhenoPLIER"" not in output.split(""."")[0]
)

---
 We present PhenoPLIER, a computational approach that integrates gene-trait associations and pharmacological perturbation data into a unified latent representation for joint analysis. Recognizing the concerted action of genes in specific contexts is essential to understanding their influence on complex traits, which is crucial for developing new therapies. While transcriptome-wide association studies have shed light on the role of individual genes in disease mechanisms, modern models suggest that gene-gene interactions play a pivotal role in disease etiology and progression. PhenoPLIER's representation is grounded in modules of genes with similar expression patterns across the same conditions. We find that diseases are significantly linked to gene modules expressed in relevant cell types, and our approach accurately predicts known drug-disease pairs and elucidates mechanisms of action. Employing a CRISPR screen for lipid regulation, we discover that functionally critical genes lack associations but are prioritized within trait-associated modules by PhenoPLIER. In summary, by incorporating groups of co-expressed genes, PhenoPLIER contextualizes genetic associations and uncovers potential targets that may be missed by single-gene strategies. PhenoPLIER offers a novel framework for decoding genetic associations through the lens of gene modules, facilitating the identification of disease etiology and drug mechanisms.","[FAIL] (0.89) Python code returned false
paragraph = context[""vars""][""paragraph""]
print(
  (len(output) > 0.6 * len(paragraph)) and (len(output) < 1.4 * len(paragraph))
)

---
 In the context of genetic studies and functional genomics, understanding the mechanisms behind gene co-expression is crucial for identifying therapeutic targets and repurposing drugs. Although transcriptome-wide association studies have revealed the role of individual genes in disease-relevant mechanisms, modern models suggest that gene-gene interactions play a significant role in disease origin and progression. Here, we introduce PhenoPLIER, a computational approach that maps gene-trait associations and pharmacological perturbation data into a common latent representation for joint analysis. Our method is based on modules of genes with similar expression patterns across the same conditions, which we find to be significantly associated with diseases in relevant cell types. Using PhenoPLIER, we accurately predict known drug-disease pairs and infer mechanisms of action. Furthermore, our approach prioritizes functionally important players that lack associations but are present in trait-associated modules. In conclusion, by incorporating groups of co-expressed genes, PhenoPLIER contextualizes genetic associations and reveals potential targets missed by single-gene strategies, providing a novel framework for interpreting genetic associations through the lens of gene modules.

In this study, we have developed PhenoPLIER, a computational approach that fills the gap in understanding the mechanisms behind gene co-expression to identify therapeutic targets and repurpose drugs. This method maps gene-trait associations and pharmacological perturbation data into a common latent representation for joint analysis, with modules of genes with similar expression patterns across the same conditions. Our approach has accurately predicted known drug-disease pairs and inferred mechanisms of action. Moreover, it prioritizes functionally important players that lack associations but are present in trait-associated modules. The broader significance of this research lies in its potential to contextualize genetic associations and reveal potential targets missed by single-gene strategies, thereby providing a novel framework for interpreting genetic associations through the lens of gene modules.","genetic studies, functional genomics, gene co-expression, therapeutic targets, drug repurposing, clustering of complex traits","We introduce PhenoPLIER, a computational approach that maps gene-trait associations and pharmacological perturbation data into a common latent representation for a joint analysis. Genes act in concert with each other in specific contexts to perform their functions. Determining how these genes influence complex traits requires a mechanistic understanding of expression regulation across different conditions. It has been shown that this insight is critical for developing new therapies. Transcriptome-wide association studies have helped uncover the role of individual genes in disease-relevant mechanisms. However, modern models of the architecture of complex traits predict that gene-gene interactions play a crucial role in disease origin and progression. PhenoPLIER's representation is based on modules of genes with similar expression patterns across the same conditions. We observe that diseases are significantly associated with gene modules expressed in relevant cell types, and our approach is accurate in predicting known drug-disease pairs and inferring mechanisms of action. Furthermore, using a CRISPR screen to analyze lipid regulation, we find that functionally important players lack associations but are prioritized in trait-associated modules by PhenoPLIER. In conclusion, by incorporating groups of co-expressed genes, PhenoPLIER can contextualize genetic associations and reveal potential targets missed by single-gene strategies. PhenoPLIER provides a novel framework for interpreting genetic associations through the lens of gene modules.",does not start with background,Projecting genetic associations through gene expression patterns highlights disease etiology and drug mechanisms
"[FAIL] (0.89) Python code returned false
print(
  ""PhenoPLIER"" not in output.split(""."")[0]
)

---
 We introduce PhenoPLIER, a computational approach that integrates gene-trait associations and pharmacological perturbation data into a unified latent representation for comprehensive analysis. Understanding how genes collaborate in specific contexts to perform their functions is essential for elucidating the role of gene expression regulation in complex traits, particularly in the development of new therapeutics. Transcriptome-wide association studies have shed light on the individual roles of genes in disease-relevant mechanisms; however, contemporary models of complex trait architecture suggest that gene-gene interactions are vital for understanding disease origins and progression. PhenoPLIER's representation is based on groups of genes with similar expression patterns across various conditions. We find that diseases are significantly associated with gene modules expressed in relevant cell types, and our approach accurately predicts known drug-disease pairs and infers mechanisms of action. Furthermore, using a CRISPR screen to analyze lipid regulation, we identify functionally important players that lack associations but are prioritized in trait-associated modules by PhenoPLIER. In conclusion, by incorporating co-expressed gene groups, PhenoPLIER can contextualize genetic associations and reveal potential targets that may be overlooked by single-gene methodologies. PhenoPLIER offers a novel framework for interpreting genetic associations through the lens of gene modules, providing valuable insights into disease etiology and drug mechanisms.","[PASS] (1.00)  In the field of genetic studies, understanding gene co-expression patterns is essential for uncovering the mechanisms behind diseases and drug responses. Current research has primarily focused on single genes, but modern models predict that gene-gene interactions play a crucial role in disease origin and progression. We introduce PhenoPLIER, a computational approach that maps gene-trait associations and pharmacological perturbation data into a common latent representation for joint analysis. Our method is based on modules of genes with similar expression patterns across the same conditions. We demonstrate that our approach accurately predicts known drug-disease pairs and infer mechanisms of action, as well as prioritizes functionally important players in trait-associated modules. PhenoPLIER's ability to incorporate groups of co-expressed genes contextualizes genetic associations and reveals potential targets missed by single-gene strategies. In conclusion, PhenoPLIER provides a novel framework for interpreting genetic associations through the lens of gene modules, offering valuable insights into disease etiology and drug mechanisms.","genetic studies, functional genomics, gene co-expression, therapeutic targets, drug repurposing, clustering of complex traits","We introduce PhenoPLIER, a computational approach that maps gene-trait associations and pharmacological perturbation data into a common latent representation for a joint analysis. Genes act in concert with each other in specific contexts to perform their functions. Determining how these genes influence complex traits requires a mechanistic understanding of expression regulation across different conditions. It has been shown that this insight is critical for developing new therapies. Transcriptome-wide association studies have helped uncover the role of individual genes in disease-relevant mechanisms. However, modern models of the architecture of complex traits predict that gene-gene interactions play a crucial role in disease origin and progression. PhenoPLIER's representation is based on modules of genes with similar expression patterns across the same conditions. We observe that diseases are significantly associated with gene modules expressed in relevant cell types, and our approach is accurate in predicting known drug-disease pairs and inferring mechanisms of action. Furthermore, using a CRISPR screen to analyze lipid regulation, we find that functionally important players lack associations but are prioritized in trait-associated modules by PhenoPLIER. In conclusion, by incorporating groups of co-expressed genes, PhenoPLIER can contextualize genetic associations and reveal potential targets missed by single-gene strategies. PhenoPLIER provides a novel framework for interpreting genetic associations through the lens of gene modules.",does not start with background,Projecting genetic associations through gene expression patterns highlights disease etiology and drug mechanisms
"[FAIL] (0.78) Python code returned false
print(
  ""PhenoPLIER"" not in output.split(""."")[0]
)

---
 We introduce PhenoPLIER, a computational approach that integrates gene-trait associations and pharmacological perturbation data into a unified latent representation for comprehensive analysis. Recognizing that genes collaborate to perform their functions in specific contexts requires a mechanistic understanding of expression regulation across various conditions. This knowledge is crucial for the development of novel therapies. Traditional transcriptome-wide association studies have shed light on the role of individual genes in disease mechanisms. However, contemporary models of complex trait architecture suggest that gene-gene interactions are critical in determining the origin and progression of diseases. PhenoPLIER's representation is derived from groups of genes with similar expression patterns across the same conditions. We find that diseases are significantly associated with gene modules expressed in relevant cell types, and our approach accurately predicts known drug-disease pairs and elucidates mechanisms of action. Moreover, using a CRISPR screen to analyze lipid regulation, we discover that functionally important players lack associations but are prioritized in trait-associated modules by PhenoPLIER. In summary, PhenoPLIER's incorporation of co-expressed gene groups contextualizes genetic associations and reveals potential targets missed by single-gene strategies. PhenoPLIER presents a novel framework for interpreting genetic associations through the lens of gene modules, ultimately highlighting disease etiology and drug mechanisms.

The revised abstract is now:","[PASS] (1.00)  Genetic studies have long sought to elucidate the etiology of diseases and understand their underlying mechanisms. However, traditional approaches focusing on single-gene associations may overlook crucial gene-gene interactions that contribute to disease origin and progression. In this study, we introduce PhenoPLIER, a computational approach that maps gene-trait associations and pharmacological perturbation data into a common latent representation for joint analysis. Our method is based on the concept of gene modules, groups of co-expressed genes, which are significantly associated with diseases in relevant cell types. We demonstrate that PhenoPLIER accurately predicts known drug-disease pairs and infers mechanisms of action, highlighting its potential in revealing targets missed by single-gene strategies. Furthermore, we show that PhenoPLIER prioritizes functionally important players in trait-associated modules, even when they lack associations. In conclusion, by incorporating gene co-expression, PhenoPLIER provides a novel framework for interpreting genetic associations and offers valuable insights into disease etiology, therapeutic targets, and drug mechanisms.","genetic studies, functional genomics, gene co-expression, therapeutic targets, drug repurposing, clustering of complex traits","We introduce PhenoPLIER, a computational approach that maps gene-trait associations and pharmacological perturbation data into a common latent representation for a joint analysis. Genes act in concert with each other in specific contexts to perform their functions. Determining how these genes influence complex traits requires a mechanistic understanding of expression regulation across different conditions. It has been shown that this insight is critical for developing new therapies. Transcriptome-wide association studies have helped uncover the role of individual genes in disease-relevant mechanisms. However, modern models of the architecture of complex traits predict that gene-gene interactions play a crucial role in disease origin and progression. PhenoPLIER's representation is based on modules of genes with similar expression patterns across the same conditions. We observe that diseases are significantly associated with gene modules expressed in relevant cell types, and our approach is accurate in predicting known drug-disease pairs and inferring mechanisms of action. Furthermore, using a CRISPR screen to analyze lipid regulation, we find that functionally important players lack associations but are prioritized in trait-associated modules by PhenoPLIER. In conclusion, by incorporating groups of co-expressed genes, PhenoPLIER can contextualize genetic associations and reveal potential targets missed by single-gene strategies. PhenoPLIER provides a novel framework for interpreting genetic associations through the lens of gene modules.",does not start with background,Projecting genetic associations through gene expression patterns highlights disease etiology and drug mechanisms
"[FAIL] (0.89) Python code returned false
print(
  ""PhenoPLIER"" not in output.split(""."")[0]
)

---
 We present PhenoPLIER, a novel computational approach that integrates gene-trait associations and pharmacological perturbation data into a shared latent representation for comprehensive analysis. Genes collaborate in specific contexts to perform their functions, necessitating an understanding of expression regulation across varying conditions. This knowledge is crucial for discovering novel therapies. Transcriptome-wide association studies have elucidated the role of individual genes in disease-relevant mechanisms; however, contemporary models of complex trait architecture suggest that gene-gene interactions play a pivotal role in disease onset and progression. PhenoPLIER's representation is based on groups of genes with similar expression patterns across the same conditions. We find that diseases are significantly linked to gene modules expressed in relevant cell types, and our approach accurately predicts known drug-disease pairs and elucidates mechanisms of action. Using a CRISPR screen to analyze lipid regulation, we discover that functionally significant players lack associations but are prioritized within trait-associated modules by PhenoPLIER. In conclusion, PhenoPLIER's incorporation of co-expressed gene groups enables the contextualization of genetic associations and reveals potential targets overlooked by single-gene approaches. PhenoPLIER offers a groundbreaking framework for interpreting genetic associations through the lens of gene modules, shedding light on disease etiology and drug mechanisms.","[PASS] (1.00)  In the field of genetic studies and functional genomics, understanding gene co-expression patterns is crucial for identifying therapeutic targets and repurposing drugs. However, existing methods primarily focus on single genes, overlooking potential associations and mechanisms within groups of co-expressed genes. This study aims to fill this gap by introducing PhenoPLIER, a computational approach that maps gene-trait associations and pharmacological perturbation data into a common latent representation for joint analysis. PhenoPLIER's representation is based on modules of genes with similar expression patterns across the same conditions. Our results show that diseases are significantly associated with gene modules expressed in relevant cell types, and our approach accurately predicts known drug-disease pairs and infers mechanisms of action. Furthermore, using a CRISPR screen to analyze lipid regulation, we find that functionally important players lack associations but are prioritized in trait-associated modules by PhenoPLIER. In conclusion, by incorporating groups of co-expressed genes, PhenoPLIER can contextualize genetic associations and reveal potential targets missed by single-gene strategies, providing a novel framework for interpreting genetic associations through the lens of gene modules.","genetic studies, functional genomics, gene co-expression, therapeutic targets, drug repurposing, clustering of complex traits","We introduce PhenoPLIER, a computational approach that maps gene-trait associations and pharmacological perturbation data into a common latent representation for a joint analysis. Genes act in concert with each other in specific contexts to perform their functions. Determining how these genes influence complex traits requires a mechanistic understanding of expression regulation across different conditions. It has been shown that this insight is critical for developing new therapies. Transcriptome-wide association studies have helped uncover the role of individual genes in disease-relevant mechanisms. However, modern models of the architecture of complex traits predict that gene-gene interactions play a crucial role in disease origin and progression. PhenoPLIER's representation is based on modules of genes with similar expression patterns across the same conditions. We observe that diseases are significantly associated with gene modules expressed in relevant cell types, and our approach is accurate in predicting known drug-disease pairs and inferring mechanisms of action. Furthermore, using a CRISPR screen to analyze lipid regulation, we find that functionally important players lack associations but are prioritized in trait-associated modules by PhenoPLIER. In conclusion, by incorporating groups of co-expressed genes, PhenoPLIER can contextualize genetic associations and reveal potential targets missed by single-gene strategies. PhenoPLIER provides a novel framework for interpreting genetic associations through the lens of gene modules.",does not start with background,Projecting genetic associations through gene expression patterns highlights disease etiology and drug mechanisms
"[FAIL] (0.89) Python code returned false
print(
  output.find(""PhenoPLIER"") < max(output.find(""CRISPR""), output.find(""lipid""), output.find(""drug-disease""), output.find(""players""))
)

---
 In this study, we investigate the role of gene modules in elucidating complex trait etiologies and drug mechanisms. Genes collaborate in specific contexts to carry out their functions, and understanding how these genes influence complex traits necessitates insights into expression regulation across varying conditions. Our results demonstrate that diseases are significantly linked with gene modules expressed in relevant cell types, and our approach accurately predicts known drug-disease pairs and infers mechanisms of action. Through a CRISPR screen for analyzing lipid regulation, we find that functionally crucial players lack associations but are prioritized in trait-associated modules by PhenoPLIER. In conclusion, PhenoPLIER's incorporation of groups of co-expressed genes allows for the contextualization of genetic associations and identification of potential targets missed by single-gene strategies. PhenoPLIER offers a novel framework for interpreting genetic associations through the lens of gene modules, thereby enhancing our understanding of disease etiology and drug mechanisms.

This revised paragraph retains the key ideas from the original abstract while improving clarity and coherence, as well as emphasizing the importance of PhenoPLIER's novel framework for interpreting genetic associations and its potential applications in disease etiology and drug mechanism research.","[PASS] (1.00)  In the context of understanding complex traits and their underlying genetic mechanisms, genes often collaborate in specific circumstances to carry out their functions. Achieving this insight is crucial for the development of new therapies, but current approaches have limitations. This study aims to fill this gap by proposing PhenoPLIER, a novel method that identifies gene modules associated with diseases in relevant cell types and accurately predicts known drug-disease pairs and mechanisms of action. Using CRISPR screening for lipid regulation, we find that functionally important players are not associated but prioritized in trait-associated modules by PhenoPLIER. Consequently, PhenoPLIER offers a new perspective on interpreting genetic associations by considering groups of co-expressed genes rather than single-gene strategies. This approach provides a powerful framework for investigating genetic associations with a focus on gene modules, potentially revealing overlooked therapeutic targets and advancing our understanding of disease etiology and drug mechanisms.","genetic studies, functional genomics, gene co-expression, therapeutic targets, drug repurposing, clustering of complex traits","Genes act in concert with each other in specific contexts to perform their functions. Determining how these genes influence complex traits requires a mechanistic understanding of expression regulation across different conditions. It has been shown that this insight is critical for developing new therapies. Our results in this study show that diseases are significantly associated with gene modules expressed in relevant cell types, and our approach is accurate in predicting known drug-disease pairs and inferring mechanisms of action. Furthermore, using a CRISPR screen to analyze lipid regulation, we find that functionally important players lack associations but are prioritized in trait-associated modules by PhenoPLIER. In conclusion, by incorporating groups of co-expressed genes, PhenoPLIER can contextualize genetic associations and reveal potential targets missed by single-gene strategies. PhenoPLIER provides a novel framework for interpreting genetic associations through the lens of gene modules.",does not describe the method or approach proposed,Projecting genetic associations through gene expression patterns highlights disease etiology and drug mechanisms
"[FAIL] (0.78) Python code returned false
print(
  output.find(""PhenoPLIER"") < max(output.find(""CRISPR""), output.find(""lipid""), output.find(""drug-disease""), output.find(""players""))
)

---
 Genes collaborate in specific contexts to execute their functions, necessitating a mechanistic comprehension of expression regulation across diverse conditions. Gaining this insight is crucial for the development of novel therapies. Our study's results demonstrate that diseases are significantly linked to gene modules expressed in relevant cell types, and our approach accurately predicts known drug-disease pairs and elucidates mechanisms of action. Moreover, using a CRISPR screen to analyze lipid regulation, we discover that functionally important players lack associations but are prioritized in trait-associated modules by PhenoPLIER. In summary, integrating groups of co-expressed genes, PhenoPLIER can contextualize genetic associations and reveal potential targets overlooked by single-gene approaches. PhenoPLIER offers a novel framework for interpreting genetic associations through the lens of gene modules, illuminating disease etiology and drug mechanisms in functional genomics research.

Keywords: genetic studies, functional genomics, gene co-expression, therapeutic targets, drug repurposing, clustering of complex traits","[FAIL] (0.89) Python code returned false
paragraph = context[""vars""][""paragraph""]
print(
  (len(output) > 0.6 * len(paragraph)) and (len(output) < 1.4 * len(paragraph))
)

---
 In the field of functional genomics, understanding how genes cooperate in specific contexts to influence complex traits is crucial for developing new therapies. However, existing methods often fall short in providing a comprehensive mechanistic understanding of expression regulation across different conditions. Our study bridges this gap by proposing PhenoPLIER, an approach that associates diseases with gene modules expressed in relevant cell types. We demonstrate the accuracy of our method in predicting known drug-disease pairs and elucidating mechanisms of action. Moreover, a CRISPR screen analysis reveals that functionally important players lacking associations are prioritized in trait-associated modules by PhenoPLIER. In conclusion, PhenoPLIER's integration of co-expressed gene groups enables the contextualization of genetic associations and identifies potential targets missed by single-gene strategies. Our novel framework offers a powerful tool for interpreting genetic associations through the lens of gene modules, advancing our understanding of disease etiology and drug mechanisms.

Explanation: 
1) Context: The first sentence sets the stage by introducing functional genomics as a broad field, emphasizing the need to understand gene cooperation in specific contexts to develop new therapies. It also highlights that existing methods have limitations in providing comprehensive mechanistic understanding of expression regulation across different conditions.
2) Content: The next two sentences describe our proposed approach (PhenoPLIER), its association with disease and gene modules, and the accuracy of predictions. We then present an additional analysis using CRISPR screen to analyze lipid regulation and how it contributes to the overall framework. 
3) Conclusion: The final sentence summarizes the main contribution of PhenoPLIER by highlighting its ability to contextualize genetic associations, identify potential targets missed by single-gene strategies, and advance our understanding of disease etiology and drug mechanisms.","genetic studies, functional genomics, gene co-expression, therapeutic targets, drug repurposing, clustering of complex traits","Genes act in concert with each other in specific contexts to perform their functions. Determining how these genes influence complex traits requires a mechanistic understanding of expression regulation across different conditions. It has been shown that this insight is critical for developing new therapies. Our results in this study show that diseases are significantly associated with gene modules expressed in relevant cell types, and our approach is accurate in predicting known drug-disease pairs and inferring mechanisms of action. Furthermore, using a CRISPR screen to analyze lipid regulation, we find that functionally important players lack associations but are prioritized in trait-associated modules by PhenoPLIER. In conclusion, by incorporating groups of co-expressed genes, PhenoPLIER can contextualize genetic associations and reveal potential targets missed by single-gene strategies. PhenoPLIER provides a novel framework for interpreting genetic associations through the lens of gene modules.",does not describe the method or approach proposed,Projecting genetic associations through gene expression patterns highlights disease etiology and drug mechanisms
"[FAIL] (0.78) Python code returned false
print(
  output.find(""PhenoPLIER"") < max(output.find(""CRISPR""), output.find(""lipid""), output.find(""drug-disease""), output.find(""players""))
)

---
 Co-expressed genes interact in specific contexts to execute their functions, necessitating an understanding of expression regulation across different conditions for elucidating the influence of these genes on complex traits. This insight is crucial for developing new therapies. In this study, we demonstrate that gene modules expressed in relevant cell types are significantly linked with diseases. Our approach accurately predicts known drug-disease pairs and deduces mechanisms of action. Through a CRISPR screen analyzing lipid regulation, we observe that functionally significant players exhibit no associations but prioritize trait-associated modules by PhenoPLIER. In summary, PhenoPLIER integrates co-expressed gene groups to contextualize genetic associations and identifies potential targets overlooked by single-gene approaches. PhenoPLIER offers a novel framework for interpreting genetic associations through the lens of gene modules, shedding light on disease etiology and drug mechanisms.

Keywords: genetic studies, functional genomics, gene co-expression, therapeutic targets, drug repurposing, clustering of complex traits","[PASS] (1.00)  Understanding the concerted action of genes in specific contexts is crucial for elucidating their influence on complex traits and developing novel therapies. However, a mechanistic understanding of expression regulation across different conditions remains a challenge. In this study, we show that our approach, PhenoPLIER, accurately predicts known drug-disease pairs and inferring mechanisms of action by associating diseases with gene modules expressed in relevant cell types. Using a CRISPR screen to analyze lipid regulation, we found that functionally important players lack associations but are prioritized in trait-associated modules by PhenoPLIER. In conclusion, by incorporating groups of co-expressed genes, PhenoPLIER provides a novel framework for interpreting genetic associations through the lens of gene modules, offering new insights into potential therapeutic targets missed by single-gene strategies.","genetic studies, functional genomics, gene co-expression, therapeutic targets, drug repurposing, clustering of complex traits","Genes act in concert with each other in specific contexts to perform their functions. Determining how these genes influence complex traits requires a mechanistic understanding of expression regulation across different conditions. It has been shown that this insight is critical for developing new therapies. Our results in this study show that diseases are significantly associated with gene modules expressed in relevant cell types, and our approach is accurate in predicting known drug-disease pairs and inferring mechanisms of action. Furthermore, using a CRISPR screen to analyze lipid regulation, we find that functionally important players lack associations but are prioritized in trait-associated modules by PhenoPLIER. In conclusion, by incorporating groups of co-expressed genes, PhenoPLIER can contextualize genetic associations and reveal potential targets missed by single-gene strategies. PhenoPLIER provides a novel framework for interpreting genetic associations through the lens of gene modules.",does not describe the method or approach proposed,Projecting genetic associations through gene expression patterns highlights disease etiology and drug mechanisms
"[FAIL] (0.89) Python code returned false
print(
  output.find(""PhenoPLIER"") < max(output.find(""CRISPR""), output.find(""lipid""), output.find(""drug-disease""), output.find(""players""))
)

---
 In this study, we investigated the concerted action of genes in specific contexts to understand their roles in influencing complex traits. Our approach focused on the mechanistic understanding of gene expression regulation across various conditions, which is crucial for developing novel therapies. We demonstrated that diseases have significant associations with gene modules expressed in relevant cell types, and our method accurately predicted known drug-disease pairs and inferred mechanisms of action. Using a CRISPR screen to analyze lipid regulation, we discovered that functionally important players lacked associations but were prioritized in trait-associated modules by PhenoPLIER. In conclusion, incorporating groups of co-expressed genes allows PhenoPLIER to contextualize genetic associations and identify potential targets missed by single-gene strategies. PhenoPLIER offers a novel framework for interpreting genetic associations through the lens of gene modules, contributing to disease etiology and drug mechanism elucidation in genetic studies, functional genomics, and therapeutic target identification, particularly in the context of clustering complex traits and drug repurposing.","[PASS] (1.00)  In the field of genetics, understanding gene expression patterns is crucial for unraveling complex traits and developing targeted therapies. However, traditional single-gene approaches often overlook significant associations. Our study aims to address this gap by investigating the connection between genetic associations and gene co-expression patterns in different cellular contexts. We employ a novel method called PhenoPLIER to identify disease-associated gene modules, accurately predicting known drug-disease pairs and elucidating mechanisms of action. Using a CRISPR screen for lipid regulation, we find that functionally important players without associations are prioritized in trait-associated modules. Our results demonstrate that PhenoPLIER can contextualize genetic associations by incorporating groups of co-expressed genes, revealing potential targets missed by single-gene strategies. In conclusion, PhenoPLIER offers a groundbreaking framework for interpreting genetic associations through the lens of gene modules, promising to advance our understanding of disease etiology and drug mechanisms in functional genomics research.","genetic studies, functional genomics, gene co-expression, therapeutic targets, drug repurposing, clustering of complex traits","Genes act in concert with each other in specific contexts to perform their functions. Determining how these genes influence complex traits requires a mechanistic understanding of expression regulation across different conditions. It has been shown that this insight is critical for developing new therapies. Our results in this study show that diseases are significantly associated with gene modules expressed in relevant cell types, and our approach is accurate in predicting known drug-disease pairs and inferring mechanisms of action. Furthermore, using a CRISPR screen to analyze lipid regulation, we find that functionally important players lack associations but are prioritized in trait-associated modules by PhenoPLIER. In conclusion, by incorporating groups of co-expressed genes, PhenoPLIER can contextualize genetic associations and reveal potential targets missed by single-gene strategies. PhenoPLIER provides a novel framework for interpreting genetic associations through the lens of gene modules.",does not describe the method or approach proposed,Projecting genetic associations through gene expression patterns highlights disease etiology and drug mechanisms
"[FAIL] (0.78) Python code returned false
print(
  output.find(""PhenoPLIER"") < max(output.find(""CRISPR""), output.find(""lipid""), output.find(""drug-disease""), output.find(""players""))
)

---
 Genes collaborate to execute their functions in specific contexts, and understanding how these genes influence complex traits necessitates elucidating expression regulation across different conditions. This knowledge is critical for the development of novel therapies. Our study demonstrates that diseases are significantly linked to gene modules expressed in relevant cell types, and our approach accurately predicts known drug-disease pairs and infers mechanisms of action. Employing a CRISPR screen to analyze lipid regulation, we discover that functionally significant players lack associations but are prioritized in trait-associated modules by PhenoPLIER. In summary, incorporating groups of co-expressed genes allows PhenoPLIER to contextualize genetic associations and identify potential targets missed by single-gene approaches. PhenoPLIER offers a novel framework for interpreting genetic associations through the lens of gene modules, which is essential for advancing our understanding of disease etiology and drug mechanisms in functional genomics studies.

Keywords: genetic associations, functional genomics, co-expression analysis, therapeutic targets, drug repurposing, clustering of complex traits","[FAIL] (0.89) Python code returned false
print(
  output.find(""PhenoPLIER"") < max(output.find(""CRISPR""), output.find(""lipid""), output.find(""drug-disease""), output.find(""players""))
)

---
 In the complex interplay of genes, their cooperative actions in specific contexts are crucial for performing functions. Decoding how these genes contribute to intricate traits necessitates understanding expression regulation across various conditions, which is vital for devising novel therapies. The current study demonstrates that diseases have significant associations with gene modules expressed in relevant cell types, and our method accurately predicts known drug-disease pairs and infers mechanisms of action. Furthermore, by employing a CRISPR screen to analyze lipid regulation, we find that functionally important players lack associations but are prioritized in trait-associated modules by PhenoPLIER. In conclusion, integrating groups of co-expressed genes allows PhenoPLIER to contextualize genetic associations and identify missed potential targets often overlooked by single-gene approaches. PhenoPLIER offers a groundbreaking framework for interpreting genetic associations through the lens of gene modules, shedding light on disease etiology and drug mechanisms while filling a crucial gap in the literature.","genetic studies, functional genomics, gene co-expression, therapeutic targets, drug repurposing, clustering of complex traits","Genes act in concert with each other in specific contexts to perform their functions. Determining how these genes influence complex traits requires a mechanistic understanding of expression regulation across different conditions. It has been shown that this insight is critical for developing new therapies. Our results in this study show that diseases are significantly associated with gene modules expressed in relevant cell types, and our approach is accurate in predicting known drug-disease pairs and inferring mechanisms of action. Furthermore, using a CRISPR screen to analyze lipid regulation, we find that functionally important players lack associations but are prioritized in trait-associated modules by PhenoPLIER. In conclusion, by incorporating groups of co-expressed genes, PhenoPLIER can contextualize genetic associations and reveal potential targets missed by single-gene strategies. PhenoPLIER provides a novel framework for interpreting genetic associations through the lens of gene modules.",does not describe the method or approach proposed,Projecting genetic associations through gene expression patterns highlights disease etiology and drug mechanisms
"[FAIL] (0.89) Python code returned false
keywords = [""overall"", ""conclusion"", ""insight"", ""novel"", ""potential"", ""broader"", ""ultimately"", ""advancement"", ""valuable"", ""study""]
last_sentences = ""."".join(output.split(""."")[-3:]).lower()
print(
  any(s in last_sentences for s in keywords)
)

---
 Genes collaborate in specific contexts to carry out their functions, and understanding how they influence complex traits necessitates a comprehensive understanding of expression regulation across diverse conditions. This knowledge is vital for developing innovative treatments. Transcriptome-wide association studies have aided in elucidating the roles of individual genes in disease-related mechanisms. However, contemporary models of the architecture of complex traits suggest that gene-gene interactions play a pivotal role in disease emergence and progression. In this study, we present PhenoPLIER, a computational method that integrates gene-trait associations and pharmacological perturbation data into a shared latent representation for simultaneous analysis. This representation is grounded on modules of genes displaying similar expression patterns across the same conditions. We discover that diseases are significantly linked to gene modules expressed in relevant cell types, and our approach effectively predicts known drug-disease pairs and elucidates mechanisms of action. Additionally, employing a CRISPR screen to analyze lipid regulation, we find that functionally important players lack associations but are prioritized in trait-associated modules by PhenoPLIER.","[FAIL] (0.89) Python code returned false
keywords = [""overall"", ""conclusion"", ""insight"", ""novel"", ""potential"", ""broader"", ""ultimately"", ""advancement"", ""valuable"", ""study""]
last_sentences = ""."".join(output.split(""."")[-3:]).lower()
print(
  any(s in last_sentences for s in keywords)
)

---
 Genes often collaborate in specific contexts to execute their functions, and understanding how these genes influence complex traits necessitates a mechanistic comprehension of expression regulation across various conditions. This insight is crucial for the development of new therapies. While transcriptome-wide association studies have unveiled the role of individual genes in disease-relevant mechanisms, modern models predict that gene-gene interactions play a vital role in the origin and progression of diseases. Here we introduce PhenoPLIER, a computational approach that maps gene-trait associations and pharmacological perturbation data into a common latent representation for joint analysis. This representation is based on modules of genes with similar expression patterns across the same conditions. Our results show that diseases are significantly associated with gene modules expressed in relevant cell types, and our approach accurately predicts known drug-disease pairs and inferring mechanisms of action. Additionally, using a CRISPR screen to analyze lipid regulation, we find that functionally significant players lack associations but are prioritized in trait-associated modules by PhenoPLIER. The development of this method bridges the gap between gene expression patterns and disease etiology, paving the way for more effective therapeutic targets and drug repurposing strategies.","genetic studies, functional genomics, gene co-expression, therapeutic targets, drug repurposing, clustering of complex traits","Genes act in concert with each other in specific contexts to perform their functions. Determining how these genes influence complex traits requires a mechanistic understanding of expression regulation across different conditions. It has been shown that this insight is critical for developing new therapies. Transcriptome-wide association studies have helped uncover the role of individual genes in disease-relevant mechanisms. However, modern models of the architecture of complex traits predict that gene-gene interactions play a crucial role in disease origin and progression. Here we introduce PhenoPLIER, a computational approach that maps gene-trait associations and pharmacological perturbation data into a common latent representation for a joint analysis. This representation is based on modules of genes with similar expression patterns across the same conditions. We observe that diseases are significantly associated with gene modules expressed in relevant cell types, and our approach is accurate in predicting known drug-disease pairs and inferring mechanisms of action. Furthermore, using a CRISPR screen to analyze lipid regulation, we find that functionally important players lack associations but are prioritized in trait-associated modules by PhenoPLIER.",does not provide an interpretation of the results and their implications,Projecting genetic associations through gene expression patterns highlights disease etiology and drug mechanisms
"[PASS] (1.00)  Genes collaborate in specific contexts to execute their functions, and understanding how they influence complex traits necessitates a mechanistic comprehension of expression regulation across varying circumstances. This knowledge is vital for the development of novel therapies. Transcriptome-wide association studies have aided in elucidating individual genes' roles in disease-related mechanisms. However, contemporary models of the architecture of complex traits propose that gene-gene interactions are critical to disease onset and progression. Here, we introduce PhenoPLIER, a computational approach that integrates gene-trait associations and pharmacological perturbation data into a shared latent representation for simultaneous analysis. This representation is based on clusters of genes with comparable expression patterns across the same conditions. We observe that diseases are significantly associated with gene modules expressed in relevant cell types, and our method accurately predicts known drug-disease pairs and infers mechanisms of action. Additionally, using a CRISPR screen to analyze lipid regulation, we find that functionally significant players lack associations but are prioritized in trait-associated modules by PhenoPLIER.

In summary, the revised paragraph provides an improved version of the original abstract while retaining its core ideas and message. It emphasizes the importance of understanding gene-gene interactions in disease progression and introduces the novel computational approach, PhenoPLIER, which can accurately predict known drug-disease pairs and elucidate mechanisms of action.","[PASS] (1.00)  Understanding how genes interact to influence complex traits is crucial for developing effective therapies. However, traditional approaches have primarily focused on individual gene roles in disease-relevant mechanisms, while modern models suggest that gene-gene interactions play a significant role in disease origin and progression. To address this gap, we introduce PhenoPLIER, a computational approach that maps gene-trait associations and pharmacological perturbation data into a common latent representation for joint analysis. This representation is based on modules of genes with similar expression patterns across the same conditions. Our results show that diseases are significantly associated with gene modules expressed in relevant cell types, and PhenoPLIER accurately predicts known drug-disease pairs and infer mechanisms of action. In addition, a CRISPR screen analysis of lipid regulation revealed functionally important players lacking associations but prioritized in trait-associated modules by PhenoPLIER. This study highlights the importance of considering gene-gene interactions in disease etiology and drug mechanisms, providing a novel approach to advance our understanding of these complex relationships.","genetic studies, functional genomics, gene co-expression, therapeutic targets, drug repurposing, clustering of complex traits","Genes act in concert with each other in specific contexts to perform their functions. Determining how these genes influence complex traits requires a mechanistic understanding of expression regulation across different conditions. It has been shown that this insight is critical for developing new therapies. Transcriptome-wide association studies have helped uncover the role of individual genes in disease-relevant mechanisms. However, modern models of the architecture of complex traits predict that gene-gene interactions play a crucial role in disease origin and progression. Here we introduce PhenoPLIER, a computational approach that maps gene-trait associations and pharmacological perturbation data into a common latent representation for a joint analysis. This representation is based on modules of genes with similar expression patterns across the same conditions. We observe that diseases are significantly associated with gene modules expressed in relevant cell types, and our approach is accurate in predicting known drug-disease pairs and inferring mechanisms of action. Furthermore, using a CRISPR screen to analyze lipid regulation, we find that functionally important players lack associations but are prioritized in trait-associated modules by PhenoPLIER.",does not provide an interpretation of the results and their implications,Projecting genetic associations through gene expression patterns highlights disease etiology and drug mechanisms
"[FAIL] (0.89) Python code returned false
keywords = [""overall"", ""conclusion"", ""insight"", ""novel"", ""potential"", ""broader"", ""ultimately"", ""advancement"", ""valuable"", ""study""]
last_sentences = ""."".join(output.split(""."")[-3:]).lower()
print(
  any(s in last_sentences for s in keywords)
)

---
 Genes collaborate to perform their functions in specific contexts, and understanding how they influence complex traits necessitates insight into expression regulation across various conditions. This knowledge is essential for the development of novel therapies. Transcriptome-wide association studies have shed light on the role of individual genes in disease-related mechanisms. However, contemporary models of the architecture of complex traits suggest that gene-gene interactions are crucial in determining disease origin and progression. We introduce PhenoPLIER, a computational approach that links gene-trait associations and pharmacological perturbation data into a shared latent representation for joint analysis. This representation is based on modules of genes with similar expression patterns across the same conditions. Our analysis demonstrates that diseases are significantly associated with gene modules expressed in relevant cell types, and our approach accurately predicts known drug-disease pairs and infers mechanisms of action. Furthermore, using a CRISPR screen to investigate lipid regulation, we find that functionally important players lack associations but are prioritized in trait-associated modules by PhenoPLIER.

In summary, the revised paragraph emphasizes the importance of understanding gene interactions in complex traits and introduces PhenoPLIER as a computational approach to analyze gene-trait associations and pharmacological perturbation data. The paragraph also highlights the accuracy of PhenoPLIER's predictions regarding drug-disease pairs and mechanisms of action, and its ability to prioritize functionally important players in trait-associated modules.","[PASS] (1.00)  In the field of genetics, understanding how genes interact with each other in specific contexts is crucial for developing new therapies. Transcriptome-wide association studies have contributed to uncovering the role of individual genes in disease mechanisms; however, modern models predict that gene-gene interactions are essential in determining disease origin and progression. To address this gap, we introduce PhenoPLIER, a computational approach that maps gene-trait associations and pharmacological perturbation data into a common latent representation for joint analysis. This representation is based on modules of genes with similar expression patterns across the same conditions. Our results show that diseases are significantly associated with gene modules expressed in relevant cell types, and PhenoPLIER accurately predicts known drug-disease pairs and inferences mechanisms of action. Additionally, using a CRISPR screen to analyze lipid regulation, we find that functionally important players lack associations but are prioritized in trait-associated modules by PhenoPLIER. This approach not only fills the gap in the literature regarding gene-gene interactions but also has broader significance for advancing our understanding of disease etiology and drug mechanisms, paving the way for more effective treatments.","genetic studies, functional genomics, gene co-expression, therapeutic targets, drug repurposing, clustering of complex traits","Genes act in concert with each other in specific contexts to perform their functions. Determining how these genes influence complex traits requires a mechanistic understanding of expression regulation across different conditions. It has been shown that this insight is critical for developing new therapies. Transcriptome-wide association studies have helped uncover the role of individual genes in disease-relevant mechanisms. However, modern models of the architecture of complex traits predict that gene-gene interactions play a crucial role in disease origin and progression. Here we introduce PhenoPLIER, a computational approach that maps gene-trait associations and pharmacological perturbation data into a common latent representation for a joint analysis. This representation is based on modules of genes with similar expression patterns across the same conditions. We observe that diseases are significantly associated with gene modules expressed in relevant cell types, and our approach is accurate in predicting known drug-disease pairs and inferring mechanisms of action. Furthermore, using a CRISPR screen to analyze lipid regulation, we find that functionally important players lack associations but are prioritized in trait-associated modules by PhenoPLIER.",does not provide an interpretation of the results and their implications,Projecting genetic associations through gene expression patterns highlights disease etiology and drug mechanisms
"[FAIL] (0.89) Python code returned false
keywords = [""overall"", ""conclusion"", ""insight"", ""novel"", ""potential"", ""broader"", ""ultimately"", ""advancement"", ""valuable"", ""study""]
last_sentences = ""."".join(output.split(""."")[-3:]).lower()
print(
  any(s in last_sentences for s in keywords)
)

---
 In concert, genes regulate complex traits by influencing gene expression across diverse conditions. Understanding this regulation is crucial for developing new therapies. Transcriptome-wide association studies have provided insights into the role of individual genes in disease mechanisms. However, modern models suggest that gene-gene interactions play a pivotal role in disease origin and progression. We introduce PhenoPLIER, a computational approach that maps gene-trait associations and pharmacological perturbation data into a shared latent representation for joint analysis. This representation is based on modules of genes exhibiting similar expression patterns across the same conditions. We find that diseases are significantly associated with gene modules expressed in relevant cell types, and our approach accurately predicts known drug-disease pairs and infers mechanisms of action. Furthermore, using a CRISPR screen to analyze lipid regulation, we discover that functionally important players lack associations but are prioritized in trait-associated modules by PhenoPLIER.","[FAIL] (0.89) Python code returned false
keywords = [""overall"", ""conclusion"", ""insight"", ""novel"", ""potential"", ""broader"", ""ultimately"", ""advancement"", ""valuable"", ""study""]
last_sentences = ""."".join(output.split(""."")[-3:]).lower()
print(
  any(s in last_sentences for s in keywords)
)

---
 Genetic studies have been conducted to understand the role of individual genes in disease-relevant mechanisms. However, modern models predict that gene-gene interactions play a crucial role in disease origin and progression. Here, we introduce PhenoPLIER, a computational approach that maps gene-trait associations and pharmacological perturbation data into a common latent representation for joint analysis. This representation is based on modules of genes with similar expression patterns across the same conditions. We find that diseases are significantly associated with gene modules expressed in relevant cell types, and our approach is accurate in predicting known drug-disease pairs and inferring mechanisms of action. Furthermore, using a CRISPR screen to analyze lipid regulation, we discover that functionally important players lack associations but are prioritized in trait-associated modules by PhenoPLIER.","genetic studies, functional genomics, gene co-expression, therapeutic targets, drug repurposing, clustering of complex traits","Genes act in concert with each other in specific contexts to perform their functions. Determining how these genes influence complex traits requires a mechanistic understanding of expression regulation across different conditions. It has been shown that this insight is critical for developing new therapies. Transcriptome-wide association studies have helped uncover the role of individual genes in disease-relevant mechanisms. However, modern models of the architecture of complex traits predict that gene-gene interactions play a crucial role in disease origin and progression. Here we introduce PhenoPLIER, a computational approach that maps gene-trait associations and pharmacological perturbation data into a common latent representation for a joint analysis. This representation is based on modules of genes with similar expression patterns across the same conditions. We observe that diseases are significantly associated with gene modules expressed in relevant cell types, and our approach is accurate in predicting known drug-disease pairs and inferring mechanisms of action. Furthermore, using a CRISPR screen to analyze lipid regulation, we find that functionally important players lack associations but are prioritized in trait-associated modules by PhenoPLIER.",does not provide an interpretation of the results and their implications,Projecting genetic associations through gene expression patterns highlights disease etiology and drug mechanisms
"[FAIL] (0.89) Python code returned false
keywords = [""overall"", ""conclusion"", ""insight"", ""novel"", ""potential"", ""broader"", ""ultimately"", ""advancement"", ""valuable"", ""study""]
last_sentences = ""."".join(output.split(""."")[-3:]).lower()
print(
  any(s in last_sentences for s in keywords)
)

---
 Genes work in tandem to perform their functions, and understanding how they influence complex traits necessitates a comprehensive view of expression regulation across varying conditions. This understanding is crucial for the development of novel therapies. Transcriptome-wide association studies have helped elucidate the role of individual genes in disease-related mechanisms. However, modern models suggest that gene-gene interactions are essential in determining the origin and progression of diseases. In this study, we introduce PhenoPLIER, a computational approach that integrates gene-trait associations and pharmacological perturbation data into a shared latent representation for joint analysis. This representation is constructed using modules of genes with similar expression patterns across various conditions. We discover that diseases are significantly associated with gene modules expressed in relevant cell types, and our approach accurately predicts known drug-disease pairs and infers mechanisms of action. Additionally, we utilize a CRISPR screen to analyze lipid regulation and find that functionally important players lack associations but are prioritized in trait-associated modules by PhenoPLIER.

In the revised paragraph, we have rephrased sentences to convey the same ideas more clearly while maintaining the original meaning. We also ensured that the keywords from the title and abstract are included to improve the text's coherence and relevance.","[PASS] (1.00)  Complex traits are influenced by the concerted action of multiple genes in specific contexts, necessitating a comprehensive understanding of expression regulation across different conditions for therapeutic development. Transcriptome-wide association studies have elucidated the role of individual genes in disease mechanisms; however, modern models predict that gene-gene interactions are crucial in determining disease origin and progression. Here we present PhenoPLIER, a computational approach that maps gene-trait associations and pharmacological perturbation data into a common latent representation for joint analysis. This representation is based on modules of genes with similar expression patterns across conditions. We demonstrate that diseases are significantly associated with gene modules expressed in relevant cell types, and PhenoPLIER accurately predicts known drug-disease pairs and infers mechanisms of action. Additionally, a CRISPR screen analyzing lipid regulation reveals that functionally important players lack associations but are prioritized in trait-associated modules by PhenoPLIER. By filling the gap in understanding gene-gene interactions' role in disease etiology and drug mechanisms, PhenoPLIER contributes to advancing our knowledge of complex traits and their therapeutic targets, potentially accelerating drug development and repurposing efforts.","genetic studies, functional genomics, gene co-expression, therapeutic targets, drug repurposing, clustering of complex traits","Genes act in concert with each other in specific contexts to perform their functions. Determining how these genes influence complex traits requires a mechanistic understanding of expression regulation across different conditions. It has been shown that this insight is critical for developing new therapies. Transcriptome-wide association studies have helped uncover the role of individual genes in disease-relevant mechanisms. However, modern models of the architecture of complex traits predict that gene-gene interactions play a crucial role in disease origin and progression. Here we introduce PhenoPLIER, a computational approach that maps gene-trait associations and pharmacological perturbation data into a common latent representation for a joint analysis. This representation is based on modules of genes with similar expression patterns across the same conditions. We observe that diseases are significantly associated with gene modules expressed in relevant cell types, and our approach is accurate in predicting known drug-disease pairs and inferring mechanisms of action. Furthermore, using a CRISPR screen to analyze lipid regulation, we find that functionally important players lack associations but are prioritized in trait-associated modules by PhenoPLIER.",does not provide an interpretation of the results and their implications,Projecting genetic associations through gene expression patterns highlights disease etiology and drug mechanisms
