"{""raw"":""You are a scientist with copy-editing skills who will help in improving the text of a manuscript with title '{{ title }}' and keywords '{{ keywords }}.' Revise the following abstract of this manuscript.\n\nInput paragraph: {{ paragraph }}\n\nRevised paragraph:"",""display"":""/home/miltondp/projects/others/manubot/manubot-ai-editor-evals/abstract/prompts/baseline.txt"",""id"":""19e4f6dde336b9d67eb2fd558e9ea7f8ab3fef6ce8f03817f772c506f658bc55"",""metrics"":{""score"":15,""testPassCount"":3,""testFailCount"":17,""assertPassCount"":120,""assertFailCount"":40,""totalLatencyMs"":1176553,""tokenUsage"":{""total"":0,""prompt"":0,""completion"":0,""cached"":0},""namedScores"":{}}}","{""raw"":""You are a scientist with copy-editing skills who will help in improving the text of a manuscript with title '{{ title }}' and keywords '{{ keywords }}.' Revise the following abstract of this manuscript, so it has a clear sentence structure and follows a context-content-conclusion (C-C-C) scheme and fits in a single paragraph. Make changes only when they are absolutely necessary to follow the C-C-C scheme. Under the C-C-C scheme, the abstract must follow the following structure: 1) The context must communicate to the reader what gap the paper will fill. The first sentence orients the reader by introducing the broader field in which the particular research is situated. Then, this context is narrowed until it lands on the open question that the research answered. A successful context section sets the stage for distinguishing the paper’s contributions from the current state of the art by communicating what is missing in the literature (i.e., the specific gap) and why that matters (i.e., the connection between the specific gap and the broader context that the paper opened with); 2) The content (\""Here we\"") first describes the novel method or approach that you used to fill the gap or question. Then you present the meat—your executive summary of the results; 3) Finally, the conclusion interprets the results to answer the question that was posed at the end of the context section. There is often a second part to the conclusion section that highlights how this conclusion moves the broader field forward (i.e., \""broader significance\"").\n\nInput paragraph: {{ paragraph }}\n\nRevised paragraph:"",""display"":""/home/miltondp/projects/others/manubot/manubot-ai-editor-evals/abstract/prompts/candidate.txt"",""id"":""1dd365a9bb4d181580c711f92234a3eb9f11ee68b4877763e27cf57607fb0222"",""metrics"":{""score"":19.25,""testPassCount"":14,""testFailCount"":6,""assertPassCount"":154,""assertFailCount"":6,""totalLatencyMs"":1334548,""tokenUsage"":{""total"":0,""prompt"":0,""completion"":0,""cached"":0},""namedScores"":{}}}",keywords,paragraph,test_description,title
"[FAIL] (0.75) Expected output to not contain one of ""authors, Abstract:, Keywords:, References:""
---
 Genes operate in conjunction with one another in specific contexts to execute their functions. Gaining a mechanistic understanding of expression regulation across various conditions is crucial for deciphering how these genes influence complex traits and for developing new therapies. While transcriptome-wide association studies have shed light on the role of individual genes in disease-relevant mechanisms, modern models suggest that gene-gene interactions significantly contribute to disease etiology and progression. In this study, we introduce PhenoPLIER, a computational approach that maps gene-trait associations and pharmacological perturbation data into a common latent representation for joint analysis. This representation is based on modules of genes with similar expression patterns across the same conditions. Our results demonstrate that diseases are significantly associated with gene modules expressed in relevant cell types. Moreover, PhenoPLIER accurately predicts known drug-disease pairs and infer mechanisms of action. Using a CRISPR screen to analyze lipid regulation, we discovered that functionally important players lacking individual gene associations are prioritized in trait-associated modules by PhenoPLIER. In conclusion, by incorporating groups of co-expressed genes, PhenoPLIER can contextualize genetic associations and reveal potential targets that may have been overlooked by single-gene strategies. This novel framework for interpreting genetic associations through the lens of gene modules provides a new perspective on disease etiology and drug mechanisms.

Keywords: Genetic studies, Functional genomics, Gene co-expression, Therapeutic targets, Drug repurposing, Clustering of complex traits.","[FAIL] (0.88) Expected output to contain ""CRISPR""
---
 In the field of genetic studies, a comprehensive understanding of how genes interact to influence complex traits is critical for elucidating disease etiology and identifying therapeutic targets. While transcriptome-wide association studies have been successful in uncovering individual gene associations with disease-relevant mechanisms, they do not account for the important role of gene-gene interactions. Here, we present PhenoPLIER, a novel computational approach that maps gene-trait associations and pharmacological perturbation data into a common latent representation based on modules of genes with similar expression patterns across relevant conditions. Our results demonstrate that diseases are significantly associated with specific gene modules, and PhenoPLIER can accurately predict known drug-disease pairs and infer mechanisms of action. Moreover, we find that functionally important players lacking individual gene associations are prioritized in trait-associated modules by PhenoPLIER. Therefore, by incorporating groups of co-expressed genes, PhenoPLIER provides a new framework for interpreting genetic associations and reveals potential targets that may have been missed by single-gene strategies, ultimately moving the broader field of functional genomics forward.","genetic studies, functional genomics, gene co-expression, therapeutic targets, drug repurposing, clustering of complex traits","Genes act in concierto with each other in specifico contexts to perform their functions. Determining how these genes influence complex traits requires a mechanistic understanding of expression regulation across different conditions. It has been shown that this insight is critical for developing new therapies. Transcriptome-wide association studies have helped uncover the role of individual genes in disease-relevant mechanisms. However, modern models of the architecture of complex traits predict that gene-gene interactions play a crucial role in disease origin and progression. Here we introduce PhenoPLIER, a computational approach that maps gene-trait associations and pharmacological perturbation data into a common latent representation for a joint analysis. This representation is base on modules of genes with similar expression patterns across the same conditions. We observe that diseases are significantl associated with gene modules expressed in relevant cell types, and our approach is accurate in predicting known drug-disease pairs and inferring mechanisms of action. Furthermore using a CRISPR screen to analyze lipid regulation, we find that functionally important players lack associations but are prioritized in trait-associated modules by PhenoPLIER. In conclusion, by incorporating, groups of co-expressed genes, PhenoPLIER can contextualize genetic associations and reveal, potential targets missed by single-gene strategies. PhenoPLIER provides a novel framework for interpreting genetic associations through the lens of gene modules.",spelling/grammar errors,Projecting genetic associations through gene expression patterns highlights disease etiology and drug mechanisms
"[FAIL] (0.75) Expected output to not contain one of ""authors, Abstract:, Keywords:, References:""
---
 Genes function in a coordinated manner within specific contexts to execute their roles. A comprehensive understanding of how these genes influence complex traits necessitates elucidating the regulation of expression across various conditions, which is critical for developing novel therapies. While transcriptome-wide association studies have contributed significantly to uncovering individual genes' involvement in disease-relevant mechanisms, modern models of complex trait architecture suggest that gene-gene interactions play a pivotal role in disease etiology and progression. Here, we present PhenoPLIER, a computational approach that maps gene-trait associations and pharmacological perturbation data into a shared latent space, enabling joint analysis. This method is based on modules of genes with similar expression patterns across identical conditions. Our findings indicate that diseases are significantly associated with gene modules expressed in relevant cell types, and our approach accurately predicts known drug-disease pairs and infer mechanisms of action. Moreover, by analyzing lipid regulation using a CRISPR screen, we discovered that functionally important players lacking associations were prioritized in trait-associated modules by PhenoPLIER. Therefore, by incorporating groups of co-expressed genes, PhenoPLIER can contextualize genetic associations and reveal potential targets that may be overlooked using single-gene strategies. Overall, PhenoPLIER offers a novel framework for interpreting genetic associations through the lens of gene modules, thereby shedding light on disease etiology and drug mechanisms.

Keywords: Genetic studies, Functional genomics, Gene co-expression, Therapeutic targets, Drug repurposing, Clustering of complex traits.","[FAIL] (0.88) Expected output to contain ""CRISPR""
---
 In the field of genetic studies, uncovering the relationship between genes and complex traits is critical for understanding disease etiology and identifying novel therapeutic targets. While transcriptome-wide association studies have shed light on individual gene-trait associations, they fail to capture the intricate gene-gene interactions that contribute to trait architecture. Here, we present PhenoPLIER, a computational approach that integrates gene-trait associations and pharmacological perturbation data into a common latent space based on co-expressed gene modules. We demonstrate that diseases are significantly associated with specific gene modules expressed in relevant cell types, and our approach accurately predicts known drug-disease pairs and infer mechanisms of action. Moreover, by incorporating co-expressed genes, PhenoPLIER reveals functionally important players lacking individual gene-trait associations, thereby highlighting potential targets that may be missed by traditional single-gene strategies. Our findings underscore the importance of considering gene-gene interactions in genetic studies and provide a novel framework for interpreting genetic associations through the lens of gene modules, paving the way for improved drug repurposing and therapeutic target identification in complex traits.","genetic studies, functional genomics, gene co-expression, therapeutic targets, drug repurposing, clustering of complex traits","Genes act in concierto with each other in specifico contexts to perform their functions. Determining how these genes influence complex traits requires a mechanistic understanding of expression regulation across different conditions. It has been shown that this insight is critical for developing new therapies. Transcriptome-wide association studies have helped uncover the role of individual genes in disease-relevant mechanisms. However, modern models of the architecture of complex traits predict that gene-gene interactions play a crucial role in disease origin and progression. Here we introduce PhenoPLIER, a computational approach that maps gene-trait associations and pharmacological perturbation data into a common latent representation for a joint analysis. This representation is base on modules of genes with similar expression patterns across the same conditions. We observe that diseases are significantl associated with gene modules expressed in relevant cell types, and our approach is accurate in predicting known drug-disease pairs and inferring mechanisms of action. Furthermore using a CRISPR screen to analyze lipid regulation, we find that functionally important players lack associations but are prioritized in trait-associated modules by PhenoPLIER. In conclusion, by incorporating, groups of co-expressed genes, PhenoPLIER can contextualize genetic associations and reveal, potential targets missed by single-gene strategies. PhenoPLIER provides a novel framework for interpreting genetic associations through the lens of gene modules.",spelling/grammar errors,Projecting genetic associations through gene expression patterns highlights disease etiology and drug mechanisms
"[FAIL] (0.75) Expected output to not contain one of ""authors, Abstract:, Keywords:, References:""
---
 Genes operate in a coordinated manner within specific contexts to execute their functions. Gaining a mechanistic understanding of expression regulation across various conditions is critical for deciphering how these genes influence complex traits and for developing novel therapies. Transcriptome-wide association studies have been instrumental in uncovering the role of individual genes in disease-relevant mechanisms. However, contemporary models of complex trait architecture suggest that gene-gene interactions are pivotal in disease etiology and progression. In this study, we introduce PhenoPLIER, a computational approach that integrates gene-trait associations and pharmacological perturbation data into a unified latent representation for joint analysis. This representation is based on modules of genes with similar expression patterns across identical conditions. Our findings indicate significant associations between diseases and gene modules expressed in relevant cell types. Moreover, PhenoPLIER demonstrates high accuracy in predicting known drug-disease pairs and inferring mechanisms of action. Additionally, a CRISPR screen analysis of lipid regulation reveals that functionally important genes lacking individual associations are prioritized in trait-associated modules by PhenoPLIER. In conclusion, by incorporating groups of co-expressed genes, PhenoPLIER can contextualize genetic associations and reveal potential therapeutic targets that might be overlooked through single-gene strategies. This novel framework for interpreting genetic associations through the lens of gene modules offers a robust tool for understanding disease etiology and drug mechanisms.

Keywords: Genetic studies, Functional genomics, Gene co-expression, Therapeutic targets, Drug repurposing, Clustering of complex traits.","[PASS] (1.00)  The study of how genes influence complex traits requires a comprehensive understanding of expression regulation across various conditions, as genes function in concert within specific contexts. While transcriptome-wide association studies have been instrumental in uncovering the role of individual genes in disease-relevant mechanisms, modern models suggest that gene-gene interactions significantly contribute to disease origin and progression. To address this knowledge gap, we introduce PhenoPLIER, a novel computational approach that maps gene-trait associations and pharmacological perturbation data onto a common latent representation for joint analysis. This representation is based on modules of genes with similar expression patterns across comparable conditions. Our findings indicate that diseases are significantly associated with gene modules expressed in relevant cell types, and our method accurately predicts known drug-disease pairs and infers mechanisms of action. Moreover, a CRISPR screen analysis of lipid regulation reveals that functionally important players lacking associations can be prioritized in trait-associated modules by PhenoPLIER. Consequently, PhenoPLIER's incorporation of co-expressed gene groups contextualizes genetic associations and uncovers potential targets overlooked by single-gene strategies. This innovative framework for interpreting genetic associations through the lens of gene modules sheds new light on disease etiology and drug mechanisms, enabling functional genomics to advance therapeutic target identification and drug repurposing for complex traits.","genetic studies, functional genomics, gene co-expression, therapeutic targets, drug repurposing, clustering of complex traits","Genes act in concierto with each other in specifico contexts to perform their functions. Determining how these genes influence complex traits requires a mechanistic understanding of expression regulation across different conditions. It has been shown that this insight is critical for developing new therapies. Transcriptome-wide association studies have helped uncover the role of individual genes in disease-relevant mechanisms. However, modern models of the architecture of complex traits predict that gene-gene interactions play a crucial role in disease origin and progression. Here we introduce PhenoPLIER, a computational approach that maps gene-trait associations and pharmacological perturbation data into a common latent representation for a joint analysis. This representation is base on modules of genes with similar expression patterns across the same conditions. We observe that diseases are significantl associated with gene modules expressed in relevant cell types, and our approach is accurate in predicting known drug-disease pairs and inferring mechanisms of action. Furthermore using a CRISPR screen to analyze lipid regulation, we find that functionally important players lack associations but are prioritized in trait-associated modules by PhenoPLIER. In conclusion, by incorporating, groups of co-expressed genes, PhenoPLIER can contextualize genetic associations and reveal, potential targets missed by single-gene strategies. PhenoPLIER provides a novel framework for interpreting genetic associations through the lens of gene modules.",spelling/grammar errors,Projecting genetic associations through gene expression patterns highlights disease etiology and drug mechanisms
"[PASS] (1.00)  Genes function in a coordinated manner within specific contexts to execute their roles. A comprehensive understanding of how these genes influence complex traits necessitates a mechanistic appreciation of expression regulation across various conditions. Such insight is critical for the development of novel therapies. While transcriptome-wide association studies have contributed significantly to uncovering the role of individual genes in disease-relevant mechanisms, modern models of complex trait architecture suggest that gene-gene interactions play a pivotal role in disease etiology and progression. In this study, we introduce PhenoPLIER, a computational approach that integrates gene-trait associations and pharmacological perturbation data into a common latent representation for joint analysis. This representation is based on modules of genes with similar expression patterns across the same conditions. Our findings indicate that diseases are significantly associated with gene modules expressed in relevant cell types. Moreover, PhenoPLIER accurately predicts known drug-disease pairs and infer mechanisms of action. Additionally, using a CRISPR screen to analyze lipid regulation, we discovered that functionally important players lacking individual gene associations are prioritized in trait-associated modules by PhenoPLIER. In conclusion, PhenoPLIER provides a novel framework for interpreting genetic associations through the lens of gene modules, thereby contextualizing genetic associations and revealing potential targets that may have been overlooked by single-gene strategies.","[FAIL] (0.88) Expected output to contain ""CRISPR""
---
 In the field of genetic studies, uncovering how genes influence complex traits is critical for understanding disease etiology and identifying therapeutic targets. While transcriptome-wide association studies have shed light on individual gene-trait associations, they often overlook the crucial role of gene-gene interactions in disease origin and progression. Here, we present PhenoPLIER, a computational approach that maps gene-trait associations and pharmacological perturbation data into a common latent representation based on modules of genes with similar expression patterns across relevant conditions. We demonstrate that diseases are significantly associated with specific gene modules and that PhenoPLIER accurately predicts known drug-disease pairs and infer mechanisms of action. Furthermore, we show that functionally important players lacking individual gene-trait associations can be prioritized in trait-associated modules using our approach. By incorporating groups of co-expressed genes, PhenoPLIER provides a novel framework for contextualizing genetic associations and revealing potential targets missed by single-gene strategies, ultimately highlighting the importance of functional genomics and gene co-expression analysis in drug repurposing and therapeutic target identification.","genetic studies, functional genomics, gene co-expression, therapeutic targets, drug repurposing, clustering of complex traits","Genes act in concierto with each other in specifico contexts to perform their functions. Determining how these genes influence complex traits requires a mechanistic understanding of expression regulation across different conditions. It has been shown that this insight is critical for developing new therapies. Transcriptome-wide association studies have helped uncover the role of individual genes in disease-relevant mechanisms. However, modern models of the architecture of complex traits predict that gene-gene interactions play a crucial role in disease origin and progression. Here we introduce PhenoPLIER, a computational approach that maps gene-trait associations and pharmacological perturbation data into a common latent representation for a joint analysis. This representation is base on modules of genes with similar expression patterns across the same conditions. We observe that diseases are significantl associated with gene modules expressed in relevant cell types, and our approach is accurate in predicting known drug-disease pairs and inferring mechanisms of action. Furthermore using a CRISPR screen to analyze lipid regulation, we find that functionally important players lack associations but are prioritized in trait-associated modules by PhenoPLIER. In conclusion, by incorporating, groups of co-expressed genes, PhenoPLIER can contextualize genetic associations and reveal, potential targets missed by single-gene strategies. PhenoPLIER provides a novel framework for interpreting genetic associations through the lens of gene modules.",spelling/grammar errors,Projecting genetic associations through gene expression patterns highlights disease etiology and drug mechanisms
"[FAIL] (0.75) Expected output to not contain one of ""authors, Abstract:, Keywords:, References:""
---
 Genes function in a coordinated manner within specific contexts to execute their roles. Gaining a mechanistic understanding of expression regulation across various conditions is crucial for deciphering how these genes influence complex traits and developing novel therapies. Transcriptome-wide association studies have contributed significantly to uncovering the role of individual genes in disease-relevant mechanisms. However, contemporary models of complex trait architecture emphasize that gene-gene interactions are pivotal in disease origin and progression. In this study, we introduce PhenoPLIER, a computational approach that integrates gene-trait associations and pharmacological perturbation data into a shared latent representation, enabling joint analysis. This representation is built upon modules of genes with similar expression patterns across comparable conditions. Our findings indicate that diseases are significantly associated with gene modules expressed in relevant cell types. Moreover, PhenoPLIER proves accurate in predicting known drug-disease pairs and inferring mechanisms of action. Utilizing a CRISPR screen to analyze lipid regulation, we discovered that functionally important players lacking individual associations are prioritized within trait-associated modules by PhenoPLIER. In conclusion, by incorporating groups of co-expressed genes, PhenoPLIER can contextualize genetic associations, revealing potential targets that might have been overlooked using single-gene strategies. This novel framework for interpreting genetic associations through the lens of gene modules offers a promising avenue for understanding disease etiology and drug mechanisms.

Keywords: Genetic studies, Functional genomics, Gene co-expression, Therapeutic targets, Drug repurposing, Clustering of complex traits.","[FAIL] (0.88) Expected output to contain ""CRISPR""
---
 In the field of genetic studies, a comprehensive understanding of how genes influence complex traits is crucial for elucidating disease etiology and identifying novel therapeutic targets. While transcriptome-wide association studies have shed light on individual gene contributions to disease-relevant mechanisms, there is a growing recognition that gene-gene interactions play a significant role in the origin and progression of complex traits (context). To address this gap, we introduce PhenoPLIER, a computational approach that maps gene-trait associations and pharmacological perturbation data into a common latent representation based on modules of genes with similar expression patterns across relevant conditions (content). We demonstrate that diseases are significantly associated with these gene modules, and our approach accurately predicts known drug-disease pairs and infers mechanisms of action. Furthermore, we find that functionally important players lacking individual genetic associations are prioritized in trait-associated modules by PhenoPLIER, highlighting its ability to reveal potential targets missed by single-gene strategies (content). By incorporating groups of co-expressed genes, PhenoPLIER provides a novel framework for interpreting genetic associations through the lens of gene modules, thereby contextualizing genetic associations and facilitating the identification of new therapeutic opportunities (conclusion). Our work underscores the importance of considering gene-gene interactions in functional genomics and drug repurposing efforts for complex traits.","genetic studies, functional genomics, gene co-expression, therapeutic targets, drug repurposing, clustering of complex traits","Genes act in concierto with each other in specifico contexts to perform their functions. Determining how these genes influence complex traits requires a mechanistic understanding of expression regulation across different conditions. It has been shown that this insight is critical for developing new therapies. Transcriptome-wide association studies have helped uncover the role of individual genes in disease-relevant mechanisms. However, modern models of the architecture of complex traits predict that gene-gene interactions play a crucial role in disease origin and progression. Here we introduce PhenoPLIER, a computational approach that maps gene-trait associations and pharmacological perturbation data into a common latent representation for a joint analysis. This representation is base on modules of genes with similar expression patterns across the same conditions. We observe that diseases are significantl associated with gene modules expressed in relevant cell types, and our approach is accurate in predicting known drug-disease pairs and inferring mechanisms of action. Furthermore using a CRISPR screen to analyze lipid regulation, we find that functionally important players lack associations but are prioritized in trait-associated modules by PhenoPLIER. In conclusion, by incorporating, groups of co-expressed genes, PhenoPLIER can contextualize genetic associations and reveal, potential targets missed by single-gene strategies. PhenoPLIER provides a novel framework for interpreting genetic associations through the lens of gene modules.",spelling/grammar errors,Projecting genetic associations through gene expression patterns highlights disease etiology and drug mechanisms
"[FAIL] (0.75) Python code returned false
(""PhenoPLIER"" not in output.split(""."")[0])
---
 In this manuscript, we present PhenoPLIER, a novel computational method that integrates gene-trait associations and pharmacological perturbation data into a shared latent space for comprehensive analysis. Genes function in a coordinated manner within specific contexts to execute their roles. Gaining a mechanistic understanding of expression regulation across various conditions is vital for elucidating the influence of these genes on complex traits, which is critical for developing effective therapies. Although transcriptome-wide association studies have contributed significantly to uncovering individual gene contributions to disease-relevant mechanisms, modern genetic research suggests that gene-gene interactions play a pivotal role in disease etiology and progression.

PhenoPLIER's methodology relies on the representation of genes with similar expression patterns across comparable conditions as modules. Our findings reveal that diseases are significantly associated with these gene modules, particularly when expressed in relevant cell types. The approach demonstrates high accuracy in predicting known drug-disease pairs and inferring mechanisms of action.

Furthermore, our analysis of a CRISPR screen for lipid regulation reveals that functionally important players lacking individual gene associations are prioritized within trait-associated modules by PhenoPLIER. By incorporating groups of co-expressed genes, PhenoPLIER offers the ability to contextualize genetic associations and uncover potential therapeutic targets that might otherwise be overlooked through conventional single-gene strategies.

In summary, PhenoPLIER provides a novel framework for interpreting genetic associations via gene modules, enabling researchers to reveal novel insights into disease etiology and drug mechanisms through the lens of functional genomics and gene co-expression. The approach has promising implications for therapeutic target identification and drug repurposing.","[PASS] (1.00)  The field of genetic studies has made significant strides in identifying individual gene-trait associations, yet a comprehensive understanding of how genes act in concert to influence complex traits remains elusive. Existing methods such as transcriptome-wide association studies have been successful in uncovering the role of individual genes in disease-relevant mechanisms, but they fail to account for the intricate gene-gene interactions that are critical for understanding disease etiology and progression. Here, we introduce PhenoPLIER, a novel computational approach that maps gene-trait associations and pharmacological perturbation data into a common latent representation for joint analysis. Our method is based on the formation of modules comprising genes with similar expression patterns across various conditions, allowing us to identify significant associations between diseases and these gene modules in relevant cell types. We demonstrate the accuracy of PhenoPLIER in predicting known drug-disease pairs and inferring mechanisms of action. Furthermore, we highlight the utility of our approach by identifying functionally important players that lack individual gene-trait associations but are prioritized within trait-associated modules using a CRISPR screen to analyze lipid regulation. In conclusion, PhenoPLIER provides a novel framework for interpreting genetic associations through the lens of gene co-expression, highlighting potential therapeutic targets that may have been missed by single-gene strategies and advancing our understanding of functional genomics and drug repurposing in the context of complex traits.","genetic studies, functional genomics, gene co-expression, therapeutic targets, drug repurposing, clustering of complex traits","We introduce PhenoPLIER, a computational approach that maps gene-trait associations and pharmacological perturbation data into a common latent representation for a joint analysis. Genes act in concert with each other in specific contexts to perform their functions. Determining how these genes influence complex traits requires a mechanistic understanding of expression regulation across different conditions. It has been shown that this insight is critical for developing new therapies. Transcriptome-wide association studies have helped uncover the role of individual genes in disease-relevant mechanisms. However, modern models of the architecture of complex traits predict that gene-gene interactions play a crucial role in disease origin and progression. PhenoPLIER's representation is based on modules of genes with similar expression patterns across the same conditions. We observe that diseases are significantly associated with gene modules expressed in relevant cell types, and our approach is accurate in predicting known drug-disease pairs and inferring mechanisms of action. Furthermore, using a CRISPR screen to analyze lipid regulation, we find that functionally important players lack associations but are prioritized in trait-associated modules by PhenoPLIER. In conclusion, by incorporating groups of co-expressed genes, PhenoPLIER can contextualize genetic associations and reveal potential targets missed by single-gene strategies. PhenoPLIER provides a novel framework for interpreting genetic associations through the lens of gene modules.",does not start with background,Projecting genetic associations through gene expression patterns highlights disease etiology and drug mechanisms
"[FAIL] (0.63) Python code returned false
(""PhenoPLIER"" not in output.split(""."")[0])
---
 In this manuscript, we present PhenoPLIER, a novel computational approach that integrates gene-trait associations and pharmacological perturbation data into a unified latent space for comprehensive analysis. Genes often function in coordination with each other within specific contexts to execute their roles. A mechanistic understanding of expression regulation across various conditions is essential to elucidate how these genes influence complex traits, which is vital for developing effective therapies. While transcriptome-wide association studies have contributed significantly to identifying individual genes associated with disease-relevant mechanisms, recent genetic models suggest that gene-gene interactions play a pivotal role in the onset and progression of complex traits. PhenoPLIER represents gene modules based on their similar expression patterns across identical conditions. Our findings indicate that diseases are significantly associated with specific gene modules expressed in relevant cell types. Moreover, PhenoPLIER accurately predicts known drug-disease pairs and infer mechanisms of action. Utilizing a CRISPR screen to analyze lipid regulation, we discovered that functionally important genes lacking individual associations are prioritized within trait-associated modules by PhenoPLIER. In conclusion, PhenoPLIER's incorporation of co-expressed gene groups enables the contextualization of genetic associations and reveals potential targets that may be overlooked using single-gene strategies. Our approach offers a fresh perspective for interpreting genetic associations through the lens of gene modules, providing new avenues for therapeutic target identification and drug repurposing.

Keywords: Genetic studies, Functional genomics, Gene co-expression, Therapeutic targets, Drug repurposing, Clustering of complex traits.","[FAIL] (0.88) Expected output to contain ""CRISPR""
---
 The field of genetic studies has made significant strides in understanding the relationship between individual genes and complex traits, yet there remains a gap in our knowledge regarding the role of gene-gene interactions in disease etiology and progression. Traditional transcriptome-wide association studies have been successful in uncovering the role of individual genes in disease-relevant mechanisms; however, they do not account for the complex interplay between genes that occurs in specific contexts. Here, we introduce PhenoPLIER, a novel computational approach that maps gene-trait associations and pharmacological perturbation data into a common latent representation based on modules of genes with similar expression patterns across different conditions. Our results demonstrate that diseases are significantly associated with these gene modules expressed in relevant cell types, and PhenoPLIER is accurate in predicting known drug-disease pairs and inferring mechanisms of action. Furthermore, we find that functionally important players lacking individual gene associations are prioritized in trait-associated modules by PhenoPLIER. Therefore, by incorporating groups of co-expressed genes, PhenoPLIER can contextualize genetic associations and reveal potential targets missed by single-gene strategies. This novel framework for interpreting genetic associations through the lens of gene modules not only advances our understanding of the complex relationship between genetics and disease but also has implications for drug repurposing and the development of new therapies.","genetic studies, functional genomics, gene co-expression, therapeutic targets, drug repurposing, clustering of complex traits","We introduce PhenoPLIER, a computational approach that maps gene-trait associations and pharmacological perturbation data into a common latent representation for a joint analysis. Genes act in concert with each other in specific contexts to perform their functions. Determining how these genes influence complex traits requires a mechanistic understanding of expression regulation across different conditions. It has been shown that this insight is critical for developing new therapies. Transcriptome-wide association studies have helped uncover the role of individual genes in disease-relevant mechanisms. However, modern models of the architecture of complex traits predict that gene-gene interactions play a crucial role in disease origin and progression. PhenoPLIER's representation is based on modules of genes with similar expression patterns across the same conditions. We observe that diseases are significantly associated with gene modules expressed in relevant cell types, and our approach is accurate in predicting known drug-disease pairs and inferring mechanisms of action. Furthermore, using a CRISPR screen to analyze lipid regulation, we find that functionally important players lack associations but are prioritized in trait-associated modules by PhenoPLIER. In conclusion, by incorporating groups of co-expressed genes, PhenoPLIER can contextualize genetic associations and reveal potential targets missed by single-gene strategies. PhenoPLIER provides a novel framework for interpreting genetic associations through the lens of gene modules.",does not start with background,Projecting genetic associations through gene expression patterns highlights disease etiology and drug mechanisms
"[FAIL] (0.75) Python code returned false
(""PhenoPLIER"" not in output.split(""."")[0])
---
 In this manuscript, we present PhenoPLIER, a novel computational approach that integrates gene-trait associations and pharmacological perturbation data into a unified latent space for comprehensive analysis. We posit that understanding the complex interplay of genes in specific contexts is crucial to elucidating their influence on complex traits and developing new therapies. While transcriptome-wide association studies have shed light on individual genes' roles in disease-relevant mechanisms, there is growing evidence that gene-gene interactions significantly contribute to disease etiology and progression. PhenoPLIER represents genes as modules with similar expression patterns across various conditions. Our results demonstrate significant associations between diseases and gene modules expressed in relevant cell types, highlighting the accuracy of our approach in predicting known drug-disease pairs and inferring mechanisms of action. Moreover, analysis of lipid regulation using CRISPR screens reveals that functionally important genes lacking individual associations are prioritized in trait-associated modules by PhenoPLIER. By incorporating co-expressed gene groups, PhenoPLIER provides a new framework for interpreting genetic associations through the lens of gene modules, offering potential insights into therapeutic targets and drug repurposing opportunities. The manuscript keywords include 'genetic studies,' 'functional genomics,' 'gene co-expression,' 'therapeutic targets,' 'drug repurposing,' 'clustering of complex traits.'","[PASS] (1.00)  In the field of genetic studies, a comprehensive understanding of how genes influence complex traits remains an open question. Traditional methods have relied on transcriptome-wide association studies to uncover individual gene associations with disease-relevant mechanisms, but recent models suggest that gene-gene interactions play a crucial role in disease origin and progression (context). Here, we introduce PhenoPLIER, a novel computational approach that maps gene-trait associations and pharmacological perturbation data into a common latent representation for joint analysis. Our method is based on modules of genes with similar expression patterns across the same conditions, allowing us to determine how these genes influence complex traits in specific contexts (content). We find that diseases are significantly associated with gene modules expressed in relevant cell types and that PhenoPLIER is accurate in predicting known drug-disease pairs and inferring mechanisms of action. Furthermore, using a CRISPR screen to analyze lipid regulation, we find that functionally important players lacking individual gene associations are prioritized in trait-associated modules by PhenoPLIER. By incorporating groups of co-expressed genes, PhenoPLIER can contextualize genetic associations and reveal potential targets missed by single-gene strategies, providing a novel framework for interpreting genetic associations through the lens of gene modules (conclusion). This research moves the broader field forward by highlighting the importance of considering gene-gene interactions in understanding complex traits and developing new therapies.","genetic studies, functional genomics, gene co-expression, therapeutic targets, drug repurposing, clustering of complex traits","We introduce PhenoPLIER, a computational approach that maps gene-trait associations and pharmacological perturbation data into a common latent representation for a joint analysis. Genes act in concert with each other in specific contexts to perform their functions. Determining how these genes influence complex traits requires a mechanistic understanding of expression regulation across different conditions. It has been shown that this insight is critical for developing new therapies. Transcriptome-wide association studies have helped uncover the role of individual genes in disease-relevant mechanisms. However, modern models of the architecture of complex traits predict that gene-gene interactions play a crucial role in disease origin and progression. PhenoPLIER's representation is based on modules of genes with similar expression patterns across the same conditions. We observe that diseases are significantly associated with gene modules expressed in relevant cell types, and our approach is accurate in predicting known drug-disease pairs and inferring mechanisms of action. Furthermore, using a CRISPR screen to analyze lipid regulation, we find that functionally important players lack associations but are prioritized in trait-associated modules by PhenoPLIER. In conclusion, by incorporating groups of co-expressed genes, PhenoPLIER can contextualize genetic associations and reveal potential targets missed by single-gene strategies. PhenoPLIER provides a novel framework for interpreting genetic associations through the lens of gene modules.",does not start with background,Projecting genetic associations through gene expression patterns highlights disease etiology and drug mechanisms
"[FAIL] (0.63) Python code returned false
(""PhenoPLIER"" not in output.split(""."")[0])
---
 In this manuscript, we present PhenoPLIER, a novel computational method that integrates gene-trait associations and pharmacological perturbation data into a unified latent space for comprehensive analysis. Genes operate in a coordinated manner within specific contexts to execute their functions. A mechanistic understanding of expression regulation across various conditions is essential to elucidate how these genes influence complex traits, which is critical for developing new therapies. While transcriptome-wide association studies have contributed significantly to our understanding of individual genes' roles in disease-relevant mechanisms, contemporary models of complex trait architecture suggest that gene-gene interactions are vital in disease etiology and progression.

The foundation of PhenoPLIER lies in the representation of gene modules with similar expression patterns across comparable conditions. Our findings indicate that diseases exhibit significant associations with gene modules expressed in relevant cell types. Moreover, our approach accurately predicts known drug-disease pairs and infer mechanisms of action. Through a CRISPR screen analyzing lipid regulation, we discovered that functionally important genes lacking individual associations are prioritized in trait-associated modules by PhenoPLIER.

In summary, PhenoPLIER's innovative approach of incorporating co-expressed gene groups enables the contextualization of genetic associations and reveals potential targets overlooked by single-gene strategies. By providing a new framework for interpreting genetic associations through the lens of gene modules, PhenoPLIER offers valuable insights into disease etiology and drug mechanisms, paving the way for therapeutic target identification and drug repurposing.

Keywords: Genetic studies, Functional genomics, Gene co-expression, Therapeutic targets, Drug repurposing, Clustering of complex traits.","[PASS] (1.00)  The field of genetic studies has made significant strides in identifying individual gene-trait associations, however, a gap remains in understanding the role of gene-gene interactions in complex traits. This is critical for developing new therapies and uncovering the etiology of diseases. Here we introduce PhenoPLIER, a novel computational approach that maps gene-trait associations and pharmacological perturbation data into a common latent representation for joint analysis. Our method is based on modules of genes with similar expression patterns across different conditions, allowing us to capture the complex interplay between genes. We find that diseases are significantly associated with these gene modules, particularly in relevant cell types. Moreover, PhenoPLIER accurately predicts known drug-disease pairs and infer mechanisms of action. Furthermore, using a CRISPR screen to analyze lipid regulation, we find that functionally important players lacking individual gene-trait associations are prioritized in trait-associated modules by PhenoPLIER. Therefore, PhenoPLIER provides a novel framework for interpreting genetic associations through the lens of gene modules, highlighting potential targets missed by single-gene strategies and moving the field of functional genomics forward by providing new insights into the mechanisms underlying complex traits and drug action.","genetic studies, functional genomics, gene co-expression, therapeutic targets, drug repurposing, clustering of complex traits","We introduce PhenoPLIER, a computational approach that maps gene-trait associations and pharmacological perturbation data into a common latent representation for a joint analysis. Genes act in concert with each other in specific contexts to perform their functions. Determining how these genes influence complex traits requires a mechanistic understanding of expression regulation across different conditions. It has been shown that this insight is critical for developing new therapies. Transcriptome-wide association studies have helped uncover the role of individual genes in disease-relevant mechanisms. However, modern models of the architecture of complex traits predict that gene-gene interactions play a crucial role in disease origin and progression. PhenoPLIER's representation is based on modules of genes with similar expression patterns across the same conditions. We observe that diseases are significantly associated with gene modules expressed in relevant cell types, and our approach is accurate in predicting known drug-disease pairs and inferring mechanisms of action. Furthermore, using a CRISPR screen to analyze lipid regulation, we find that functionally important players lack associations but are prioritized in trait-associated modules by PhenoPLIER. In conclusion, by incorporating groups of co-expressed genes, PhenoPLIER can contextualize genetic associations and reveal potential targets missed by single-gene strategies. PhenoPLIER provides a novel framework for interpreting genetic associations through the lens of gene modules.",does not start with background,Projecting genetic associations through gene expression patterns highlights disease etiology and drug mechanisms
"[FAIL] (0.63) Python code returned false
(""PhenoPLIER"" not in output.split(""."")[0])
---
 In this manuscript, we present PhenoPLIER, a computational method that unifies gene-trait associations and pharmacological perturbation data into a shared latent space for integrated analysis. Genes function in a coordinated manner within specific contexts to execute their roles, and understanding how these genes influence complex traits necessitates a mechanistic comprehension of expression regulation across various conditions. This knowledge is vital for developing novel therapies. While transcriptome-wide association studies have been instrumental in uncovering the involvement of individual genes in disease-relevant mechanisms, modern models suggest that gene-gene interactions significantly contribute to the onset and progression of complex traits. PhenoPLIER's representation relies on gene modules with similar expression patterns across identical conditions. Our findings indicate that diseases are strongly associated with these gene modules in relevant cell types. Additionally, PhenoPLIER accurately predicts known drug-disease pairs and infers mechanisms of action. Furthermore, an analysis of lipid regulation using CRISPR screens reveals that functionally significant genes lacking individual associations can be prioritized within trait-associated modules by PhenoPLIER. Collectively, PhenoPLIER's ability to incorporate co-expressed gene groups enables the contextualization of genetic associations and highlights potential targets that might otherwise be overlooked using single-gene strategies. This novel framework facilitates the interpretation of genetic associations through the lens of gene modules.

Keywords: Genetic studies, Functional genomics, Gene co-expression, Therapeutic targets, Drug repurposing, Clustering of complex traits.","[PASS] (1.00)  In the field of genetic studies and functional genomics, a major challenge lies in understanding how genes that act in concert with each other influence complex traits. While transcriptome-wide association studies have shed light on the role of individual genes in disease-relevant mechanisms, modern models suggest that gene-gene interactions play a crucial role in disease origin and progression. To address this gap, we introduce PhenoPLIER, a computational approach that maps gene-trait associations and pharmacological perturbation data into a common latent representation for joint analysis. Our approach is based on modules of genes with similar expression patterns across the same conditions, and we find that diseases are significantly associated with these gene modules expressed in relevant cell types. Furthermore, using a CRISPR screen to analyze lipid regulation, we find that functionally important players lacking individual gene associations are prioritized in trait-associated modules by PhenoPLIER. By incorporating groups of co-expressed genes, PhenoPLIER can contextualize genetic associations and reveal potential targets missed by single-gene strategies. Therefore, PhenoPLIER provides a novel framework for interpreting genetic associations through the lens of gene modules, offering new insights into disease etiology and drug mechanisms, and paving the way for therapeutic targets and drug repurposing in complex traits.","genetic studies, functional genomics, gene co-expression, therapeutic targets, drug repurposing, clustering of complex traits","We introduce PhenoPLIER, a computational approach that maps gene-trait associations and pharmacological perturbation data into a common latent representation for a joint analysis. Genes act in concert with each other in specific contexts to perform their functions. Determining how these genes influence complex traits requires a mechanistic understanding of expression regulation across different conditions. It has been shown that this insight is critical for developing new therapies. Transcriptome-wide association studies have helped uncover the role of individual genes in disease-relevant mechanisms. However, modern models of the architecture of complex traits predict that gene-gene interactions play a crucial role in disease origin and progression. PhenoPLIER's representation is based on modules of genes with similar expression patterns across the same conditions. We observe that diseases are significantly associated with gene modules expressed in relevant cell types, and our approach is accurate in predicting known drug-disease pairs and inferring mechanisms of action. Furthermore, using a CRISPR screen to analyze lipid regulation, we find that functionally important players lack associations but are prioritized in trait-associated modules by PhenoPLIER. In conclusion, by incorporating groups of co-expressed genes, PhenoPLIER can contextualize genetic associations and reveal potential targets missed by single-gene strategies. PhenoPLIER provides a novel framework for interpreting genetic associations through the lens of gene modules.",does not start with background,Projecting genetic associations through gene expression patterns highlights disease etiology and drug mechanisms
"[FAIL] (0.63) Python code returned false
methods_start = output.find(""PhenoPLIER"")
results_start = max(
    output.find(""CRISPR""),
    output.find(""lipid""),
    output.find(""drug-disease""),
)
response = methods_start < results_start
print(response)

---
 Genes operate in a coordinated manner within specific contexts to execute their functions. Gaining a mechanistic understanding of gene expression regulation across varying conditions is crucial for elucidating the influence of these genes on complex traits and developing novel therapies. Our study reveals significant associations between diseases and gene modules expressed in relevant cell types, demonstrating the accuracy of our approach in predicting known drug-disease pairs and inferring mechanisms of action. Additionally, through a CRISPR screen analysis of lipid regulation, we discovered that functionally important players lacking genetic associations are prioritized in trait-associated modules by PhenoPLIER. In summary, PhenoPLIER's integration of co-expressed gene groups enables the contextualization of genetic associations, highlighting potential targets that might have been overlooked using single-gene strategies. This novel framework provided by PhenoPLIER facilitates the interpretation of genetic associations through a gene module lens, thereby advancing our understanding of disease etiology and drug mechanisms.

Keywords: Genetic studies, Functional genomics, Gene co-expression, Therapeutic targets, Drug repurposing, Clustering of complex traits.","[PASS] (1.00)  In the field of genetic studies, a crucial gap exists in our understanding of how genes act in concert to influence complex traits and diseases. Current approaches often focus on individual genes, neglecting the importance of gene expression regulation across different conditions and cell types. Here, we present a novel method, PhenoPLIER, that addresses this gap by incorporating groups of co-expressed genes to contextualize genetic associations and reveal potential targets missed by single-gene strategies. Our results demonstrate that diseases are significantly associated with specific gene modules expressed in relevant cell types. Furthermore, PhenoPLIER accurately predicts known drug-disease pairs and infers mechanisms of action. Utilizing a CRISPR screen to analyze lipid regulation, we find that functionally important players lacking gene associations are prioritized in trait-associated modules by our approach. By providing a framework for interpreting genetic associations through the lens of gene modules, PhenoPLIER moves the broader field forward, highlighting the potential of functional genomics and gene co-expression analysis in uncovering therapeutic targets and facilitating drug repurposing for complex traits.","genetic studies, functional genomics, gene co-expression, therapeutic targets, drug repurposing, clustering of complex traits","Genes act in concert with each other in specific contexts to perform their functions. Determining how these genes influence complex traits requires a mechanistic understanding of expression regulation across different conditions. It has been shown that this insight is critical for developing new therapies. Our results in this study show that diseases are significantly associated with gene modules expressed in relevant cell types, and our approach is accurate in predicting known drug-disease pairs and inferring mechanisms of action. Furthermore, using a CRISPR screen to analyze lipid regulation, we find that functionally important players lack associations but are prioritized in trait-associated modules by PhenoPLIER. In conclusion, by incorporating groups of co-expressed genes, PhenoPLIER can contextualize genetic associations and reveal potential targets missed by single-gene strategies. PhenoPLIER provides a novel framework for interpreting genetic associations through the lens of gene modules.",does not describe the method or approach proposed,Projecting genetic associations through gene expression patterns highlights disease etiology and drug mechanisms
"[FAIL] (0.63) Python code returned false
methods_start = output.find(""PhenoPLIER"")
results_start = max(
    output.find(""CRISPR""),
    output.find(""lipid""),
    output.find(""drug-disease""),
)
response = methods_start < results_start
print(response)

---
 In specific contexts, genes function cooperatively to execute their roles. Gaining a mechanistic understanding of gene expression regulation across varying conditions is crucial for elucidating how these genes influence complex traits and developing novel therapies. Our study reveals that diseases are significantly associated with gene modules expressed in relevant cell types, and our approach accurately predicts known drug-disease pairs while inferring mechanisms of action. Moreover, through a CRISPR screen analysis of lipid regulation, we discovered that functionally significant genes lacking associations are prioritized in trait-associated modules by PhenoPLIER. In summary, PhenoPLIER's integration of co-expressed gene groups can contextualize genetic associations, revealing potential targets overlooked by single-gene strategies. PhenoPLIER offers a novel framework for interpreting genetic associations via gene modules, shedding light on disease etiology and drug mechanisms.

Keywords: Genetic studies, Functional genomics, Gene co-expression, Therapeutic targets, Drug repurposing, Clustering of complex traits.","[PASS] (1.00)  The study of how genes act in concert to influence complex traits and disease etiology is an active area of research, with important implications for drug discovery and repurposing. However, a gap remains in our understanding of the relationship between gene expression patterns and genetic associations. Here, we present a novel approach, PhenoPLIER, that incorporates groups of co-expressed genes to contextualize genetic associations and reveal potential targets missed by single-gene strategies. Our method is based on the observation that diseases are significantly associated with gene modules expressed in relevant cell types. We demonstrate the accuracy of our approach by predicting known drug-disease pairs and inferring mechanisms of action. Furthermore, through a CRISPR screen analysis of lipid regulation, we find that functionally important players lacking genetic associations are prioritized in trait-associated modules by PhenoPLIER. Our results suggest that PhenoPLIER provides a valuable framework for interpreting genetic associations through the lens of gene modules, and highlights its potential for drug repurposing and therapeutic target identification in complex traits.","genetic studies, functional genomics, gene co-expression, therapeutic targets, drug repurposing, clustering of complex traits","Genes act in concert with each other in specific contexts to perform their functions. Determining how these genes influence complex traits requires a mechanistic understanding of expression regulation across different conditions. It has been shown that this insight is critical for developing new therapies. Our results in this study show that diseases are significantly associated with gene modules expressed in relevant cell types, and our approach is accurate in predicting known drug-disease pairs and inferring mechanisms of action. Furthermore, using a CRISPR screen to analyze lipid regulation, we find that functionally important players lack associations but are prioritized in trait-associated modules by PhenoPLIER. In conclusion, by incorporating groups of co-expressed genes, PhenoPLIER can contextualize genetic associations and reveal potential targets missed by single-gene strategies. PhenoPLIER provides a novel framework for interpreting genetic associations through the lens of gene modules.",does not describe the method or approach proposed,Projecting genetic associations through gene expression patterns highlights disease etiology and drug mechanisms
"[FAIL] (0.88) Python code returned false
methods_start = output.find(""PhenoPLIER"")
results_start = max(
    output.find(""CRISPR""),
    output.find(""lipid""),
    output.find(""drug-disease""),
)
response = methods_start < results_start
print(response)

---
 Genes function in a coordinated manner within specific contexts to execute their roles. Gaining a mechanistic understanding of gene expression regulation across various conditions is crucial for elucidating the influence of these genes on complex traits and developing novel therapies. In this study, we demonstrate that diseases are significantly associated with gene modules expressed in relevant cell types, and our approach proves effective in predicting known drug-disease pairs and inferring mechanisms of action. Moreover, through a CRISPR screen analysis of lipid regulation, we discover that functionally important genes lacking associations are prioritized in trait-associated modules by PhenoPLIER. Our findings underscore the potential of PhenoPLIER to contextualize genetic associations by incorporating groups of co-expressed genes, thereby revealing prospective targets overlooked by single-gene strategies. In summary, PhenoPLIER offers a novel framework for interpreting genetic associations through the lens of gene modules, paving the way for improved disease etiology understanding and drug mechanism insights.","[PASS] (1.00)  The role of genes in the manifestation of complex traits and diseases is a topic of significant interest, with the potential to uncover new therapeutic targets. However, understanding how genes interact and regulate each other within specific contexts remains a challenge. In this study, we introduce a novel approach, PhenoPLIER, that leverages gene co-expression patterns to contextualize genetic associations and reveal functional insights. We demonstrate that diseases are significantly associated with gene modules expressed in relevant cell types, and our method accurately predicts known drug-disease pairs and infer mechanisms of action. A CRISPR screen analysis of lipid regulation further highlights the utility of PhenoPLIER, as it prioritizes functionally important players lacking individual genetic associations within trait-associated modules. By incorporating groups of co-expressed genes, PhenoPLIER provides a comprehensive framework for interpreting genetic associations and uncovering potential targets that may be overlooked by single-gene strategies. This research not only addresses the need for a better understanding of gene regulation in complex traits but also offers a valuable tool for drug repurposing and target discovery, ultimately advancing the broader field of functional genomics.","genetic studies, functional genomics, gene co-expression, therapeutic targets, drug repurposing, clustering of complex traits","Genes act in concert with each other in specific contexts to perform their functions. Determining how these genes influence complex traits requires a mechanistic understanding of expression regulation across different conditions. It has been shown that this insight is critical for developing new therapies. Our results in this study show that diseases are significantly associated with gene modules expressed in relevant cell types, and our approach is accurate in predicting known drug-disease pairs and inferring mechanisms of action. Furthermore, using a CRISPR screen to analyze lipid regulation, we find that functionally important players lack associations but are prioritized in trait-associated modules by PhenoPLIER. In conclusion, by incorporating groups of co-expressed genes, PhenoPLIER can contextualize genetic associations and reveal potential targets missed by single-gene strategies. PhenoPLIER provides a novel framework for interpreting genetic associations through the lens of gene modules.",does not describe the method or approach proposed,Projecting genetic associations through gene expression patterns highlights disease etiology and drug mechanisms
"[FAIL] (0.63) Python code returned false
methods_start = output.find(""PhenoPLIER"")
results_start = max(
    output.find(""CRISPR""),
    output.find(""lipid""),
    output.find(""drug-disease""),
)
response = methods_start < results_start
print(response)

---
 Genes operate cooperatively in specific contexts to execute their functions, and a comprehensive understanding of expression regulation across various conditions is crucial for elucidating how these genes influence complex traits. This knowledge is vital for the development of novel therapies. In this study, we demonstrate that diseases are significantly associated with gene modules expressed in relevant cell types, and our approach proves effective in predicting known drug-disease pairs and inferring mechanisms of action. Additionally, through a CRISPR screen analysis of lipid regulation, we discover that functionally important genes lacking genetic associations are prioritized in trait-associated modules by PhenoPLIER. Collectively, our findings suggest that PhenoPLIER can contextualize genetic associations by incorporating groups of co-expressed genes, thereby revealing potential targets that might be overlooked using single-gene strategies. This study introduces PhenoPLIER as a novel framework for interpreting genetic associations via the perspective of gene modules, thereby shedding light on disease etiology and drug mechanisms.

Keywords: Genetic studies, Functional genomics, Gene co-expression, Therapeutic targets, Drug repurposing, Clustering of complex traits.","[FAIL] (0.88) Python code returned false
methods_start = output.find(""PhenoPLIER"")
results_start = max(
    output.find(""CRISPR""),
    output.find(""lipid""),
    output.find(""drug-disease""),
)
response = methods_start < results_start
print(response)

---
 The role of genes in the context of complex traits is not fully understood, with a gap existing in our knowledge regarding the mechanistic understanding of expression regulation across different conditions. This gap is significant as such insight is critical for developing new therapies. In this study, we present a novel approach to address this issue by incorporating groups of co-expressed genes to contextualize genetic associations and reveal potential targets missed by single-gene strategies. Specifically, we demonstrate that diseases are significantly associated with gene modules expressed in relevant cell types, and our approach is accurate in predicting known drug-disease pairs and inferring mechanisms of action. This is exemplified through a CRISPR screen analysis of lipid regulation, where functionally important players lacking associations are prioritized in trait-associated modules by PhenoPLIER. Our findings suggest that PhenoPLIER provides a valuable framework for interpreting genetic associations through the lens of gene modules and has the potential to inform therapeutic target identification and drug repurposing efforts.","genetic studies, functional genomics, gene co-expression, therapeutic targets, drug repurposing, clustering of complex traits","Genes act in concert with each other in specific contexts to perform their functions. Determining how these genes influence complex traits requires a mechanistic understanding of expression regulation across different conditions. It has been shown that this insight is critical for developing new therapies. Our results in this study show that diseases are significantly associated with gene modules expressed in relevant cell types, and our approach is accurate in predicting known drug-disease pairs and inferring mechanisms of action. Furthermore, using a CRISPR screen to analyze lipid regulation, we find that functionally important players lack associations but are prioritized in trait-associated modules by PhenoPLIER. In conclusion, by incorporating groups of co-expressed genes, PhenoPLIER can contextualize genetic associations and reveal potential targets missed by single-gene strategies. PhenoPLIER provides a novel framework for interpreting genetic associations through the lens of gene modules.",does not describe the method or approach proposed,Projecting genetic associations through gene expression patterns highlights disease etiology and drug mechanisms
"[FAIL] (0.63) Python code returned false
methods_start = output.find(""PhenoPLIER"")
results_start = max(
    output.find(""CRISPR""),
    output.find(""lipid""),
    output.find(""drug-disease""),
)
response = methods_start < results_start
print(response)

---
 In specific contexts, genes function cooperatively to execute their roles. Gaining a mechanistic understanding of expression regulation across various conditions is crucial to elucidate the influence of these genes on complex traits, which is vital for developing effective therapies. Our study reveals that diseases exhibit significant associations with gene modules expressed in relevant cell types. The proposed approach accurately predicts known drug-disease pairs and infer mechanisms of action. Moreover, our CRISPR screen analysis of lipid regulation uncovers functionally important players lacking genetic associations but are prioritized in trait-associated modules by PhenoPLIER. In summary, PhenoPLIER, which incorporates groups of co-expressed genes, can contextualize genetic associations, thereby revealing potential targets that might have been overlooked using single-gene strategies. This novel framework provided by PhenoPLIER enhances the interpretation of genetic associations through the perspective of gene modules, paving the way for improved functional genomics studies and drug repurposing opportunities. (Keywords: genetic studies, functional genomics, gene co-expression, therapeutic targets, drug repurposing, clustering of complex traits)","[PASS] (1.00)  The study of how genes act in concert with each other to influence complex traits is critical for understanding disease etiology and identifying new therapeutic targets. However, a mechanistic understanding of expression regulation across different conditions is necessary to make these connections. Here, we present a novel approach called PhenoPLIER that incorporates groups of co-expressed genes to contextualize genetic associations and reveal potential targets missed by single-gene strategies. Our results demonstrate that diseases are significantly associated with gene modules expressed in relevant cell types, and PhenoPLIER is accurate in predicting known drug-disease pairs and inferring mechanisms of action. Furthermore, using a CRISPR screen to analyze lipid regulation, we find that functionally important players lacking associations are prioritized in trait-associated modules by PhenoPLIER. These findings highlight the potential of PhenoPLIER as a framework for interpreting genetic associations through the lens of gene modules and its utility in drug repurposing and identifying novel therapeutic targets for complex traits.","genetic studies, functional genomics, gene co-expression, therapeutic targets, drug repurposing, clustering of complex traits","Genes act in concert with each other in specific contexts to perform their functions. Determining how these genes influence complex traits requires a mechanistic understanding of expression regulation across different conditions. It has been shown that this insight is critical for developing new therapies. Our results in this study show that diseases are significantly associated with gene modules expressed in relevant cell types, and our approach is accurate in predicting known drug-disease pairs and inferring mechanisms of action. Furthermore, using a CRISPR screen to analyze lipid regulation, we find that functionally important players lack associations but are prioritized in trait-associated modules by PhenoPLIER. In conclusion, by incorporating groups of co-expressed genes, PhenoPLIER can contextualize genetic associations and reveal potential targets missed by single-gene strategies. PhenoPLIER provides a novel framework for interpreting genetic associations through the lens of gene modules.",does not describe the method or approach proposed,Projecting genetic associations through gene expression patterns highlights disease etiology and drug mechanisms
"[FAIL] (0.75) Expected output to not contain one of ""authors, Abstract:, Keywords:, References:""
---
 Genes function in a coordinated manner within specific contexts to execute their roles. A comprehensive understanding of how these genes influence complex traits necessitates insights into expression regulation across diverse conditions. Such knowledge is critical for the development of novel therapies. While transcriptome-wide association studies have been instrumental in uncovering the individual gene-disease associations, modern models suggest that gene-gene interactions significantly contribute to disease etiology and progression. In this study, we introduce PhenoPLIER, a computational approach that integrates gene-trait associations and pharmacological perturbation data into a unified latent space for joint analysis. This framework is based on modules of genes with comparable expression patterns across the same conditions. Our results indicate that diseases are significantly associated with gene modules expressed in relevant cell types. Moreover, PhenoPLIER accurately predicts known drug-disease pairs and infer mechanisms of action. Furthermore, we demonstrate the utility of PhenoPLIER using a CRISPR screen to analyze lipid regulation. Our findings suggest that functionally important genes, which lack individual associations, can be prioritized in trait-associated modules by PhenoPLIER.

Keywords: Genetic studies, Functional genomics, Gene co-expression, Therapeutic targets, Drug repurposing, Clustering of complex traits.","[PASS] (1.00)  In the field of genetic studies, a comprehensive understanding of how genes act in concert to influence complex traits remains an open research question. Current transcriptome-wide association studies have shed light on the role of individual genes in disease-relevant mechanisms; however, they do not fully capture gene-gene interactions that are critical for modeling the architecture of complex traits. Here, we present PhenoPLIER, a novel computational approach that integrates gene-trait associations and pharmacological perturbation data into a common latent space for joint analysis. This is achieved through the creation of modules of genes with similar expression patterns across relevant conditions. We find that diseases are significantly associated with these gene modules, particularly in cell types relevant to the disease. Moreover, our approach accurately predicts known drug-disease pairs and infer mechanisms of action. Utilizing a CRISPR screen for lipid regulation, we demonstrate that functionally important genes lacking individual associations are prioritized within trait-associated modules by PhenoPLIER. Our findings highlight the potential of PhenoPLIER in uncovering novel therapeutic targets and drug repurposing opportunities through a functional genomics approach.","genetic studies, functional genomics, gene co-expression, therapeutic targets, drug repurposing, clustering of complex traits","Genes act in concert with each other in specific contexts to perform their functions. Determining how these genes influence complex traits requires a mechanistic understanding of expression regulation across different conditions. It has been shown that this insight is critical for developing new therapies. Transcriptome-wide association studies have helped uncover the role of individual genes in disease-relevant mechanisms. However, modern models of the architecture of complex traits predict that gene-gene interactions play a crucial role in disease origin and progression. Here we introduce PhenoPLIER, a computational approach that maps gene-trait associations and pharmacological perturbation data into a common latent representation for a joint analysis. This representation is based on modules of genes with similar expression patterns across the same conditions. We observe that diseases are significantly associated with gene modules expressed in relevant cell types, and our approach is accurate in predicting known drug-disease pairs and inferring mechanisms of action. Furthermore, using a CRISPR screen to analyze lipid regulation, we find that functionally important players lack associations but are prioritized in trait-associated modules by PhenoPLIER.",does not provide an interpretation of the results and their implications,Projecting genetic associations through gene expression patterns highlights disease etiology and drug mechanisms
"[FAIL] (0.75) Python code returned false
keywords = [
  ""overall"",
  ""conclusion"",
  ""insight"",
  ""novel"",
  ""potential"",
  ""broader"",
  ""ultimately"",
  ""advancement"",
  ""valuable"",
  ""our study"",
  ""this study"",
  ""our work"",
  ""this work"",
  ""our approach"",
  ""research"",
  ""critical gap"",
  ""understanding"",
  ""powerful"",
  ""advancing"",
  ""importance"",
  ""findings"",
  ""highlight"",
  ""promise"",
  ""promising"",
  ""innovative"",
  ""perspective"",
  ""refine "",
  ""refining"",
  ""accelerate"",
  ""accelerating"",
  ""facilitate"",
  ""facilitating"",
  ""pinpoint"",
  ""implications"",
  ""reveal"",
]
# try to capture the first paragraph (because sometimes models add
# explanations below the revised paragraph)
first_paragraph = output.strip().split(""\n"")[0]
last_sentences = ""."".join(first_paragraph.strip().split(""."")[-2:]).lower()
response = any(s in last_sentences for s in keywords)
print(response)

---
 Genes function in a coordinated manner within specific contexts to execute their roles. Gaining a mechanistic understanding of expression regulation across various conditions is essential to elucidate how these genes influence complex traits, which is critical for developing novel therapies. While transcriptome-wide association studies have been instrumental in uncovering the individual genes' role in disease-relevant mechanisms, modern trait architecture models suggest that gene-gene interactions significantly contribute to disease etiology and progression. In this study, we present PhenoPLIER, a computational approach that integrates gene-trait associations and pharmacological perturbation data into a shared latent representation for joint analysis. This representation is based on modules of genes with similar expression patterns across the same conditions. Our findings indicate that diseases are significantly associated with gene modules expressed in relevant cell types. Moreover, PhenoPLIER accurately predicts known drug-disease pairs and infer mechanisms of action. Additionally, a CRISPR screen analysis of lipid regulation revealed that functionally important genes lacking associations were prioritized in trait-associated modules by PhenoPLIER, highlighting its potential for therapeutic target identification and drug repurposing. Keywords: genetic studies, functional genomics, gene co-expression, therapeutic targets, drug repurposing, clustering of complex traits.","[PASS] (1.00)  In the field of genetic studies, a comprehensive understanding of how genes interact to influence complex traits remains an open research question. While transcriptome-wide association studies have shed light on the role of individual genes in disease-relevant mechanisms, modern models suggest that gene-gene interactions play a significant role in disease etiology and progression. To address this gap, we present PhenoPLIER, a novel computational approach that maps gene-trait associations and pharmacological perturbation data into a common latent space for joint analysis. This representation is based on modules of genes with similar expression patterns across various conditions. We find that diseases are significantly associated with these gene modules when expressed in relevant cell types, and our approach accurately predicts known drug-disease pairs and infer mechanisms of action. Furthermore, by analyzing lipid regulation using a CRISPR screen, we discover functionally important players lacking individual gene-trait associations, which are prioritized in trait-associated modules by PhenoPLIER. Our findings emphasize the importance of considering gene-gene interactions and functional genomics in understanding disease etiology, therapeutic targets, and drug repurposing, ultimately contributing to the clustering of complex traits.","genetic studies, functional genomics, gene co-expression, therapeutic targets, drug repurposing, clustering of complex traits","Genes act in concert with each other in specific contexts to perform their functions. Determining how these genes influence complex traits requires a mechanistic understanding of expression regulation across different conditions. It has been shown that this insight is critical for developing new therapies. Transcriptome-wide association studies have helped uncover the role of individual genes in disease-relevant mechanisms. However, modern models of the architecture of complex traits predict that gene-gene interactions play a crucial role in disease origin and progression. Here we introduce PhenoPLIER, a computational approach that maps gene-trait associations and pharmacological perturbation data into a common latent representation for a joint analysis. This representation is based on modules of genes with similar expression patterns across the same conditions. We observe that diseases are significantly associated with gene modules expressed in relevant cell types, and our approach is accurate in predicting known drug-disease pairs and inferring mechanisms of action. Furthermore, using a CRISPR screen to analyze lipid regulation, we find that functionally important players lack associations but are prioritized in trait-associated modules by PhenoPLIER.",does not provide an interpretation of the results and their implications,Projecting genetic associations through gene expression patterns highlights disease etiology and drug mechanisms
"[FAIL] (0.75) Expected output to not contain one of ""authors, Abstract:, Keywords:, References:""
---
 Genes function in a coordinated manner within specific contexts to execute their roles. Gaining a mechanistic understanding of expression regulation across various conditions is crucial for elucidating how these genes influence complex traits, which is critical for developing novel therapies. While transcriptome-wide association studies have contributed significantly to uncovering the role of individual genes in disease-relevant mechanisms, modern models suggest that gene-gene interactions play a pivotal role in the etiology and progression of complex traits. In this study, we present PhenoPLIER, a computational approach that integrates gene-trait associations and pharmacological perturbation data into a common latent representation for joint analysis. This representation is based on modules of genes with similar expression patterns across the same conditions. Our findings indicate that diseases are significantly associated with gene modules expressed in relevant cell types. Moreover, PhenoPLIER accurately predicts known drug-disease pairs and infer mechanisms of action. Furthermore, our analysis of a CRISPR screen for lipid regulation revealed that functionally important genes lacking associations were prioritized in trait-associated modules by PhenoPLIER.

Keywords: Genetic studies, Functional genomics, Gene co-expression, Therapeutic targets, Drug repurposing, Clustering of complex traits.","[PASS] (1.00)  In the field of genetic studies, a comprehensive understanding of how genes act in concert to influence complex traits is crucial for elucidating disease etiology and identifying therapeutic targets. While transcriptome-wide association studies have shed light on individual gene-trait associations, modern models suggest that gene-gene interactions play a significant role in disease origin and progression. To address this gap, we present PhenoPLIER, a novel computational approach that maps gene-trait associations and pharmacological perturbation data into a common latent representation for joint analysis. This representation is based on modules of genes with similar expression patterns across relevant conditions. Our results demonstrate that diseases are significantly associated with specific gene modules, and PhenoPLIER accurately predicts known drug-disease pairs and infers mechanisms of action. Furthermore, we applied PhenoPLIER to a CRISPR screen analyzing lipid regulation, revealing that functionally important players lacking individual gene-trait associations are prioritized in trait-associated modules by our approach. This research highlights the potential of functional genomics and gene co-expression analysis in uncovering novel therapeutic targets and facilitating drug repurposing for complex traits.","genetic studies, functional genomics, gene co-expression, therapeutic targets, drug repurposing, clustering of complex traits","Genes act in concert with each other in specific contexts to perform their functions. Determining how these genes influence complex traits requires a mechanistic understanding of expression regulation across different conditions. It has been shown that this insight is critical for developing new therapies. Transcriptome-wide association studies have helped uncover the role of individual genes in disease-relevant mechanisms. However, modern models of the architecture of complex traits predict that gene-gene interactions play a crucial role in disease origin and progression. Here we introduce PhenoPLIER, a computational approach that maps gene-trait associations and pharmacological perturbation data into a common latent representation for a joint analysis. This representation is based on modules of genes with similar expression patterns across the same conditions. We observe that diseases are significantly associated with gene modules expressed in relevant cell types, and our approach is accurate in predicting known drug-disease pairs and inferring mechanisms of action. Furthermore, using a CRISPR screen to analyze lipid regulation, we find that functionally important players lack associations but are prioritized in trait-associated modules by PhenoPLIER.",does not provide an interpretation of the results and their implications,Projecting genetic associations through gene expression patterns highlights disease etiology and drug mechanisms
"[PASS] (1.00)  Genes function in a coordinated manner within specific contexts to execute their roles. Gaining a mechanistic understanding of how these genes regulate complex traits across various conditions is crucial for elucidating disease etiology and developing novel therapies. Although transcriptome-wide association studies have been instrumental in identifying the role of individual genes in disease-relevant mechanisms, modern genetic studies suggest that gene-gene interactions significantly contribute to the origin and progression of complex traits. In this study, we introduce PhenoPLIER, a computational approach that integrates gene-trait associations and pharmacological perturbation data into a unified latent representation for joint analysis. This representation is based on modules of genes with similar expression patterns across identical conditions. We demonstrate that diseases are significantly associated with gene modules expressed in relevant cell types, and our approach accurately predicts known drug-disease pairs and infers mechanisms of action. Moreover, through a CRISPR screen analyzing lipid regulation, we discover that functionally important genes lacking associations are prioritized in trait-associated modules by PhenoPLIER. Our study highlights the importance of incorporating gene-gene interactions in functional genomics and provides insights into drug repurposing and therapeutic targets for complex traits.","[PASS] (1.00)  In the field of genetic studies, a comprehensive understanding of how genes interact to influence complex traits remains an open question. Although transcriptome-wide association studies have shed light on individual gene-trait associations, they do not fully capture the intricate network of gene-gene interactions that contribute to disease etiology and progression. To address this gap, we introduce PhenoPLIER, a novel computational approach that maps gene-trait associations and pharmacological perturbation data into a common latent representation for joint analysis. This representation is based on modules of genes with similar expression patterns across relevant conditions. Our results demonstrate that diseases are significantly associated with specific gene modules, highlighting the importance of gene-gene interactions in disease origin and progression. Furthermore, PhenoPLIER accurately predicts known drug-disease pairs and infer mechanisms of action. Notably, a CRISPR screen analysis of lipid regulation revealed that functionally important players lacking individual gene-trait associations are prioritized in trait-associated modules by PhenoPLIER. These findings emphasize the potential of PhenoPLIER for uncovering novel therapeutic targets and facilitating drug repurposing, ultimately advancing our understanding of complex traits and their underlying mechanisms.","genetic studies, functional genomics, gene co-expression, therapeutic targets, drug repurposing, clustering of complex traits","Genes act in concert with each other in specific contexts to perform their functions. Determining how these genes influence complex traits requires a mechanistic understanding of expression regulation across different conditions. It has been shown that this insight is critical for developing new therapies. Transcriptome-wide association studies have helped uncover the role of individual genes in disease-relevant mechanisms. However, modern models of the architecture of complex traits predict that gene-gene interactions play a crucial role in disease origin and progression. Here we introduce PhenoPLIER, a computational approach that maps gene-trait associations and pharmacological perturbation data into a common latent representation for a joint analysis. This representation is based on modules of genes with similar expression patterns across the same conditions. We observe that diseases are significantly associated with gene modules expressed in relevant cell types, and our approach is accurate in predicting known drug-disease pairs and inferring mechanisms of action. Furthermore, using a CRISPR screen to analyze lipid regulation, we find that functionally important players lack associations but are prioritized in trait-associated modules by PhenoPLIER.",does not provide an interpretation of the results and their implications,Projecting genetic associations through gene expression patterns highlights disease etiology and drug mechanisms
"[PASS] (1.00)  Genes function in a coordinated manner within specific contexts to execute their roles. Gaining a mechanistic understanding of expression regulation across various conditions is essential to elucidate how these genes influence complex traits, which is critical for developing novel therapies. While transcriptome-wide association studies have been instrumental in uncovering the role of individual genes in disease-relevant mechanisms, modern perspectives on the architecture of complex traits suggest that gene-gene interactions significantly contribute to disease etiology and progression. In this study, we present PhenoPLIER, a computational approach that integrates gene-trait associations and pharmacological perturbation data into a unified latent space for joint analysis. This common representation is derived from modules of genes with similar expression patterns across identical conditions. Our results indicate that diseases are significantly associated with gene modules expressed in relevant cell types. Moreover, PhenoPLIER accurately predicts known drug-disease pairs and infer mechanisms of action. Utilizing a CRISPR screen to analyze lipid regulation, we discovered that functionally important genes lacking associations are prioritized in trait-associated modules by PhenoPLIER. Therefore, our approach offers a promising strategy for identifying therapeutic targets and repurposing drugs for complex traits.","[PASS] (1.00)  In the field of genetic studies, a comprehensive understanding of how genes work in concert to influence complex traits remains an open research question. While transcriptome-wide association studies have shed light on the role of individual genes in disease-relevant mechanisms, modern models suggest that gene-gene interactions play a crucial role in disease origin and progression. To address this gap, we introduce PhenoPLIER, a computational approach that maps gene-trait associations and pharmacological perturbation data into a common latent representation for joint analysis. Our method is based on modules of genes with similar expression patterns across the same conditions, enabling us to observe significant associations between diseases and gene modules expressed in relevant cell types. We demonstrate the accuracy of our approach by predicting known drug-disease pairs and inferring mechanisms of action. Moreover, using a CRISPR screen to analyze lipid regulation, we find that functionally important players lacking individual gene associations are prioritized in trait-associated modules by PhenoPLIER. Our study highlights the potential of integrating functional genomics and gene co-expression analysis for identifying therapeutic targets and drug repurposing opportunities, ultimately advancing our understanding of disease etiology and drug mechanisms.","genetic studies, functional genomics, gene co-expression, therapeutic targets, drug repurposing, clustering of complex traits","Genes act in concert with each other in specific contexts to perform their functions. Determining how these genes influence complex traits requires a mechanistic understanding of expression regulation across different conditions. It has been shown that this insight is critical for developing new therapies. Transcriptome-wide association studies have helped uncover the role of individual genes in disease-relevant mechanisms. However, modern models of the architecture of complex traits predict that gene-gene interactions play a crucial role in disease origin and progression. Here we introduce PhenoPLIER, a computational approach that maps gene-trait associations and pharmacological perturbation data into a common latent representation for a joint analysis. This representation is based on modules of genes with similar expression patterns across the same conditions. We observe that diseases are significantly associated with gene modules expressed in relevant cell types, and our approach is accurate in predicting known drug-disease pairs and inferring mechanisms of action. Furthermore, using a CRISPR screen to analyze lipid regulation, we find that functionally important players lack associations but are prioritized in trait-associated modules by PhenoPLIER.",does not provide an interpretation of the results and their implications,Projecting genetic associations through gene expression patterns highlights disease etiology and drug mechanisms
