"{""raw"":""You are a scientist with copy-editing skills who will help in improving the text of a manuscript with title '{{ title }}' and keywords '{{ keywords }}'. Revise the following abstract of this manuscript.\n\nInput paragraph: {{ paragraph }}\n\nRevised paragraph:"",""display"":""/home/miltondp/projects/others/manubot/manubot-ai-editor-evals/abstract/phenoplier/prompts/baseline.txt"",""id"":""e1a57a9264776c29f043b96cf25a9c6b38b059a85043459f545fc3392e2dcf4c"",""metrics"":{""score"":18.888888888888893,""testPassCount"":10,""testFailCount"":10,""assertPassCount"":170,""assertFailCount"":10,""totalLatencyMs"":129288,""tokenUsage"":{""total"":10937,""prompt"":6380,""completion"":4557,""cached"":0},""namedScores"":{}}}","{""raw"":""You are a scientist with copy-editing skills who will help in improving the text of a manuscript with title '{{ title }}' and keywords '{{ keywords }}'. Revise the following abstract of this manuscript, so it has a clear sentence structure and follows a context-content-conclusion (C-C-C) scheme and fits in a single paragraph. Make changes only when they are absolutely necessary to follow the C-C-C scheme. Under the C-C-C scheme, the abstract must follow the following structure: 1) The context must communicate to the reader what gap the paper will fill. The first sentence orients the reader by introducing the broader field in which the particular research is situated. Then, this context is narrowed until it lands on the open question that the research answered. A successful context section sets the stage for distinguishing the paper’s contributions from the current state of the art by communicating what is missing in the literature (i.e., the specific gap) and why that matters (i.e., the connection between the specific gap and the broader context that the paper opened with); 2) The content (\""Here we\"") first describes the novel method or approach that you used to fill the gap or question. Then you present the meat—your executive summary of the results; 3) Finally, the conclusion interprets the results to answer the question that was posed at the end of the context section. There is often a second part to the conclusion section that highlights how this conclusion moves the broader field forward (i.e., \""broader significance\"").\n\nInput paragraph: {{ paragraph }}\n\nRevised paragraph:"",""display"":""/home/miltondp/projects/others/manubot/manubot-ai-editor-evals/abstract/phenoplier/prompts/candidate.txt"",""id"":""0f5d561555c25e8d2190ab31964c7226ce27388741d7951aebeb28761ec0ff57"",""metrics"":{""score"":19.444444444444446,""testPassCount"":15,""testFailCount"":5,""assertPassCount"":175,""assertFailCount"":5,""totalLatencyMs"":130132,""tokenUsage"":{""total"":16405,""prompt"":11720,""completion"":4685,""cached"":0},""namedScores"":{}}}",keywords,paragraph,test_description,title
"[PASS] (1.00) Genes work together in specific contexts to carry out their functions. To understand how these genes influence complex traits, it is important to have a mechanistic understanding of gene expression regulation under different conditions. This understanding is crucial for the development of new therapies. While transcriptome-wide association studies have helped uncover the role of individual genes in disease mechanisms, modern models of complex traits suggest that gene-gene interactions are also important in disease origin and progression. In this study, we present PhenoPLIER, a computational approach that integrates gene-trait associations and pharmacological perturbation data into a common latent representation for joint analysis. This representation is based on modules of genes with similar expression patterns across the same conditions. We find that diseases are significantly associated with gene modules expressed in relevant cell types, and our approach accurately predicts known drug-disease pairs and infers mechanisms of action. Additionally, using a CRISPR screen to analyze lipid regulation, we discover that functionally important players, which lack associations, are prioritized in trait-associated modules by PhenoPLIER. In conclusion, by incorporating groups of co-expressed genes, PhenoPLIER can provide context to genetic associations and identify potential targets that may be missed by single-gene strategies. PhenoPLIER offers a novel framework for interpreting genetic associations through the lens of gene modules.","[PASS] (1.00) Genes work together in specific contexts to carry out their functions. To understand how these genes influence complex traits, it is important to have a mechanistic understanding of gene expression regulation under different conditions. This understanding is crucial for the development of new therapies. While transcriptome-wide association studies have helped uncover the role of individual genes in disease mechanisms, modern models of complex traits suggest that gene-gene interactions are also important in disease origin and progression. In this study, we introduce PhenoPLIER, a computational approach that maps gene-trait associations and pharmacological perturbation data into a common latent representation for joint analysis. This representation is based on modules of genes with similar expression patterns across the same conditions. We find that diseases are significantly associated with gene modules expressed in relevant cell types, and our approach accurately predicts known drug-disease pairs and infers mechanisms of action. Additionally, using a CRISPR screen to analyze lipid regulation, we discover that functionally important players lack associations but are prioritized in trait-associated modules by PhenoPLIER. In conclusion, by incorporating groups of co-expressed genes, PhenoPLIER can provide context to genetic associations and identify potential targets that may be missed by single-gene strategies. PhenoPLIER offers a novel framework for interpreting genetic associations through the lens of gene modules.","genetic studies, functional genomics, gene co-expression, therapeutic targets, drug repurposing, clustering of complex traits","Genes act in concierto with each other in specifico contexts to perform their functions. Determining how these genes influence complex traits requires a mechanistic understanding of expression regulation across different conditions. It has been shown that this insight is critical for developing new therapies. Transcriptome-wide association studies have helped uncover the role of individual genes in disease-relevant mechanisms. However, modern models of the architecture of complex traits predict that gene-gene interactions play a crucial role in disease origin and progression. Here we introduce PhenoPLIER, a computational approach that maps gene-trait associations and pharmacological perturbation data into a common latent representation for a joint analysis. This representation is base on modules of genes with similar expression patterns across the same conditions. We observe that diseases are significantl associated with gene modules expressed in relevant cell types, and our approach is accurate in predicting known drug-disease pairs and inferring mechanisms of action. Furthermore using a CRISPR screen to analyze lipid regulation, we find that functionally important players lack associations but are prioritized in trait-associated modules by PhenoPLIER. In conclusion, by incorporating, groups of co-expressed genes, PhenoPLIER can contextualize genetic associations and reveal, potential targets missed by single-gene strategies. PhenoPLIER provides a novel framework for interpreting genetic associations through the lens of gene modules.",spelling/grammar errors,Projecting genetic associations through gene expression patterns highlights disease etiology and drug mechanisms
"[PASS] (1.00) Genes work together in specific contexts to carry out their functions. To understand how these genes influence complex traits, it is important to have a mechanistic understanding of gene expression regulation under different conditions. This understanding is crucial for the development of new therapies. While transcriptome-wide association studies have helped uncover the role of individual genes in disease mechanisms, modern models of complex traits suggest that gene-gene interactions are also important in disease origin and progression. In this study, we present PhenoPLIER, a computational approach that integrates gene-trait associations and pharmacological perturbation data into a common latent representation for joint analysis. This representation is based on modules of genes with similar expression patterns across the same conditions. Our results show that diseases are significantly associated with gene modules expressed in relevant cell types, and PhenoPLIER accurately predicts known drug-disease pairs and infers mechanisms of action. Additionally, using a CRISPR screen to analyze lipid regulation, we find that functionally important genes without associations are prioritized in trait-associated modules by PhenoPLIER. In conclusion, by incorporating groups of co-expressed genes, PhenoPLIER can provide context to genetic associations and identify potential targets that may be missed by single-gene strategies. PhenoPLIER offers a novel framework for interpreting genetic associations through the lens of gene modules.","[PASS] (1.00) Genes work together in specific contexts to carry out their functions. To understand how these genes influence complex traits, it is important to have a mechanistic understanding of gene expression regulation under different conditions. This understanding is crucial for the development of new therapies. While transcriptome-wide association studies have helped uncover the role of individual genes in disease mechanisms, modern models of complex traits suggest that gene-gene interactions are also important in disease origin and progression. In this study, we introduce PhenoPLIER, a computational approach that maps gene-trait associations and pharmacological perturbation data into a common latent representation for joint analysis. This representation is based on modules of genes with similar expression patterns across the same conditions. We find that diseases are significantly associated with gene modules expressed in relevant cell types, and our approach accurately predicts known drug-disease pairs and infers mechanisms of action. Additionally, using a CRISPR screen to analyze lipid regulation, we discover that functionally important players lack associations but are prioritized in trait-associated modules by PhenoPLIER. In conclusion, by incorporating groups of co-expressed genes, PhenoPLIER can provide context to genetic associations and identify potential targets that may be missed by single-gene strategies. PhenoPLIER offers a novel framework for interpreting genetic associations through the lens of gene modules.","genetic studies, functional genomics, gene co-expression, therapeutic targets, drug repurposing, clustering of complex traits","Genes act in concierto with each other in specifico contexts to perform their functions. Determining how these genes influence complex traits requires a mechanistic understanding of expression regulation across different conditions. It has been shown that this insight is critical for developing new therapies. Transcriptome-wide association studies have helped uncover the role of individual genes in disease-relevant mechanisms. However, modern models of the architecture of complex traits predict that gene-gene interactions play a crucial role in disease origin and progression. Here we introduce PhenoPLIER, a computational approach that maps gene-trait associations and pharmacological perturbation data into a common latent representation for a joint analysis. This representation is base on modules of genes with similar expression patterns across the same conditions. We observe that diseases are significantl associated with gene modules expressed in relevant cell types, and our approach is accurate in predicting known drug-disease pairs and inferring mechanisms of action. Furthermore using a CRISPR screen to analyze lipid regulation, we find that functionally important players lack associations but are prioritized in trait-associated modules by PhenoPLIER. In conclusion, by incorporating, groups of co-expressed genes, PhenoPLIER can contextualize genetic associations and reveal, potential targets missed by single-gene strategies. PhenoPLIER provides a novel framework for interpreting genetic associations through the lens of gene modules.",spelling/grammar errors,Projecting genetic associations through gene expression patterns highlights disease etiology and drug mechanisms
"[PASS] (1.00) Genes work together in specific contexts to carry out their functions. To understand how these genes influence complex traits, it is important to have a mechanistic understanding of gene expression regulation under different conditions. This understanding is crucial for the development of new therapies. While transcriptome-wide association studies have helped uncover the role of individual genes in disease mechanisms, modern models of complex traits suggest that gene-gene interactions are also important in disease origin and progression. In this study, we present PhenoPLIER, a computational approach that integrates gene-trait associations and pharmacological perturbation data into a common latent representation for joint analysis. This representation is based on modules of genes with similar expression patterns across the same conditions. We find that diseases are significantly associated with gene modules expressed in relevant cell types, and our approach accurately predicts known drug-disease pairs and infers mechanisms of action. Additionally, using a CRISPR screen to analyze lipid regulation, we discover that functionally important players, which lack associations, are prioritized in trait-associated modules by PhenoPLIER. In conclusion, by incorporating groups of co-expressed genes, PhenoPLIER can provide context to genetic associations and identify potential targets that may be missed by single-gene strategies. PhenoPLIER offers a novel framework for interpreting genetic associations through the lens of gene modules.","[PASS] (1.00) Genes work together in specific contexts to carry out their functions. To understand how these genes influence complex traits, it is important to have a mechanistic understanding of gene expression regulation under different conditions. This understanding is crucial for the development of new therapies. While transcriptome-wide association studies have helped uncover the role of individual genes in disease mechanisms, modern models of complex traits suggest that gene-gene interactions are also important in disease origin and progression. In this study, we introduce PhenoPLIER, a computational approach that maps gene-trait associations and pharmacological perturbation data into a common latent representation for joint analysis. This representation is based on modules of genes with similar expression patterns across the same conditions. We find that diseases are significantly associated with gene modules expressed in relevant cell types, and our approach accurately predicts known drug-disease pairs and infers mechanisms of action. Additionally, using a CRISPR screen to analyze lipid regulation, we discover that functionally important players lack associations but are prioritized in trait-associated modules by PhenoPLIER. In conclusion, by incorporating groups of co-expressed genes, PhenoPLIER can provide context to genetic associations and identify potential targets that may be missed by single-gene strategies. PhenoPLIER offers a novel framework for interpreting genetic associations through the lens of gene modules.","genetic studies, functional genomics, gene co-expression, therapeutic targets, drug repurposing, clustering of complex traits","Genes act in concierto with each other in specifico contexts to perform their functions. Determining how these genes influence complex traits requires a mechanistic understanding of expression regulation across different conditions. It has been shown that this insight is critical for developing new therapies. Transcriptome-wide association studies have helped uncover the role of individual genes in disease-relevant mechanisms. However, modern models of the architecture of complex traits predict that gene-gene interactions play a crucial role in disease origin and progression. Here we introduce PhenoPLIER, a computational approach that maps gene-trait associations and pharmacological perturbation data into a common latent representation for a joint analysis. This representation is base on modules of genes with similar expression patterns across the same conditions. We observe that diseases are significantl associated with gene modules expressed in relevant cell types, and our approach is accurate in predicting known drug-disease pairs and inferring mechanisms of action. Furthermore using a CRISPR screen to analyze lipid regulation, we find that functionally important players lack associations but are prioritized in trait-associated modules by PhenoPLIER. In conclusion, by incorporating, groups of co-expressed genes, PhenoPLIER can contextualize genetic associations and reveal, potential targets missed by single-gene strategies. PhenoPLIER provides a novel framework for interpreting genetic associations through the lens of gene modules.",spelling/grammar errors,Projecting genetic associations through gene expression patterns highlights disease etiology and drug mechanisms
"[PASS] (1.00) Genes work together in specific contexts to carry out their functions. To understand how these genes influence complex traits, it is important to have a mechanistic understanding of gene expression regulation under different conditions. This understanding is crucial for the development of new therapies. While transcriptome-wide association studies have helped uncover the role of individual genes in disease mechanisms, modern models of complex traits suggest that gene-gene interactions are also important in disease origin and progression. In this study, we present PhenoPLIER, a computational approach that integrates gene-trait associations and pharmacological perturbation data into a common latent representation for joint analysis. This representation is based on modules of genes with similar expression patterns across the same conditions. We find that diseases are significantly associated with gene modules expressed in relevant cell types, and our approach accurately predicts known drug-disease pairs and infers mechanisms of action. Additionally, using a CRISPR screen to analyze lipid regulation, we discover that functionally important players, which lack associations, are prioritized in trait-associated modules by PhenoPLIER. In conclusion, by incorporating groups of co-expressed genes, PhenoPLIER can provide context to genetic associations and identify potential targets that may be missed by single-gene strategies. PhenoPLIER offers a novel framework for interpreting genetic associations through the lens of gene modules.","[PASS] (1.00) Genes work together in specific contexts to carry out their functions. To understand how these genes influence complex traits, it is important to have a mechanistic understanding of gene expression regulation under different conditions. This understanding is crucial for the development of new therapies. While transcriptome-wide association studies have helped uncover the role of individual genes in disease mechanisms, modern models of complex traits suggest that gene-gene interactions are also important in disease origin and progression. In this study, we introduce PhenoPLIER, a computational approach that maps gene-trait associations and pharmacological perturbation data into a common latent representation for joint analysis. This representation is based on modules of genes with similar expression patterns across the same conditions. We find that diseases are significantly associated with gene modules expressed in relevant cell types, and our approach accurately predicts known drug-disease pairs and infers mechanisms of action. Additionally, using a CRISPR screen to analyze lipid regulation, we discover that functionally important players lack associations but are prioritized in trait-associated modules by PhenoPLIER. In conclusion, by incorporating groups of co-expressed genes, PhenoPLIER can provide context to genetic associations and identify potential targets that may be missed by single-gene strategies. PhenoPLIER offers a novel framework for interpreting genetic associations through the lens of gene modules.","genetic studies, functional genomics, gene co-expression, therapeutic targets, drug repurposing, clustering of complex traits","Genes act in concierto with each other in specifico contexts to perform their functions. Determining how these genes influence complex traits requires a mechanistic understanding of expression regulation across different conditions. It has been shown that this insight is critical for developing new therapies. Transcriptome-wide association studies have helped uncover the role of individual genes in disease-relevant mechanisms. However, modern models of the architecture of complex traits predict that gene-gene interactions play a crucial role in disease origin and progression. Here we introduce PhenoPLIER, a computational approach that maps gene-trait associations and pharmacological perturbation data into a common latent representation for a joint analysis. This representation is base on modules of genes with similar expression patterns across the same conditions. We observe that diseases are significantl associated with gene modules expressed in relevant cell types, and our approach is accurate in predicting known drug-disease pairs and inferring mechanisms of action. Furthermore using a CRISPR screen to analyze lipid regulation, we find that functionally important players lack associations but are prioritized in trait-associated modules by PhenoPLIER. In conclusion, by incorporating, groups of co-expressed genes, PhenoPLIER can contextualize genetic associations and reveal, potential targets missed by single-gene strategies. PhenoPLIER provides a novel framework for interpreting genetic associations through the lens of gene modules.",spelling/grammar errors,Projecting genetic associations through gene expression patterns highlights disease etiology and drug mechanisms
"[PASS] (1.00) Genes work together in specific contexts to carry out their functions. To understand how these genes influence complex traits, it is important to have a mechanistic understanding of gene expression regulation under different conditions. This understanding is crucial for the development of new therapies. While transcriptome-wide association studies have helped uncover the role of individual genes in disease mechanisms, modern models of complex traits suggest that gene-gene interactions are also important in disease origin and progression. In this study, we present PhenoPLIER, a computational approach that integrates gene-trait associations and pharmacological perturbation data into a common latent representation for joint analysis. This representation is based on modules of genes with similar expression patterns across the same conditions. Our results show that diseases are significantly associated with gene modules expressed in relevant cell types, and PhenoPLIER accurately predicts known drug-disease pairs and infers mechanisms of action. Additionally, using a CRISPR screen to analyze lipid regulation, we find that functionally important genes, which lack individual associations, are prioritized in trait-associated modules by PhenoPLIER. In conclusion, by incorporating groups of co-expressed genes, PhenoPLIER can provide context to genetic associations and identify potential targets that may be missed by single-gene strategies. PhenoPLIER offers a novel framework for interpreting genetic associations through the lens of gene modules.","[PASS] (1.00) Genes work together in specific contexts to carry out their functions. To understand how these genes influence complex traits, it is important to have a mechanistic understanding of gene expression regulation under different conditions. This understanding is crucial for the development of new therapies. While transcriptome-wide association studies have helped uncover the role of individual genes in disease mechanisms, modern models of complex traits suggest that gene-gene interactions are also important in disease origin and progression. In this study, we introduce PhenoPLIER, a computational approach that maps gene-trait associations and pharmacological perturbation data into a common latent representation for joint analysis. This representation is based on modules of genes with similar expression patterns across the same conditions. We find that diseases are significantly associated with gene modules expressed in relevant cell types, and our approach accurately predicts known drug-disease pairs and infers mechanisms of action. Additionally, using a CRISPR screen to analyze lipid regulation, we discover that functionally important players lack associations but are prioritized in trait-associated modules by PhenoPLIER. In conclusion, by incorporating groups of co-expressed genes, PhenoPLIER can provide context to genetic associations and identify potential targets that may be missed by single-gene strategies. PhenoPLIER offers a novel framework for interpreting genetic associations through the lens of gene modules.","genetic studies, functional genomics, gene co-expression, therapeutic targets, drug repurposing, clustering of complex traits","Genes act in concierto with each other in specifico contexts to perform their functions. Determining how these genes influence complex traits requires a mechanistic understanding of expression regulation across different conditions. It has been shown that this insight is critical for developing new therapies. Transcriptome-wide association studies have helped uncover the role of individual genes in disease-relevant mechanisms. However, modern models of the architecture of complex traits predict that gene-gene interactions play a crucial role in disease origin and progression. Here we introduce PhenoPLIER, a computational approach that maps gene-trait associations and pharmacological perturbation data into a common latent representation for a joint analysis. This representation is base on modules of genes with similar expression patterns across the same conditions. We observe that diseases are significantl associated with gene modules expressed in relevant cell types, and our approach is accurate in predicting known drug-disease pairs and inferring mechanisms of action. Furthermore using a CRISPR screen to analyze lipid regulation, we find that functionally important players lack associations but are prioritized in trait-associated modules by PhenoPLIER. In conclusion, by incorporating, groups of co-expressed genes, PhenoPLIER can contextualize genetic associations and reveal, potential targets missed by single-gene strategies. PhenoPLIER provides a novel framework for interpreting genetic associations through the lens of gene modules.",spelling/grammar errors,Projecting genetic associations through gene expression patterns highlights disease etiology and drug mechanisms
"[FAIL] (0.89) Python code returned false
print(
  ""PhenoPLIER"" not in output.split(""."")[0]
)

---
We present PhenoPLIER, a novel computational approach that integrates gene-trait associations and pharmacological perturbation data into a unified latent representation for joint analysis. Genes work together in specific contexts to carry out their functions, and understanding how these genes influence complex traits requires a mechanistic understanding of gene expression regulation across different conditions. This understanding is crucial for the development of new therapies. While transcriptome-wide association studies have shed light on the role of individual genes in disease mechanisms, modern models of complex traits suggest that gene-gene interactions are key drivers of disease origin and progression. PhenoPLIER represents genes as modules with similar expression patterns across the same conditions. We find that diseases are significantly associated with gene modules expressed in relevant cell types, and our approach accurately predicts known drug-disease pairs and infers mechanisms of action. Additionally, using a CRISPR screen to study lipid regulation, we discover that functionally important genes, which lack individual associations, are prioritized in trait-associated modules by PhenoPLIER. In conclusion, by incorporating co-expressed gene groups, PhenoPLIER contextualizes genetic associations and uncovers potential targets that may be missed by single-gene strategies. PhenoPLIER offers a novel framework for interpreting genetic associations through the lens of gene modules.","[PASS] (1.00) In the field of genetic studies and functional genomics, understanding the influence of genes on complex traits is crucial for developing new therapies. While transcriptome-wide association studies have shed light on the role of individual genes in disease mechanisms, it is now recognized that gene-gene interactions play a significant role in disease origin and progression. To address this, we introduce PhenoPLIER, a computational approach that maps gene-trait associations and pharmacological perturbation data into a common latent representation for joint analysis. PhenoPLIER's representation is based on modules of genes with similar expression patterns across the same conditions. By incorporating groups of co-expressed genes, PhenoPLIER can contextualize genetic associations and reveal potential targets missed by single-gene strategies. We demonstrate that diseases are significantly associated with gene modules expressed in relevant cell types, and our approach accurately predicts known drug-disease pairs and infers mechanisms of action. Additionally, using a CRISPR screen to analyze lipid regulation, we find that functionally important players lacking associations are prioritized in trait-associated modules by PhenoPLIER. In conclusion, PhenoPLIER provides a novel framework for interpreting genetic associations through the lens of gene modules, filling a gap in the current literature and offering new insights for therapeutic targets and drug repurposing.","genetic studies, functional genomics, gene co-expression, therapeutic targets, drug repurposing, clustering of complex traits","We introduce PhenoPLIER, a computational approach that maps gene-trait associations and pharmacological perturbation data into a common latent representation for a joint analysis. Genes act in concert with each other in specific contexts to perform their functions. Determining how these genes influence complex traits requires a mechanistic understanding of expression regulation across different conditions. It has been shown that this insight is critical for developing new therapies. Transcriptome-wide association studies have helped uncover the role of individual genes in disease-relevant mechanisms. However, modern models of the architecture of complex traits predict that gene-gene interactions play a crucial role in disease origin and progression. PhenoPLIER's representation is based on modules of genes with similar expression patterns across the same conditions. We observe that diseases are significantly associated with gene modules expressed in relevant cell types, and our approach is accurate in predicting known drug-disease pairs and inferring mechanisms of action. Furthermore, using a CRISPR screen to analyze lipid regulation, we find that functionally important players lack associations but are prioritized in trait-associated modules by PhenoPLIER. In conclusion, by incorporating groups of co-expressed genes, PhenoPLIER can contextualize genetic associations and reveal potential targets missed by single-gene strategies. PhenoPLIER provides a novel framework for interpreting genetic associations through the lens of gene modules.",does not start with background,Projecting genetic associations through gene expression patterns highlights disease etiology and drug mechanisms
"[FAIL] (0.89) Python code returned false
print(
  ""PhenoPLIER"" not in output.split(""."")[0]
)

---
We present PhenoPLIER, a novel computational approach that integrates gene-trait associations and pharmacological perturbation data into a unified latent representation for joint analysis. Genes work together in specific contexts to carry out their functions, and understanding how these genes influence complex traits requires a mechanistic understanding of gene expression regulation across different conditions. This understanding is crucial for the development of new therapies. While transcriptome-wide association studies have shed light on the role of individual genes in disease mechanisms, modern models of complex traits suggest that gene-gene interactions are key drivers of disease origin and progression. PhenoPLIER represents genes as modules with similar expression patterns across the same conditions. We find that diseases are significantly associated with gene modules expressed in relevant cell types, and our approach accurately predicts known drug-disease pairs and infers mechanisms of action. Additionally, using a CRISPR screen to study lipid regulation, we discover that functionally important genes, which lack individual associations, are prioritized in trait-associated modules by PhenoPLIER. In conclusion, by incorporating groups of co-expressed genes, PhenoPLIER provides a contextualized interpretation of genetic associations and uncovers potential targets that may be missed by single-gene strategies. PhenoPLIER offers a novel framework for understanding genetic associations through the lens of gene modules.","[PASS] (1.00) In the field of genetic studies and functional genomics, understanding the influence of genes on complex traits is crucial for developing new therapies. While transcriptome-wide association studies have shed light on the role of individual genes in disease mechanisms, it is now recognized that gene-gene interactions play a significant role in disease origin and progression. To address this, we introduce PhenoPLIER, a computational approach that maps gene-trait associations and pharmacological perturbation data into a common latent representation for joint analysis. PhenoPLIER's representation is based on modules of genes with similar expression patterns across the same conditions. By incorporating groups of co-expressed genes, PhenoPLIER can contextualize genetic associations and reveal potential targets missed by single-gene strategies. We demonstrate that diseases are significantly associated with gene modules expressed in relevant cell types, and our approach accurately predicts known drug-disease pairs and infers mechanisms of action. Additionally, using a CRISPR screen to analyze lipid regulation, we find that functionally important players lacking associations are prioritized in trait-associated modules by PhenoPLIER. In conclusion, PhenoPLIER provides a novel framework for interpreting genetic associations through the lens of gene modules, filling a gap in the current literature and offering new insights for therapeutic targets and drug repurposing.","genetic studies, functional genomics, gene co-expression, therapeutic targets, drug repurposing, clustering of complex traits","We introduce PhenoPLIER, a computational approach that maps gene-trait associations and pharmacological perturbation data into a common latent representation for a joint analysis. Genes act in concert with each other in specific contexts to perform their functions. Determining how these genes influence complex traits requires a mechanistic understanding of expression regulation across different conditions. It has been shown that this insight is critical for developing new therapies. Transcriptome-wide association studies have helped uncover the role of individual genes in disease-relevant mechanisms. However, modern models of the architecture of complex traits predict that gene-gene interactions play a crucial role in disease origin and progression. PhenoPLIER's representation is based on modules of genes with similar expression patterns across the same conditions. We observe that diseases are significantly associated with gene modules expressed in relevant cell types, and our approach is accurate in predicting known drug-disease pairs and inferring mechanisms of action. Furthermore, using a CRISPR screen to analyze lipid regulation, we find that functionally important players lack associations but are prioritized in trait-associated modules by PhenoPLIER. In conclusion, by incorporating groups of co-expressed genes, PhenoPLIER can contextualize genetic associations and reveal potential targets missed by single-gene strategies. PhenoPLIER provides a novel framework for interpreting genetic associations through the lens of gene modules.",does not start with background,Projecting genetic associations through gene expression patterns highlights disease etiology and drug mechanisms
"[FAIL] (0.89) Python code returned false
print(
  ""PhenoPLIER"" not in output.split(""."")[0]
)

---
We present PhenoPLIER, a novel computational approach that integrates gene-trait associations and pharmacological perturbation data into a unified latent representation for joint analysis. Genes work together in specific contexts to carry out their functions, and understanding how these genes influence complex traits requires a mechanistic understanding of gene expression regulation across different conditions. This understanding is crucial for the development of new therapies. While transcriptome-wide association studies have shed light on the role of individual genes in disease mechanisms, modern models of complex traits suggest that gene-gene interactions are key drivers of disease origin and progression. PhenoPLIER represents genes as modules with similar expression patterns across the same conditions. We find that diseases are significantly associated with gene modules expressed in relevant cell types, and our approach accurately predicts known drug-disease pairs and infers mechanisms of action. Additionally, using a CRISPR screen to study lipid regulation, we discover that functionally important genes, which lack individual associations, are prioritized in trait-associated modules by PhenoPLIER. In conclusion, by incorporating groups of co-expressed genes, PhenoPLIER provides a contextualized interpretation of genetic associations and uncovers potential targets that may be missed by single-gene strategies. PhenoPLIER offers a novel framework for understanding genetic associations through the lens of gene modules.","[PASS] (1.00) In the field of genetic studies and functional genomics, understanding the influence of genes on complex traits is crucial for developing new therapies. While transcriptome-wide association studies have shed light on the role of individual genes in disease mechanisms, it is now recognized that gene-gene interactions play a significant role in disease origin and progression. To address this, we present PhenoPLIER, a computational approach that maps gene-trait associations and pharmacological perturbation data into a common latent representation for joint analysis. PhenoPLIER's representation is based on modules of genes with similar expression patterns across the same conditions. By incorporating groups of co-expressed genes, PhenoPLIER can contextualize genetic associations and reveal potential targets missed by single-gene strategies. We demonstrate that diseases are significantly associated with gene modules expressed in relevant cell types, and our approach accurately predicts known drug-disease pairs and infers mechanisms of action. Additionally, using a CRISPR screen to analyze lipid regulation, we find that functionally important players lacking associations are prioritized in trait-associated modules by PhenoPLIER. Overall, PhenoPLIER provides a novel framework for interpreting genetic associations through the lens of gene modules, filling a gap in the current literature and offering new insights for therapeutic targets and drug repurposing.","genetic studies, functional genomics, gene co-expression, therapeutic targets, drug repurposing, clustering of complex traits","We introduce PhenoPLIER, a computational approach that maps gene-trait associations and pharmacological perturbation data into a common latent representation for a joint analysis. Genes act in concert with each other in specific contexts to perform their functions. Determining how these genes influence complex traits requires a mechanistic understanding of expression regulation across different conditions. It has been shown that this insight is critical for developing new therapies. Transcriptome-wide association studies have helped uncover the role of individual genes in disease-relevant mechanisms. However, modern models of the architecture of complex traits predict that gene-gene interactions play a crucial role in disease origin and progression. PhenoPLIER's representation is based on modules of genes with similar expression patterns across the same conditions. We observe that diseases are significantly associated with gene modules expressed in relevant cell types, and our approach is accurate in predicting known drug-disease pairs and inferring mechanisms of action. Furthermore, using a CRISPR screen to analyze lipid regulation, we find that functionally important players lack associations but are prioritized in trait-associated modules by PhenoPLIER. In conclusion, by incorporating groups of co-expressed genes, PhenoPLIER can contextualize genetic associations and reveal potential targets missed by single-gene strategies. PhenoPLIER provides a novel framework for interpreting genetic associations through the lens of gene modules.",does not start with background,Projecting genetic associations through gene expression patterns highlights disease etiology and drug mechanisms
"[FAIL] (0.89) Python code returned false
print(
  ""PhenoPLIER"" not in output.split(""."")[0]
)

---
We present PhenoPLIER, a novel computational approach that integrates gene-trait associations and pharmacological perturbation data into a unified latent representation for joint analysis. Genes work together in specific contexts to carry out their functions, and understanding how these genes influence complex traits requires a mechanistic understanding of gene expression regulation across different conditions. This understanding is crucial for the development of new therapies. While transcriptome-wide association studies have shed light on the role of individual genes in disease mechanisms, modern models of complex traits suggest that gene-gene interactions are key drivers of disease origin and progression. PhenoPLIER represents genes as modules with similar expression patterns across the same conditions. We find that diseases are significantly associated with gene modules expressed in relevant cell types, and our approach accurately predicts known drug-disease pairs and infers mechanisms of action. Additionally, using a CRISPR screen to study lipid regulation, we discover that functionally important genes, which lack individual associations, are prioritized in trait-associated modules by PhenoPLIER. In conclusion, by incorporating groups of co-expressed genes, PhenoPLIER provides a contextualized interpretation of genetic associations and uncovers potential targets that may be missed by single-gene strategies. PhenoPLIER offers a novel framework for understanding genetic associations through the lens of gene modules.","[PASS] (1.00) In the field of genetic studies and functional genomics, understanding the influence of genes on complex traits is crucial for developing new therapies. While transcriptome-wide association studies have shed light on the role of individual genes in disease mechanisms, it is now recognized that gene-gene interactions play a significant role in disease origin and progression. To address this, we introduce PhenoPLIER, a computational approach that maps gene-trait associations and pharmacological perturbation data into a common latent representation for joint analysis. PhenoPLIER's representation is based on modules of genes with similar expression patterns across the same conditions. By incorporating groups of co-expressed genes, PhenoPLIER can contextualize genetic associations and reveal potential targets missed by single-gene strategies. We demonstrate that diseases are significantly associated with gene modules expressed in relevant cell types, and our approach accurately predicts known drug-disease pairs and infers mechanisms of action. Additionally, using a CRISPR screen to analyze lipid regulation, we find that functionally important players lacking associations are prioritized in trait-associated modules by PhenoPLIER. In conclusion, PhenoPLIER provides a novel framework for interpreting genetic associations through the lens of gene modules, filling a gap in the current literature and offering new insights for therapeutic targets and drug repurposing.","genetic studies, functional genomics, gene co-expression, therapeutic targets, drug repurposing, clustering of complex traits","We introduce PhenoPLIER, a computational approach that maps gene-trait associations and pharmacological perturbation data into a common latent representation for a joint analysis. Genes act in concert with each other in specific contexts to perform their functions. Determining how these genes influence complex traits requires a mechanistic understanding of expression regulation across different conditions. It has been shown that this insight is critical for developing new therapies. Transcriptome-wide association studies have helped uncover the role of individual genes in disease-relevant mechanisms. However, modern models of the architecture of complex traits predict that gene-gene interactions play a crucial role in disease origin and progression. PhenoPLIER's representation is based on modules of genes with similar expression patterns across the same conditions. We observe that diseases are significantly associated with gene modules expressed in relevant cell types, and our approach is accurate in predicting known drug-disease pairs and inferring mechanisms of action. Furthermore, using a CRISPR screen to analyze lipid regulation, we find that functionally important players lack associations but are prioritized in trait-associated modules by PhenoPLIER. In conclusion, by incorporating groups of co-expressed genes, PhenoPLIER can contextualize genetic associations and reveal potential targets missed by single-gene strategies. PhenoPLIER provides a novel framework for interpreting genetic associations through the lens of gene modules.",does not start with background,Projecting genetic associations through gene expression patterns highlights disease etiology and drug mechanisms
"[FAIL] (0.89) Python code returned false
print(
  ""PhenoPLIER"" not in output.split(""."")[0]
)

---
We present PhenoPLIER, a novel computational approach that integrates gene-trait associations and pharmacological perturbation data into a unified latent representation for joint analysis. Genes work together in specific contexts to carry out their functions, and understanding how these genes influence complex traits requires a mechanistic understanding of gene expression regulation across different conditions. This understanding is crucial for the development of new therapies. While transcriptome-wide association studies have shed light on the role of individual genes in disease mechanisms, modern models of complex traits suggest that gene-gene interactions are key drivers of disease origin and progression. PhenoPLIER represents genes as modules with similar expression patterns across the same conditions. We find that diseases are significantly associated with gene modules expressed in relevant cell types, and our approach accurately predicts known drug-disease pairs and infers mechanisms of action. Additionally, using a CRISPR screen to study lipid regulation, we discover that functionally important genes, which lack individual associations, are prioritized in trait-associated modules by PhenoPLIER. In conclusion, by incorporating groups of co-expressed genes, PhenoPLIER provides a contextualized interpretation of genetic associations and uncovers potential targets that may be missed by single-gene strategies. PhenoPLIER offers a novel framework for understanding genetic associations through the lens of gene modules.","[PASS] (1.00) In the field of genetic studies and functional genomics, understanding the influence of genes on complex traits is crucial for developing new therapies. While transcriptome-wide association studies have shed light on the role of individual genes in disease mechanisms, it is now recognized that gene-gene interactions play a significant role in disease origin and progression. To address this, we introduce PhenoPLIER, a computational approach that maps gene-trait associations and pharmacological perturbation data into a common latent representation for joint analysis. PhenoPLIER's representation is based on modules of genes with similar expression patterns across the same conditions. By incorporating groups of co-expressed genes, PhenoPLIER can contextualize genetic associations and reveal potential targets missed by single-gene strategies. We demonstrate that diseases are significantly associated with gene modules expressed in relevant cell types, and our approach accurately predicts known drug-disease pairs and infers mechanisms of action. Additionally, using a CRISPR screen to analyze lipid regulation, we find that functionally important players lacking associations are prioritized in trait-associated modules by PhenoPLIER. In conclusion, PhenoPLIER provides a novel framework for interpreting genetic associations through the lens of gene modules, filling a gap in the current literature and offering new insights for therapeutic targets and drug repurposing.","genetic studies, functional genomics, gene co-expression, therapeutic targets, drug repurposing, clustering of complex traits","We introduce PhenoPLIER, a computational approach that maps gene-trait associations and pharmacological perturbation data into a common latent representation for a joint analysis. Genes act in concert with each other in specific contexts to perform their functions. Determining how these genes influence complex traits requires a mechanistic understanding of expression regulation across different conditions. It has been shown that this insight is critical for developing new therapies. Transcriptome-wide association studies have helped uncover the role of individual genes in disease-relevant mechanisms. However, modern models of the architecture of complex traits predict that gene-gene interactions play a crucial role in disease origin and progression. PhenoPLIER's representation is based on modules of genes with similar expression patterns across the same conditions. We observe that diseases are significantly associated with gene modules expressed in relevant cell types, and our approach is accurate in predicting known drug-disease pairs and inferring mechanisms of action. Furthermore, using a CRISPR screen to analyze lipid regulation, we find that functionally important players lack associations but are prioritized in trait-associated modules by PhenoPLIER. In conclusion, by incorporating groups of co-expressed genes, PhenoPLIER can contextualize genetic associations and reveal potential targets missed by single-gene strategies. PhenoPLIER provides a novel framework for interpreting genetic associations through the lens of gene modules.",does not start with background,Projecting genetic associations through gene expression patterns highlights disease etiology and drug mechanisms
"[FAIL] (0.89) Python code returned false
print(
  output.find(""PhenoPLIER"") < max(output.find(""CRISPR""), output.find(""lipid""), output.find(""drug-disease""), output.find(""players""))
)

---
Genes work together in specific contexts to carry out their functions. To understand how these genes influence complex traits, it is crucial to have a mechanistic understanding of how gene expression is regulated under different conditions. This understanding is essential for the development of new therapies. Our study demonstrates that diseases are significantly associated with gene modules that are expressed in relevant cell types. Our approach accurately predicts known drug-disease pairs and provides insights into the mechanisms of action. Additionally, we used a CRISPR screen to analyze lipid regulation and found that functionally important players, although lacking associations, are prioritized in trait-associated modules by PhenoPLIER. In conclusion, by considering groups of co-expressed genes, PhenoPLIER can provide context to genetic associations and identify potential targets that may be missed by single-gene strategies. PhenoPLIER offers a novel framework for interpreting genetic associations through the lens of gene modules.","[FAIL] (0.89) Python code returned false
print(
  output.find(""PhenoPLIER"") < max(output.find(""CRISPR""), output.find(""lipid""), output.find(""drug-disease""), output.find(""players""))
)

---
Genes work together in specific contexts to carry out their functions, and understanding how these genes influence complex traits requires a mechanistic understanding of gene expression regulation across different conditions. This understanding is crucial for the development of new therapies. In this study, we demonstrate that diseases are significantly associated with gene modules that are expressed in relevant cell types. Our approach accurately predicts known drug-disease pairs and provides insights into the mechanisms of action. Additionally, we use a CRISPR screen to analyze lipid regulation and find that functionally important players lack associations but are prioritized in trait-associated modules by PhenoPLIER. In conclusion, our findings show that PhenoPLIER, by incorporating groups of co-expressed genes, can provide context to genetic associations and identify potential targets that may be missed by single-gene strategies. PhenoPLIER offers a novel framework for interpreting genetic associations through the lens of gene modules, advancing our understanding of disease etiology and potential therapeutic targets.","genetic studies, functional genomics, gene co-expression, therapeutic targets, drug repurposing, clustering of complex traits","Genes act in concert with each other in specific contexts to perform their functions. Determining how these genes influence complex traits requires a mechanistic understanding of expression regulation across different conditions. It has been shown that this insight is critical for developing new therapies. Our results in this study show that diseases are significantly associated with gene modules expressed in relevant cell types, and our approach is accurate in predicting known drug-disease pairs and inferring mechanisms of action. Furthermore, using a CRISPR screen to analyze lipid regulation, we find that functionally important players lack associations but are prioritized in trait-associated modules by PhenoPLIER. In conclusion, by incorporating groups of co-expressed genes, PhenoPLIER can contextualize genetic associations and reveal potential targets missed by single-gene strategies. PhenoPLIER provides a novel framework for interpreting genetic associations through the lens of gene modules.",does not describe the method or approach proposed,Projecting genetic associations through gene expression patterns highlights disease etiology and drug mechanisms
"[FAIL] (0.89) Python code returned false
print(
  output.find(""PhenoPLIER"") < max(output.find(""CRISPR""), output.find(""lipid""), output.find(""drug-disease""), output.find(""players""))
)

---
Genes work together in specific contexts to carry out their functions. To understand how these genes influence complex traits, it is crucial to have a mechanistic understanding of how gene expression is regulated under different conditions. This understanding is essential for the development of new therapies. Our study demonstrates that diseases are significantly associated with gene modules that are expressed in relevant cell types. Our approach accurately predicts known drug-disease pairs and provides insights into the mechanisms of action. Additionally, we used a CRISPR screen to analyze lipid regulation and found that functionally important players, although lacking associations, are prioritized in trait-associated modules by PhenoPLIER. In conclusion, by considering groups of co-expressed genes, PhenoPLIER can provide context to genetic associations and identify potential targets that may be missed by single-gene strategies. PhenoPLIER offers a novel framework for interpreting genetic associations through the lens of gene modules.","[FAIL] (0.89) Python code returned false
print(
  output.find(""PhenoPLIER"") < max(output.find(""CRISPR""), output.find(""lipid""), output.find(""drug-disease""), output.find(""players""))
)

---
Genes work together in specific contexts to carry out their functions, and understanding how these genes influence complex traits requires a mechanistic understanding of gene expression regulation across different conditions. This understanding is crucial for the development of new therapies. In this study, we demonstrate that diseases are significantly associated with gene modules that are expressed in relevant cell types. Our approach accurately predicts known drug-disease pairs and provides insights into the mechanisms of action. Additionally, we use a CRISPR screen to analyze lipid regulation and find that functionally important players lack associations but are prioritized in trait-associated modules by PhenoPLIER. In conclusion, our findings show that PhenoPLIER, by incorporating groups of co-expressed genes, can provide context to genetic associations and identify potential targets that may be missed by single-gene strategies. PhenoPLIER offers a novel framework for interpreting genetic associations through the lens of gene modules, advancing our understanding of disease etiology and potential therapeutic targets.","genetic studies, functional genomics, gene co-expression, therapeutic targets, drug repurposing, clustering of complex traits","Genes act in concert with each other in specific contexts to perform their functions. Determining how these genes influence complex traits requires a mechanistic understanding of expression regulation across different conditions. It has been shown that this insight is critical for developing new therapies. Our results in this study show that diseases are significantly associated with gene modules expressed in relevant cell types, and our approach is accurate in predicting known drug-disease pairs and inferring mechanisms of action. Furthermore, using a CRISPR screen to analyze lipid regulation, we find that functionally important players lack associations but are prioritized in trait-associated modules by PhenoPLIER. In conclusion, by incorporating groups of co-expressed genes, PhenoPLIER can contextualize genetic associations and reveal potential targets missed by single-gene strategies. PhenoPLIER provides a novel framework for interpreting genetic associations through the lens of gene modules.",does not describe the method or approach proposed,Projecting genetic associations through gene expression patterns highlights disease etiology and drug mechanisms
"[FAIL] (0.89) Python code returned false
print(
  output.find(""PhenoPLIER"") < max(output.find(""CRISPR""), output.find(""lipid""), output.find(""drug-disease""), output.find(""players""))
)

---
Genes work together in specific contexts to carry out their functions. To understand how these genes influence complex traits, it is crucial to have a mechanistic understanding of how gene expression is regulated under different conditions. This understanding is essential for the development of new therapies. Our study demonstrates that diseases are significantly associated with gene modules that are expressed in relevant cell types. Our approach accurately predicts known drug-disease pairs and provides insights into the mechanisms of action. Additionally, we used a CRISPR screen to analyze lipid regulation and found that functionally important players, although lacking associations, are prioritized in trait-associated modules by PhenoPLIER. In conclusion, by considering groups of co-expressed genes, PhenoPLIER can provide context to genetic associations and identify potential targets that may be missed by single-gene strategies. PhenoPLIER offers a novel framework for interpreting genetic associations through the lens of gene modules.","[FAIL] (0.89) Python code returned false
print(
  output.find(""PhenoPLIER"") < max(output.find(""CRISPR""), output.find(""lipid""), output.find(""drug-disease""), output.find(""players""))
)

---
Genes work together in specific contexts to carry out their functions, and understanding how these genes influence complex traits requires a mechanistic understanding of gene expression regulation across different conditions. This understanding is crucial for the development of new therapies. In this study, we demonstrate that diseases are significantly associated with gene modules expressed in relevant cell types. Our approach accurately predicts known drug-disease pairs and provides insights into the mechanisms of action. Additionally, our analysis of lipid regulation using a CRISPR screen reveals that functionally important players lack associations but are prioritized in trait-associated modules by PhenoPLIER. In conclusion, PhenoPLIER, by incorporating groups of co-expressed genes, offers a novel framework for interpreting genetic associations and identifying potential targets that may be missed by single-gene strategies. This approach has the potential to advance our understanding of disease etiology and facilitate drug repurposing efforts.","genetic studies, functional genomics, gene co-expression, therapeutic targets, drug repurposing, clustering of complex traits","Genes act in concert with each other in specific contexts to perform their functions. Determining how these genes influence complex traits requires a mechanistic understanding of expression regulation across different conditions. It has been shown that this insight is critical for developing new therapies. Our results in this study show that diseases are significantly associated with gene modules expressed in relevant cell types, and our approach is accurate in predicting known drug-disease pairs and inferring mechanisms of action. Furthermore, using a CRISPR screen to analyze lipid regulation, we find that functionally important players lack associations but are prioritized in trait-associated modules by PhenoPLIER. In conclusion, by incorporating groups of co-expressed genes, PhenoPLIER can contextualize genetic associations and reveal potential targets missed by single-gene strategies. PhenoPLIER provides a novel framework for interpreting genetic associations through the lens of gene modules.",does not describe the method or approach proposed,Projecting genetic associations through gene expression patterns highlights disease etiology and drug mechanisms
"[FAIL] (0.89) Python code returned false
print(
  output.find(""PhenoPLIER"") < max(output.find(""CRISPR""), output.find(""lipid""), output.find(""drug-disease""), output.find(""players""))
)

---
Genes work together in specific contexts to carry out their functions. To understand how these genes influence complex traits, it is crucial to have a mechanistic understanding of how gene expression is regulated under different conditions. This understanding is essential for the development of new therapies. Our study demonstrates that diseases are significantly associated with gene modules that are expressed in relevant cell types. Our approach accurately predicts known drug-disease pairs and provides insights into the mechanisms of action. Additionally, we used a CRISPR screen to analyze lipid regulation and found that functionally important players, although lacking associations, are prioritized in trait-associated modules by PhenoPLIER. In conclusion, by considering groups of co-expressed genes, PhenoPLIER can provide context to genetic associations and identify potential targets that may be missed by single-gene strategies. PhenoPLIER offers a novel framework for interpreting genetic associations through the lens of gene modules.","[FAIL] (0.89) Python code returned false
print(
  output.find(""PhenoPLIER"") < max(output.find(""CRISPR""), output.find(""lipid""), output.find(""drug-disease""), output.find(""players""))
)

---
Genes work together in specific contexts to carry out their functions, and understanding how these genes influence complex traits requires a mechanistic understanding of gene expression regulation across different conditions. This understanding is crucial for the development of new therapies. In this study, we demonstrate that diseases are significantly associated with gene modules that are expressed in relevant cell types. Our approach accurately predicts known drug-disease pairs and provides insights into the mechanisms of action. Additionally, we use a CRISPR screen to analyze lipid regulation and find that functionally important players lack associations but are prioritized in trait-associated modules by PhenoPLIER. In conclusion, our findings show that PhenoPLIER, by incorporating groups of co-expressed genes, can provide context to genetic associations and identify potential targets that may be missed by single-gene strategies. PhenoPLIER offers a novel framework for interpreting genetic associations through the lens of gene modules, advancing our understanding of disease etiology and potential therapeutic targets.","genetic studies, functional genomics, gene co-expression, therapeutic targets, drug repurposing, clustering of complex traits","Genes act in concert with each other in specific contexts to perform their functions. Determining how these genes influence complex traits requires a mechanistic understanding of expression regulation across different conditions. It has been shown that this insight is critical for developing new therapies. Our results in this study show that diseases are significantly associated with gene modules expressed in relevant cell types, and our approach is accurate in predicting known drug-disease pairs and inferring mechanisms of action. Furthermore, using a CRISPR screen to analyze lipid regulation, we find that functionally important players lack associations but are prioritized in trait-associated modules by PhenoPLIER. In conclusion, by incorporating groups of co-expressed genes, PhenoPLIER can contextualize genetic associations and reveal potential targets missed by single-gene strategies. PhenoPLIER provides a novel framework for interpreting genetic associations through the lens of gene modules.",does not describe the method or approach proposed,Projecting genetic associations through gene expression patterns highlights disease etiology and drug mechanisms
"[FAIL] (0.89) Python code returned false
print(
  output.find(""PhenoPLIER"") < max(output.find(""CRISPR""), output.find(""lipid""), output.find(""drug-disease""), output.find(""players""))
)

---
Genes work together in specific contexts to carry out their functions. To understand how these genes influence complex traits, it is crucial to have a mechanistic understanding of how gene expression is regulated under different conditions. This understanding is essential for the development of new therapies. Our study demonstrates that diseases are significantly associated with gene modules that are expressed in relevant cell types. Our approach accurately predicts known drug-disease pairs and provides insights into the mechanisms of action. Additionally, we used a CRISPR screen to analyze lipid regulation and found that functionally important players, although lacking associations, are prioritized in trait-associated modules by PhenoPLIER. In conclusion, by considering groups of co-expressed genes, PhenoPLIER can provide context to genetic associations and identify potential targets that may be missed by single-gene strategies. PhenoPLIER offers a novel framework for interpreting genetic associations through the lens of gene modules.","[FAIL] (0.89) Python code returned false
print(
  output.find(""PhenoPLIER"") < max(output.find(""CRISPR""), output.find(""lipid""), output.find(""drug-disease""), output.find(""players""))
)

---
Genes work together in specific contexts to carry out their functions, and understanding how these genes influence complex traits requires a mechanistic understanding of gene expression regulation across different conditions. This understanding is crucial for the development of new therapies. In this study, we demonstrate that diseases are significantly associated with gene modules that are expressed in relevant cell types. Our approach accurately predicts known drug-disease pairs and provides insights into the mechanisms of action. Additionally, we use a CRISPR screen to analyze lipid regulation and find that functionally important players lack associations but are prioritized in trait-associated modules by PhenoPLIER. In conclusion, our findings show that by incorporating groups of co-expressed genes, PhenoPLIER can provide context to genetic associations and identify potential targets that may be missed by single-gene strategies. PhenoPLIER offers a novel framework for interpreting genetic associations through the lens of gene modules, advancing our understanding of disease etiology and potential therapeutic targets.","genetic studies, functional genomics, gene co-expression, therapeutic targets, drug repurposing, clustering of complex traits","Genes act in concert with each other in specific contexts to perform their functions. Determining how these genes influence complex traits requires a mechanistic understanding of expression regulation across different conditions. It has been shown that this insight is critical for developing new therapies. Our results in this study show that diseases are significantly associated with gene modules expressed in relevant cell types, and our approach is accurate in predicting known drug-disease pairs and inferring mechanisms of action. Furthermore, using a CRISPR screen to analyze lipid regulation, we find that functionally important players lack associations but are prioritized in trait-associated modules by PhenoPLIER. In conclusion, by incorporating groups of co-expressed genes, PhenoPLIER can contextualize genetic associations and reveal potential targets missed by single-gene strategies. PhenoPLIER provides a novel framework for interpreting genetic associations through the lens of gene modules.",does not describe the method or approach proposed,Projecting genetic associations through gene expression patterns highlights disease etiology and drug mechanisms
"[PASS] (1.00) Genes work together in specific contexts to carry out their functions. To understand how these genes influence complex traits, it is important to have a mechanistic understanding of how gene expression is regulated under different conditions. This understanding is crucial for the development of new therapies. Transcriptome-wide association studies have helped uncover the role of individual genes in disease mechanisms. However, current models of complex traits suggest that interactions between genes are also important in the origin and progression of diseases. In this study, we present PhenoPLIER, a computational approach that combines gene-trait associations and pharmacological perturbation data to analyze them together. We use modules of genes with similar expression patterns across the same conditions to create a common representation. We find that diseases are significantly associated with gene modules expressed in relevant cell types, and our approach accurately predicts known drug-disease pairs and identifies mechanisms of action. Additionally, we use a CRISPR screen to study lipid regulation and find that functionally important genes, which may not have direct associations, are prioritized in trait-associated modules by PhenoPLIER.","[PASS] (1.00) Genes work together in specific contexts to carry out their functions, and understanding how these genes influence complex traits requires a mechanistic understanding of gene expression regulation across different conditions. This understanding is crucial for the development of new therapies. While transcriptome-wide association studies have helped uncover the role of individual genes in disease mechanisms, modern models of complex traits suggest that gene-gene interactions are also important in disease origin and progression. In this study, we present PhenoPLIER, a computational approach that maps gene-trait associations and pharmacological perturbation data into a common latent representation for joint analysis. This representation is based on modules of genes with similar expression patterns across the same conditions. Our results show that diseases are significantly associated with gene modules expressed in relevant cell types, and our approach accurately predicts known drug-disease pairs and infers mechanisms of action. Additionally, using a CRISPR screen to analyze lipid regulation, we find that functionally important players lack associations but are prioritized in trait-associated modules by PhenoPLIER. This study fills the gap in understanding the role of gene-gene interactions in complex traits and provides a valuable tool for identifying therapeutic targets and repurposing drugs.","genetic studies, functional genomics, gene co-expression, therapeutic targets, drug repurposing, clustering of complex traits","Genes act in concert with each other in specific contexts to perform their functions. Determining how these genes influence complex traits requires a mechanistic understanding of expression regulation across different conditions. It has been shown that this insight is critical for developing new therapies. Transcriptome-wide association studies have helped uncover the role of individual genes in disease-relevant mechanisms. However, modern models of the architecture of complex traits predict that gene-gene interactions play a crucial role in disease origin and progression. Here we introduce PhenoPLIER, a computational approach that maps gene-trait associations and pharmacological perturbation data into a common latent representation for a joint analysis. This representation is based on modules of genes with similar expression patterns across the same conditions. We observe that diseases are significantly associated with gene modules expressed in relevant cell types, and our approach is accurate in predicting known drug-disease pairs and inferring mechanisms of action. Furthermore, using a CRISPR screen to analyze lipid regulation, we find that functionally important players lack associations but are prioritized in trait-associated modules by PhenoPLIER.",does not provide an interpretation of the results and their implications,Projecting genetic associations through gene expression patterns highlights disease etiology and drug mechanisms
"[PASS] (1.00) Genes work together in specific contexts to carry out their functions. To understand how these genes influence complex traits, it is important to have a mechanistic understanding of how gene expression is regulated under different conditions. This understanding is crucial for the development of new therapies. Transcriptome-wide association studies have helped uncover the role of individual genes in disease mechanisms. However, current models of complex traits suggest that interactions between genes are also important in the origin and progression of diseases. In this study, we present PhenoPLIER, a computational approach that combines gene-trait associations and pharmacological perturbation data to analyze them together. We use modules of genes with similar expression patterns across the same conditions to create a common representation. We find that diseases are significantly associated with gene modules expressed in relevant cell types, and our approach accurately predicts known drug-disease pairs and identifies mechanisms of action. Additionally, we use a CRISPR screen to study lipid regulation and find that functionally important genes, which may not have direct associations, are prioritized in trait-associated modules by PhenoPLIER.","[PASS] (1.00) Genes work together in specific contexts to carry out their functions, and understanding how these genes influence complex traits requires a mechanistic understanding of gene expression regulation across different conditions. This understanding is crucial for the development of new therapies. While transcriptome-wide association studies have helped uncover the role of individual genes in disease mechanisms, modern models of complex traits suggest that gene-gene interactions are also important in disease origin and progression. In this study, we present PhenoPLIER, a computational approach that integrates gene-trait associations and pharmacological perturbation data into a common latent representation for joint analysis. This representation is based on modules of genes with similar expression patterns across the same conditions. Our results show that diseases are significantly associated with gene modules expressed in relevant cell types, and our approach accurately predicts known drug-disease pairs and infers mechanisms of action. Additionally, we used a CRISPR screen to analyze lipid regulation and found that functionally important players, which lack associations, are prioritized in trait-associated modules by PhenoPLIER. This study fills the gap in understanding the role of gene-gene interactions in complex traits and provides a valuable tool for identifying therapeutic targets and repurposing drugs.","genetic studies, functional genomics, gene co-expression, therapeutic targets, drug repurposing, clustering of complex traits","Genes act in concert with each other in specific contexts to perform their functions. Determining how these genes influence complex traits requires a mechanistic understanding of expression regulation across different conditions. It has been shown that this insight is critical for developing new therapies. Transcriptome-wide association studies have helped uncover the role of individual genes in disease-relevant mechanisms. However, modern models of the architecture of complex traits predict that gene-gene interactions play a crucial role in disease origin and progression. Here we introduce PhenoPLIER, a computational approach that maps gene-trait associations and pharmacological perturbation data into a common latent representation for a joint analysis. This representation is based on modules of genes with similar expression patterns across the same conditions. We observe that diseases are significantly associated with gene modules expressed in relevant cell types, and our approach is accurate in predicting known drug-disease pairs and inferring mechanisms of action. Furthermore, using a CRISPR screen to analyze lipid regulation, we find that functionally important players lack associations but are prioritized in trait-associated modules by PhenoPLIER.",does not provide an interpretation of the results and their implications,Projecting genetic associations through gene expression patterns highlights disease etiology and drug mechanisms
"[PASS] (1.00) Genes work together in specific contexts to carry out their functions. To understand how these genes influence complex traits, it is important to have a mechanistic understanding of how gene expression is regulated under different conditions. This understanding is crucial for the development of new therapies. Transcriptome-wide association studies have helped uncover the role of individual genes in disease mechanisms. However, current models of complex traits suggest that interactions between genes are also important in the origin and progression of diseases. In this study, we present PhenoPLIER, a computational approach that combines gene-trait associations and pharmacological perturbation data to analyze them together. We use modules of genes with similar expression patterns across the same conditions to create a common representation. We find that diseases are significantly associated with gene modules expressed in relevant cell types, and our approach accurately predicts known drug-disease pairs and identifies mechanisms of action. Additionally, we use a CRISPR screen to study lipid regulation and find that functionally important genes, which may not have direct associations, are prioritized in trait-associated modules by PhenoPLIER.","[PASS] (1.00) Genes work together in specific contexts to carry out their functions, and understanding how these genes influence complex traits requires a mechanistic understanding of gene expression regulation across different conditions. This understanding is crucial for the development of new therapies. While transcriptome-wide association studies have helped uncover the role of individual genes in disease mechanisms, modern models of complex traits suggest that gene-gene interactions are also important in disease origin and progression. In this study, we present PhenoPLIER, a computational approach that maps gene-trait associations and pharmacological perturbation data into a common latent representation for joint analysis. This representation is based on modules of genes with similar expression patterns across the same conditions. Our results show that diseases are significantly associated with gene modules expressed in relevant cell types, and our approach accurately predicts known drug-disease pairs and infers mechanisms of action. Additionally, using a CRISPR screen to analyze lipid regulation, we find that functionally important players lack associations but are prioritized in trait-associated modules by PhenoPLIER. This study fills the gap in understanding the role of gene-gene interactions in complex traits and provides a valuable tool for identifying therapeutic targets and repurposing drugs.","genetic studies, functional genomics, gene co-expression, therapeutic targets, drug repurposing, clustering of complex traits","Genes act in concert with each other in specific contexts to perform their functions. Determining how these genes influence complex traits requires a mechanistic understanding of expression regulation across different conditions. It has been shown that this insight is critical for developing new therapies. Transcriptome-wide association studies have helped uncover the role of individual genes in disease-relevant mechanisms. However, modern models of the architecture of complex traits predict that gene-gene interactions play a crucial role in disease origin and progression. Here we introduce PhenoPLIER, a computational approach that maps gene-trait associations and pharmacological perturbation data into a common latent representation for a joint analysis. This representation is based on modules of genes with similar expression patterns across the same conditions. We observe that diseases are significantly associated with gene modules expressed in relevant cell types, and our approach is accurate in predicting known drug-disease pairs and inferring mechanisms of action. Furthermore, using a CRISPR screen to analyze lipid regulation, we find that functionally important players lack associations but are prioritized in trait-associated modules by PhenoPLIER.",does not provide an interpretation of the results and their implications,Projecting genetic associations through gene expression patterns highlights disease etiology and drug mechanisms
"[PASS] (1.00) Genes work together in specific contexts to carry out their functions. To understand how these genes influence complex traits, it is important to have a mechanistic understanding of how gene expression is regulated under different conditions. This understanding is crucial for the development of new therapies. Transcriptome-wide association studies have helped uncover the role of individual genes in disease mechanisms. However, current models of complex traits suggest that interactions between genes are also important in the origin and progression of diseases. In this study, we present PhenoPLIER, a computational approach that combines gene-trait associations and pharmacological perturbation data to analyze them together. We use modules of genes with similar expression patterns across the same conditions to create a common representation. We find that diseases are significantly associated with gene modules expressed in relevant cell types, and our approach accurately predicts known drug-disease pairs and identifies mechanisms of action. Additionally, we use a CRISPR screen to study lipid regulation and find that functionally important genes, which may not have direct associations, are prioritized in trait-associated modules by PhenoPLIER.","[PASS] (1.00) Genes work together in specific contexts to carry out their functions, and understanding how these genes influence complex traits requires a mechanistic understanding of gene expression regulation across different conditions. This understanding is crucial for the development of new therapies. While transcriptome-wide association studies have helped uncover the role of individual genes in disease mechanisms, modern models of complex traits suggest that gene-gene interactions are also important in disease origin and progression. In this study, we present PhenoPLIER, a computational approach that integrates gene-trait associations and pharmacological perturbation data into a common latent representation for joint analysis. This representation is based on modules of genes with similar expression patterns across the same conditions. Our results show that diseases are significantly associated with gene modules expressed in relevant cell types, and our approach accurately predicts known drug-disease pairs and infers mechanisms of action. Additionally, we used a CRISPR screen to analyze lipid regulation and found that functionally important players, which lack associations, are prioritized in trait-associated modules by PhenoPLIER. This study fills the gap in understanding the role of gene-gene interactions in complex traits and provides a valuable tool for identifying therapeutic targets and repurposing drugs.","genetic studies, functional genomics, gene co-expression, therapeutic targets, drug repurposing, clustering of complex traits","Genes act in concert with each other in specific contexts to perform their functions. Determining how these genes influence complex traits requires a mechanistic understanding of expression regulation across different conditions. It has been shown that this insight is critical for developing new therapies. Transcriptome-wide association studies have helped uncover the role of individual genes in disease-relevant mechanisms. However, modern models of the architecture of complex traits predict that gene-gene interactions play a crucial role in disease origin and progression. Here we introduce PhenoPLIER, a computational approach that maps gene-trait associations and pharmacological perturbation data into a common latent representation for a joint analysis. This representation is based on modules of genes with similar expression patterns across the same conditions. We observe that diseases are significantly associated with gene modules expressed in relevant cell types, and our approach is accurate in predicting known drug-disease pairs and inferring mechanisms of action. Furthermore, using a CRISPR screen to analyze lipid regulation, we find that functionally important players lack associations but are prioritized in trait-associated modules by PhenoPLIER.",does not provide an interpretation of the results and their implications,Projecting genetic associations through gene expression patterns highlights disease etiology and drug mechanisms
"[PASS] (1.00) Genes work together in specific contexts to carry out their functions. To understand how these genes influence complex traits, it is important to have a mechanistic understanding of how gene expression is regulated under different conditions. This understanding is crucial for the development of new therapies. Transcriptome-wide association studies have helped uncover the role of individual genes in disease mechanisms. However, current models of complex traits suggest that interactions between genes are also important in the origin and progression of diseases. In this study, we present PhenoPLIER, a computational approach that combines gene-trait associations and pharmacological perturbation data to analyze them together. We use modules of genes with similar expression patterns across the same conditions to create a common representation. We find that diseases are significantly associated with gene modules expressed in relevant cell types, and our approach accurately predicts known drug-disease pairs and identifies mechanisms of action. Additionally, we use a CRISPR screen to study lipid regulation and find that functionally important genes, which may not have direct associations, are prioritized in trait-associated modules by PhenoPLIER.","[PASS] (1.00) Genes work together in specific contexts to carry out their functions, and understanding how these genes influence complex traits requires a mechanistic understanding of gene expression regulation across different conditions. This understanding is crucial for the development of new therapies. While transcriptome-wide association studies have helped uncover the role of individual genes in disease mechanisms, modern models of complex traits suggest that gene-gene interactions are also important in disease origin and progression. In this study, we present PhenoPLIER, a computational approach that integrates gene-trait associations and pharmacological perturbation data into a common latent representation for joint analysis. This representation is based on modules of genes with similar expression patterns across the same conditions. Our results show that diseases are significantly associated with gene modules expressed in relevant cell types, and our approach accurately predicts known drug-disease pairs and infers mechanisms of action. Additionally, we used a CRISPR screen to analyze lipid regulation and found that functionally important players, which lack associations, are prioritized in trait-associated modules by PhenoPLIER. This study fills the gap in understanding the role of gene-gene interactions in complex traits and provides a valuable tool for identifying therapeutic targets and repurposing drugs.","genetic studies, functional genomics, gene co-expression, therapeutic targets, drug repurposing, clustering of complex traits","Genes act in concert with each other in specific contexts to perform their functions. Determining how these genes influence complex traits requires a mechanistic understanding of expression regulation across different conditions. It has been shown that this insight is critical for developing new therapies. Transcriptome-wide association studies have helped uncover the role of individual genes in disease-relevant mechanisms. However, modern models of the architecture of complex traits predict that gene-gene interactions play a crucial role in disease origin and progression. Here we introduce PhenoPLIER, a computational approach that maps gene-trait associations and pharmacological perturbation data into a common latent representation for a joint analysis. This representation is based on modules of genes with similar expression patterns across the same conditions. We observe that diseases are significantly associated with gene modules expressed in relevant cell types, and our approach is accurate in predicting known drug-disease pairs and inferring mechanisms of action. Furthermore, using a CRISPR screen to analyze lipid regulation, we find that functionally important players lack associations but are prioritized in trait-associated modules by PhenoPLIER.",does not provide an interpretation of the results and their implications,Projecting genetic associations through gene expression patterns highlights disease etiology and drug mechanisms
