"{""raw"":""You are a scientist with copy-editing skills who will help in improving the text of a manuscript with title '{{ title }}' and keywords '{{ keywords }}.' Revise the following abstract of this manuscript.\n\nInput paragraph: {{ paragraph }}\n\nRevised paragraph:"",""display"":""/home/miltondp/projects/others/manubot/manubot-ai-editor-evals/abstract/prompts/baseline.txt"",""id"":""19e4f6dde336b9d67eb2fd558e9ea7f8ab3fef6ce8f03817f772c506f658bc55"",""metrics"":{""score"":16.777777777777782,""testPassCount"":2,""testFailCount"":18,""assertPassCount"":151,""assertFailCount"":29,""totalLatencyMs"":2675096,""tokenUsage"":{""total"":0,""prompt"":0,""completion"":0,""cached"":0},""namedScores"":{}}}","{""raw"":""You are a scientist with copy-editing skills who will help in improving the text of a manuscript with title '{{ title }}' and keywords '{{ keywords }}.' Revise the following abstract of this manuscript, so it has a clear sentence structure and follows a context-content-conclusion (C-C-C) scheme and fits in a single paragraph. Make changes only when they are absolutely necessary to follow the C-C-C scheme. Under the C-C-C scheme, the abstract must follow the following structure: 1) The context must communicate to the reader what gap the paper will fill. The first sentence orients the reader by introducing the broader field in which the particular research is situated. Then, this context is narrowed until it lands on the open question that the research answered. A successful context section sets the stage for distinguishing the paper’s contributions from the current state of the art by communicating what is missing in the literature (i.e., the specific gap) and why that matters (i.e., the connection between the specific gap and the broader context that the paper opened with); 2) The content (\""Here we\"") first describes the novel method or approach that you used to fill the gap or question. Then you present the meat—your executive summary of the results; 3) Finally, the conclusion interprets the results to answer the question that was posed at the end of the context section. There is often a second part to the conclusion section that highlights how this conclusion moves the broader field forward (i.e., \""broader significance\"").\n\nInput paragraph: {{ paragraph }}\n\nRevised paragraph:"",""display"":""/home/miltondp/projects/others/manubot/manubot-ai-editor-evals/abstract/prompts/candidate.txt"",""id"":""1dd365a9bb4d181580c711f92234a3eb9f11ee68b4877763e27cf57607fb0222"",""metrics"":{""score"":19.77777777777778,""testPassCount"":18,""testFailCount"":2,""assertPassCount"":178,""assertFailCount"":2,""totalLatencyMs"":3386768,""tokenUsage"":{""total"":0,""prompt"":0,""completion"":0,""cached"":0},""namedScores"":{}}}",keywords,paragraph,test_description,title
"[FAIL] (0.89) Expected output to not contain one of ""authors, Abstract:, Keywords:, References:""
---
 Genes function in a coordinated manner within specific contexts to execute their roles. Gaining a mechanistic understanding of how these genes regulate complex traits across various conditions is critical for elucidating disease etiology and developing novel therapies. Transcriptome-wide association studies have been instrumental in uncovering the individual genes' role in disease-relevant mechanisms. However, contemporary models of complex trait architecture suggest that gene-gene interactions significantly contribute to disease origin and progression. Here, we introduce PhenoPLIER, a computational approach that integrates gene-trait associations and pharmacological perturbation data into a shared latent representation for joint analysis. This representation is based on modules of genes with similar expression patterns across identical conditions. Our findings indicate that diseases are significantly associated with specific gene modules expressed in relevant cell types. Moreover, PhenoPLIER demonstrates high accuracy in predicting known drug-disease pairs and inferring mechanisms of action. Utilizing a CRISPR screen to analyze lipid regulation, we discovered that functionally important genes lacking associations are prioritized in trait-associated modules by PhenoPLIER. In summary, PhenoPLIER's incorporation of co-expressed gene groups can contextualize genetic associations, thereby revealing potential targets that might have been overlooked through single-gene strategies. PhenoPLIER provides a novel framework for interpreting genetic associations through the lens of gene modules, thereby highlighting disease etiology and drug mechanisms.

Keywords: Genetic studies, Functional genomics, Gene co-expression, Therapeutic targets, Drug repurposing, Clustering of complex traits.","[PASS] (1.00)  The role of genes in the manifestation of complex traits and diseases is an active area of research, with recent studies emphasizing the importance of understanding gene-gene interactions. While transcriptome-wide association studies have been instrumental in uncovering individual gene-trait associations, a comprehensive assessment of the impact of gene interaction networks on disease etiology and drug mechanisms remains elusive. Here, we present PhenoPLIER, a novel computational approach that maps gene-trait associations and pharmacological perturbation data into a common latent space based on modules of genes with similar expression patterns across various conditions. We demonstrate that diseases are significantly associated with specific gene modules expressed in relevant cell types, and our approach accurately predicts known drug-disease pairs and infer mechanisms of action. Furthermore, we showcase the potential of PhenoPLIER by identifying functionally important players involved in lipid regulation that lack individual gene-trait associations but are prioritized within trait-associated modules. Our findings underscore the importance of considering co-expressed gene groups when interpreting genetic associations, revealing potential therapeutic targets that may have been overlooked using traditional single-gene strategies. PhenoPLIER thus offers a novel framework for contextualizing genetic associations and facilitating drug repurposing through functional genomics.","genetic studies, functional genomics, gene co-expression, therapeutic targets, drug repurposing, clustering of complex traits","Genes act in concierto with each other in specifico contexts to perform their functions. Determining how these genes influence complex traits requires a mechanistic understanding of expression regulation across different conditions. It has been shown that this insight is critical for developing new therapies. Transcriptome-wide association studies have helped uncover the role of individual genes in disease-relevant mechanisms. However, modern models of the architecture of complex traits predict that gene-gene interactions play a crucial role in disease origin and progression. Here we introduce PhenoPLIER, a computational approach that maps gene-trait associations and pharmacological perturbation data into a common latent representation for a joint analysis. This representation is base on modules of genes with similar expression patterns across the same conditions. We observe that diseases are significantl associated with gene modules expressed in relevant cell types, and our approach is accurate in predicting known drug-disease pairs and inferring mechanisms of action. Furthermore using a CRISPR screen to analyze lipid regulation, we find that functionally important players lack associations but are prioritized in trait-associated modules by PhenoPLIER. In conclusion, by incorporating, groups of co-expressed genes, PhenoPLIER can contextualize genetic associations and reveal, potential targets missed by single-gene strategies. PhenoPLIER provides a novel framework for interpreting genetic associations through the lens of gene modules.",spelling/grammar errors,Projecting genetic associations through gene expression patterns highlights disease etiology and drug mechanisms
"[FAIL] (0.89) Expected output to not contain one of ""authors, Abstract:, Keywords:, References:""
---
 Genes function in a coordinated manner within specific contexts to execute their roles. A comprehensive understanding of how these genes influence complex traits requires insight into the regulation of expression across various conditions. Such knowledge is critical for the development of novel therapies. While transcriptome-wide association studies have contributed significantly to our understanding of individual genes involved in disease-relevant mechanisms, modern models suggest that gene-gene interactions play a pivotal role in disease etiology and progression. In this study, we introduce PhenoPLIER, a computational approach that maps gene-trait associations and pharmacological perturbation data into a common latent representation for joint analysis. This representation is based on modules of genes with similar expression patterns across identical conditions. Our findings indicate significant associations between diseases and specific gene modules expressed in relevant cell types. Moreover, PhenoPLIER accurately predicts known drug-disease pairs and infer mechanisms of action. Using a CRISPR screen to analyze lipid regulation, we find that functionally important players lacking individual gene associations are prioritized in trait-associated modules by PhenoPLIER. Therefore, by incorporating groups of co-expressed genes, PhenoPLIER can contextualize genetic associations and reveal potential targets that may be overlooked by single-gene strategies. Our study provides a novel framework for interpreting genetic associations through the lens of gene modules, offering new insights into disease etiology and drug mechanisms.

Keywords: Genetic studies, Functional genomics, Gene co-expression, Therapeutic targets, Drug repurposing, Clustering of complex traits.","[PASS] (1.00)  In the field of genetic studies, a comprehensive understanding of how genes interact to influence complex traits remains elusive. Although transcriptome-wide association studies have shed light on individual gene-trait associations, they do not fully capture the intricate web of gene-gene interactions that underlie disease etiology and progression. Here, we present PhenoPLIER, a novel computational approach that integrates gene-trait associations and pharmacological perturbation data into a common latent space based on co-expressed gene modules. Our results demonstrate that diseases are significantly associated with specific gene modules expressed in relevant cell types. Furthermore, PhenoPLIER accurately predicts known drug-disease pairs and infer mechanisms of action. Notably, we find that functionally important genes lacking individual trait associations are prioritized in trait-associated modules by PhenoPLIER. Therefore, by incorporating groups of co-expressed genes, PhenoPLIER provides a new framework for interpreting genetic associations and revealing potential therapeutic targets that may have been overlooked using single-gene strategies. This approach has the potential to advance our understanding of disease etiology and drug mechanisms in complex traits.","genetic studies, functional genomics, gene co-expression, therapeutic targets, drug repurposing, clustering of complex traits","Genes act in concierto with each other in specifico contexts to perform their functions. Determining how these genes influence complex traits requires a mechanistic understanding of expression regulation across different conditions. It has been shown that this insight is critical for developing new therapies. Transcriptome-wide association studies have helped uncover the role of individual genes in disease-relevant mechanisms. However, modern models of the architecture of complex traits predict that gene-gene interactions play a crucial role in disease origin and progression. Here we introduce PhenoPLIER, a computational approach that maps gene-trait associations and pharmacological perturbation data into a common latent representation for a joint analysis. This representation is base on modules of genes with similar expression patterns across the same conditions. We observe that diseases are significantl associated with gene modules expressed in relevant cell types, and our approach is accurate in predicting known drug-disease pairs and inferring mechanisms of action. Furthermore using a CRISPR screen to analyze lipid regulation, we find that functionally important players lack associations but are prioritized in trait-associated modules by PhenoPLIER. In conclusion, by incorporating, groups of co-expressed genes, PhenoPLIER can contextualize genetic associations and reveal, potential targets missed by single-gene strategies. PhenoPLIER provides a novel framework for interpreting genetic associations through the lens of gene modules.",spelling/grammar errors,Projecting genetic associations through gene expression patterns highlights disease etiology and drug mechanisms
"[FAIL] (0.89) Expected output to not contain one of ""authors, Abstract:, Keywords:, References:""
---
 Genes function in a coordinated manner within specific contexts to execute their roles. Gaining a mechanistic understanding of how these genes influence complex traits necessitates insight into expression regulation across varying conditions. Such knowledge is critical for the development of novel therapies. While transcriptome-wide association studies have contributed significantly to uncovering the role of individual genes in disease-relevant mechanisms, modern models of complex trait architecture suggest that gene-gene interactions play a pivotal role in disease etiology and progression. In this study, we introduce PhenoPLIER, a computational approach that maps gene-trait associations and pharmacological perturbation data into a shared latent space for joint analysis. This representation is based on modules of genes with similar expression patterns across identical conditions. Our results indicate that diseases are significantly associated with specific gene modules expressed in relevant cell types, and our approach accurately predicts known drug-disease pairs and infer mechanisms of action. Moreover, using a CRISPR screen to analyze lipid regulation, we find that functionally important players lacking individual associations are prioritized in trait-associated modules by PhenoPLIER. In conclusion, by incorporating groups of co-expressed genes, PhenoPLIER can contextualize genetic associations and reveal potential therapeutic targets that may have been overlooked using single-gene strategies. Our study provides a novel framework for interpreting genetic associations through the lens of gene modules, thereby highlighting disease etiology and drug mechanisms.

Keywords: Genetic studies, Functional genomics, Gene co-expression, Therapeutic targets, Drug repurposing, Clustering of complex traits.","[PASS] (1.00)  The role of gene-gene interactions in the etiology and progression of complex traits is not yet fully understood, despite advances in transcriptome-wide association studies that have shed light on individual genes' influence on disease-relevant mechanisms. To address this gap, we introduce PhenoPLIER, a novel computational approach that maps gene-trait associations and pharmacological perturbation data into a common latent representation for joint analysis. This representation is based on modules of genes with similar expression patterns across the same conditions, enabling us to observe significant associations between diseases and gene modules expressed in relevant cell types. Our approach accurately predicts known drug-disease pairs and infer mechanisms of action, and it can reveal functionally important players lacking individual gene associations by prioritizing them in trait-associated modules. By contextualizing genetic associations through the lens of co-expressed genes, PhenoPLIER provides a novel framework for identifying potential therapeutic targets and repurposing drugs that may have been missed by single-gene strategies.","genetic studies, functional genomics, gene co-expression, therapeutic targets, drug repurposing, clustering of complex traits","Genes act in concierto with each other in specifico contexts to perform their functions. Determining how these genes influence complex traits requires a mechanistic understanding of expression regulation across different conditions. It has been shown that this insight is critical for developing new therapies. Transcriptome-wide association studies have helped uncover the role of individual genes in disease-relevant mechanisms. However, modern models of the architecture of complex traits predict that gene-gene interactions play a crucial role in disease origin and progression. Here we introduce PhenoPLIER, a computational approach that maps gene-trait associations and pharmacological perturbation data into a common latent representation for a joint analysis. This representation is base on modules of genes with similar expression patterns across the same conditions. We observe that diseases are significantl associated with gene modules expressed in relevant cell types, and our approach is accurate in predicting known drug-disease pairs and inferring mechanisms of action. Furthermore using a CRISPR screen to analyze lipid regulation, we find that functionally important players lack associations but are prioritized in trait-associated modules by PhenoPLIER. In conclusion, by incorporating, groups of co-expressed genes, PhenoPLIER can contextualize genetic associations and reveal, potential targets missed by single-gene strategies. PhenoPLIER provides a novel framework for interpreting genetic associations through the lens of gene modules.",spelling/grammar errors,Projecting genetic associations through gene expression patterns highlights disease etiology and drug mechanisms
"[PASS] (1.00)  Genes function in a coordinated manner within specific contexts to execute their roles. Gaining a mechanistic understanding of how these genes influence complex traits necessitates insight into expression regulation across varying conditions. This knowledge is critical for developing novel therapies. While transcriptome-wide association studies have contributed significantly to uncovering the role of individual genes in disease-relevant mechanisms, modern models suggest that gene-gene interactions play a pivotal role in disease etiology and progression. Here, we introduce PhenoPLIER, a computational approach that maps gene-trait associations and pharmacological perturbation data into a common latent representation for joint analysis. This representation is based on modules of genes with similar expression patterns across identical conditions. Our findings indicate that diseases are significantly associated with gene modules expressed in relevant cell types, and our approach accurately predicts known drug-disease pairs and inferring mechanisms of action. Moreover, using a CRISPR screen to analyze lipid regulation, we find that functionally important players lacking individual gene associations are prioritized in trait-associated modules by PhenoPLIER. In conclusion, PhenoPLIER provides a novel framework for interpreting genetic associations through the lens of gene modules, thereby contextualizing genetic associations and potentially revealing previously overlooked therapeutic targets that might have been missed via single-gene strategies.","[PASS] (1.00)  In the field of genetic studies, a comprehensive understanding of how genes interact to influence complex traits is crucial for elucidating disease etiology and identifying novel therapeutic targets. While transcriptome-wide association studies have been successful in uncovering individual gene associations with diseases, they fail to capture the intricate gene-gene interactions that underlie trait architecture. To address this gap, we present PhenoPLIER, a computational approach that maps gene-trait associations and pharmacological perturbation data into a common latent representation based on modules of genes with similar expression patterns across relevant conditions. We demonstrate that diseases are significantly associated with specific gene modules expressed in relevant cell types, and our approach accurately predicts known drug-disease pairs and infer mechanisms of action. Furthermore, by incorporating co-expressed gene groups, PhenoPLIER can contextualize genetic associations, revealing potential targets overlooked by single-gene strategies. Our findings highlight the importance of considering gene interactions in understanding complex traits and provide a novel framework for interpreting genetic associations through the lens of gene modules, paving the way for improved drug repurposing and identification of therapeutic targets.","genetic studies, functional genomics, gene co-expression, therapeutic targets, drug repurposing, clustering of complex traits","Genes act in concierto with each other in specifico contexts to perform their functions. Determining how these genes influence complex traits requires a mechanistic understanding of expression regulation across different conditions. It has been shown that this insight is critical for developing new therapies. Transcriptome-wide association studies have helped uncover the role of individual genes in disease-relevant mechanisms. However, modern models of the architecture of complex traits predict that gene-gene interactions play a crucial role in disease origin and progression. Here we introduce PhenoPLIER, a computational approach that maps gene-trait associations and pharmacological perturbation data into a common latent representation for a joint analysis. This representation is base on modules of genes with similar expression patterns across the same conditions. We observe that diseases are significantl associated with gene modules expressed in relevant cell types, and our approach is accurate in predicting known drug-disease pairs and inferring mechanisms of action. Furthermore using a CRISPR screen to analyze lipid regulation, we find that functionally important players lack associations but are prioritized in trait-associated modules by PhenoPLIER. In conclusion, by incorporating, groups of co-expressed genes, PhenoPLIER can contextualize genetic associations and reveal, potential targets missed by single-gene strategies. PhenoPLIER provides a novel framework for interpreting genetic associations through the lens of gene modules.",spelling/grammar errors,Projecting genetic associations through gene expression patterns highlights disease etiology and drug mechanisms
"[FAIL] (0.89) Expected output to not contain one of ""authors, Abstract:, Keywords:, References:""
---
 Genes function in a coordinated manner within specific contexts to execute their roles. Gaining a mechanistic understanding of how these genes influence complex traits necessitates insight into expression regulation across diverse conditions. Such knowledge is critical for the development of novel therapies. While transcriptome-wide association studies have shed light on the role of individual genes in disease-relevant mechanisms, modern models of complex trait architecture suggest that gene-gene interactions significantly contribute to disease etiology and progression. In this study, we introduce PhenoPLIER, a computational approach that integrates gene-trait associations and pharmacological perturbation data into a shared latent representation for joint analysis. This representation is based on modules of genes with similar expression patterns across the same conditions. Our findings indicate significant associations between diseases and gene modules expressed in relevant cell types. Moreover, PhenoPLIER accurately predicts known drug-disease pairs and infer mechanisms of action. Using a CRISPR screen to analyze lipid regulation, we discovered that functionally important genes lacking individual associations are prioritized in trait-associated modules by PhenoPLIER. In conclusion, by incorporating groups of co-expressed genes, PhenoPLIER can contextualize genetic associations and reveal potential therapeutic targets that may have been overlooked using single-gene strategies. Our approach provides a novel framework for interpreting genetic associations through the lens of gene modules, offering new insights into disease etiology and drug mechanisms.

Keywords: Genetic studies, functional genomics, gene co-expression, therapeutic targets, drug repurposing, clustering of complex traits.","[PASS] (1.00)  In the field of genetic studies, a comprehensive understanding of how genes interact to influence complex traits is crucial for elucidating disease etiology and identifying therapeutic targets. While transcriptome-wide association studies have shed light on individual gene-trait associations, they fall short in capturing the intricate network of gene-gene interactions that underlie complex trait architecture. Here, we present PhenoPLIER, a novel computational approach that integrates gene-trait associations and pharmacological perturbation data into a common latent space based on co-expressed gene modules. Our results demonstrate that diseases are significantly associated with specific gene modules expressed in relevant cell types, and PhenoPLIER accurately predicts known drug-disease pairs and infers mechanisms of action. Moreover, by prioritizing functionally important players lacking individual gene associations, PhenoPLIER reveals potential targets overlooked by single-gene strategies. Overall, PhenoPLIER provides a new framework for interpreting genetic associations through the lens of gene co-expression, paving the way for improved drug repurposing and functional genomics studies in complex trait clustering.","genetic studies, functional genomics, gene co-expression, therapeutic targets, drug repurposing, clustering of complex traits","Genes act in concierto with each other in specifico contexts to perform their functions. Determining how these genes influence complex traits requires a mechanistic understanding of expression regulation across different conditions. It has been shown that this insight is critical for developing new therapies. Transcriptome-wide association studies have helped uncover the role of individual genes in disease-relevant mechanisms. However, modern models of the architecture of complex traits predict that gene-gene interactions play a crucial role in disease origin and progression. Here we introduce PhenoPLIER, a computational approach that maps gene-trait associations and pharmacological perturbation data into a common latent representation for a joint analysis. This representation is base on modules of genes with similar expression patterns across the same conditions. We observe that diseases are significantl associated with gene modules expressed in relevant cell types, and our approach is accurate in predicting known drug-disease pairs and inferring mechanisms of action. Furthermore using a CRISPR screen to analyze lipid regulation, we find that functionally important players lack associations but are prioritized in trait-associated modules by PhenoPLIER. In conclusion, by incorporating, groups of co-expressed genes, PhenoPLIER can contextualize genetic associations and reveal, potential targets missed by single-gene strategies. PhenoPLIER provides a novel framework for interpreting genetic associations through the lens of gene modules.",spelling/grammar errors,Projecting genetic associations through gene expression patterns highlights disease etiology and drug mechanisms
"[FAIL] (0.78) Python code returned false
print(
  ""PhenoPLIER"" not in output.split(""."")[0]
)

---
 In this manuscript, we present PhenoPLIER, a novel computational method that integrates gene-trait associations and pharmacological perturbation data into a unified latent space for comprehensive analysis. Genes function in the context of complex networks, where their influence on complex traits is shaped by intricate expression regulation patterns across various conditions. A mechanistic understanding of these regulatory processes is essential for the development of effective therapies. While transcriptome-wide association studies have been instrumental in uncovering individual gene contributions to disease-relevant mechanisms, the current understanding of complex trait architecture suggests that gene-gene interactions play a pivotal role in disease etiology and progression.

Central to PhenoPLIER's design is the representation of genes based on modules with similar expression patterns across relevant conditions. Our findings indicate that diseases are significantly associated with these gene modules, particularly when expressed in pertinent cell types. Furthermore, we demonstrate that PhenoPLIER accurately predicts known drug-disease pairs and effectively infers mechanisms of action.

To illustrate the potential of our approach, we applied PhenoPLIER to analyze lipid regulation using CRISPR screening data. Our results reveal that functionally important players lacking individual gene associations can be prioritized in trait-associated modules by PhenoPLIER. By incorporating groups of co-expressed genes, PhenoPLIER offers a unique framework for contextualizing genetic associations, thereby revealing potential therapeutic targets that might have been overlooked by traditional single-gene strategies.

In summary, PhenoPLIER represents a valuable tool for interpreting genetic associations through the lens of gene modules, providing new insights into disease etiology and drug mechanisms. The method's focus on integrating gene expression patterns offers significant potential for advancing functional genomics studies and facilitating drug repurposing efforts.

Keywords: Genetic studies, Functional genomics, Gene co-expression, Therapeutic targets, Drug repurposing, Clustering of complex traits.","[PASS] (1.00)  The study of genetic associations with complex traits has traditionally focused on individual genes, neglecting the potential role of gene-gene interactions. However, recent models suggest that these interactions play a crucial role in disease origin and progression. To address this gap, we introduce PhenoPLIER, a computational approach that maps gene-trait associations and pharmacological perturbation data into a common latent representation for joint analysis. PhenoPLIER represents genes as modules with similar expression patterns across different conditions and has shown to be effective in predicting known drug-disease pairs and inferring mechanisms of action. Our results indicate that diseases are significantly associated with gene modules expressed in relevant cell types, and functional important players lacking individual gene associations are prioritized in trait-associated modules by PhenoPLIER. Thus, PhenoPLIER provides a novel framework for interpreting genetic associations through the lens of gene modules, highlighting potential targets missed by single-gene strategies, and ultimately advancing our understanding of complex traits etiology and drug mechanisms.","genetic studies, functional genomics, gene co-expression, therapeutic targets, drug repurposing, clustering of complex traits","We introduce PhenoPLIER, a computational approach that maps gene-trait associations and pharmacological perturbation data into a common latent representation for a joint analysis. Genes act in concert with each other in specific contexts to perform their functions. Determining how these genes influence complex traits requires a mechanistic understanding of expression regulation across different conditions. It has been shown that this insight is critical for developing new therapies. Transcriptome-wide association studies have helped uncover the role of individual genes in disease-relevant mechanisms. However, modern models of the architecture of complex traits predict that gene-gene interactions play a crucial role in disease origin and progression. PhenoPLIER's representation is based on modules of genes with similar expression patterns across the same conditions. We observe that diseases are significantly associated with gene modules expressed in relevant cell types, and our approach is accurate in predicting known drug-disease pairs and inferring mechanisms of action. Furthermore, using a CRISPR screen to analyze lipid regulation, we find that functionally important players lack associations but are prioritized in trait-associated modules by PhenoPLIER. In conclusion, by incorporating groups of co-expressed genes, PhenoPLIER can contextualize genetic associations and reveal potential targets missed by single-gene strategies. PhenoPLIER provides a novel framework for interpreting genetic associations through the lens of gene modules.",does not start with background,Projecting genetic associations through gene expression patterns highlights disease etiology and drug mechanisms
"[FAIL] (0.78) Python code returned false
print(
  ""PhenoPLIER"" not in output.split(""."")[0]
)

---
 In this manuscript, we present PhenoPLIER, a novel computational method that integrates gene-trait associations and pharmacological perturbation data into a unified latent representation for joint analysis. Genes function in the context of complex networks, executing their roles in conjunction with other genes. A comprehensive understanding of expression regulation across various conditions is essential to elucidate how these genes influence complex traits, which is vital for developing effective therapies. Transcriptome-wide association studies have significantly contributed to our knowledge of individual gene associations with disease-relevant mechanisms. However, contemporary models of complex trait architecture suggest that gene-gene interactions play a pivotal role in the onset and progression of diseases.

The foundation of PhenoPLIER lies in the creation of gene modules with similar expression patterns across relevant conditions. Our analysis reveals a significant association between these gene modules and diseases when expressed in pertinent cell types. Moreover, our approach demonstrates high accuracy in predicting known drug-disease pairs and inferring mechanisms of action. Employing a CRISPR screen to examine lipid regulation, we discovered that functionally important genes, which lack individual associations, are prioritized within trait-associated modules by PhenoPLIER.

In summary, PhenoPLIER provides a unique framework for interpreting genetic associations through the examination of gene modules, thereby contextualizing single-gene strategies and potentially uncovering overlooked therapeutic targets. This novel method offers a powerful tool for understanding complex trait etiology and drug mechanisms by incorporating groups of co-expressed genes.

Keywords: Genetic studies; Functional genomics; Gene co-expression; Therapeutic targets; Drug repurposing; Clustering of complex traits.","[FAIL] (0.89) Expected output to not contain one of ""authors, Abstract:, Keywords:, References:""
---
 The study of genetic associations is crucial for understanding disease etiology and identifying therapeutic targets. However, traditional methods have focused on individual gene-trait associations, neglecting the complex interactions between genes that contribute to disease development and progression. Here, we introduce PhenoPLIER, a novel computational approach that maps gene-trait associations and pharmacological perturbation data into a common latent representation for joint analysis. By representing diseases as significant associations with modules of genes with similar expression patterns across relevant cell types, our method accurately predicts known drug-disease pairs and infers mechanisms of action. Moreover, PhenoPLIER can reveal functionally important players that lack individual gene-trait associations but are prioritized in trait-associated modules. Our approach provides a new framework for interpreting genetic associations through the lens of gene co-expression, highlighting potential targets missed by single-gene strategies and advancing the field of functional genomics in disease research and drug repurposing. Keywords: genetic studies, functional genomics, gene co-expression, therapeutic targets, drug repurposing, clustering of complex traits.","genetic studies, functional genomics, gene co-expression, therapeutic targets, drug repurposing, clustering of complex traits","We introduce PhenoPLIER, a computational approach that maps gene-trait associations and pharmacological perturbation data into a common latent representation for a joint analysis. Genes act in concert with each other in specific contexts to perform their functions. Determining how these genes influence complex traits requires a mechanistic understanding of expression regulation across different conditions. It has been shown that this insight is critical for developing new therapies. Transcriptome-wide association studies have helped uncover the role of individual genes in disease-relevant mechanisms. However, modern models of the architecture of complex traits predict that gene-gene interactions play a crucial role in disease origin and progression. PhenoPLIER's representation is based on modules of genes with similar expression patterns across the same conditions. We observe that diseases are significantly associated with gene modules expressed in relevant cell types, and our approach is accurate in predicting known drug-disease pairs and inferring mechanisms of action. Furthermore, using a CRISPR screen to analyze lipid regulation, we find that functionally important players lack associations but are prioritized in trait-associated modules by PhenoPLIER. In conclusion, by incorporating groups of co-expressed genes, PhenoPLIER can contextualize genetic associations and reveal potential targets missed by single-gene strategies. PhenoPLIER provides a novel framework for interpreting genetic associations through the lens of gene modules.",does not start with background,Projecting genetic associations through gene expression patterns highlights disease etiology and drug mechanisms
"[FAIL] (0.89) Python code returned false
print(
  ""PhenoPLIER"" not in output.split(""."")[0]
)

---
 In this manuscript, we present PhenoPLIER, a novel computational method that integrates gene-trait associations and pharmacological perturbation data into a unified latent space for comprehensive analysis. Genes operate in a coordinated manner within specific contexts to execute their functions. A mechanistic understanding of expression regulation across various conditions is essential to elucidate the influence of these genes on complex traits, which is critical for developing effective therapies. While transcriptome-wide association studies have contributed significantly to our understanding of individual genes involved in disease-relevant mechanisms, emerging models of complex trait architecture suggest that gene-gene interactions play a pivotal role in disease etiology and progression.

Central to PhenoPLIER is a representation based on modules of genes with similar expression patterns across comparable conditions. Our findings indicate that diseases are significantly associated with gene modules expressed in relevant cell types. Moreover, PhenoPLIER demonstrates high accuracy in predicting known drug-disease pairs and inferring mechanisms of action. Employing a CRISPR screen to investigate lipid regulation, we discover that functionally important genes lacking individual associations are prioritized in trait-associated modules by PhenoPLIER.

In summary, PhenoPLIER provides a valuable framework for interpreting genetic associations through the lens of gene modules, thereby contextualizing genetic associations and revealing potential targets overlooked by conventional single-gene strategies. This novel approach offers new opportunities for understanding disease etiology, drug mechanisms, therapeutic targets, and drug repurposing in the context of complex trait clustering.","[PASS] (1.00)  The study of genetic associations in complex traits has been primarily focused on individual genes, overlooking the crucial role of gene-gene interactions. Although transcriptome-wide association studies have shed light on the involvement of individual genes in disease-relevant mechanisms, a more comprehensive understanding of how genes act in concert with each other is necessary for developing effective therapies. Here, we introduce PhenoPLIER, a novel computational approach that maps gene-trait associations and pharmacological perturbation data into a common latent representation for joint analysis. By representing diseases as significant associations with modules of genes with similar expression patterns across relevant cell types, PhenoPLIER accurately predicts known drug-disease pairs and infer mechanisms of action. Our findings reveal that functionally important players lacking individual gene associations are prioritized in trait-associated modules by PhenoPLIER. By incorporating groups of co-expressed genes, PhenoPLIER provides a novel framework for contextualizing genetic associations and revealing potential targets missed by single-gene strategies, ultimately moving the broader field forward by highlighting the importance of gene-gene interactions in disease etiology and drug mechanisms.","genetic studies, functional genomics, gene co-expression, therapeutic targets, drug repurposing, clustering of complex traits","We introduce PhenoPLIER, a computational approach that maps gene-trait associations and pharmacological perturbation data into a common latent representation for a joint analysis. Genes act in concert with each other in specific contexts to perform their functions. Determining how these genes influence complex traits requires a mechanistic understanding of expression regulation across different conditions. It has been shown that this insight is critical for developing new therapies. Transcriptome-wide association studies have helped uncover the role of individual genes in disease-relevant mechanisms. However, modern models of the architecture of complex traits predict that gene-gene interactions play a crucial role in disease origin and progression. PhenoPLIER's representation is based on modules of genes with similar expression patterns across the same conditions. We observe that diseases are significantly associated with gene modules expressed in relevant cell types, and our approach is accurate in predicting known drug-disease pairs and inferring mechanisms of action. Furthermore, using a CRISPR screen to analyze lipid regulation, we find that functionally important players lack associations but are prioritized in trait-associated modules by PhenoPLIER. In conclusion, by incorporating groups of co-expressed genes, PhenoPLIER can contextualize genetic associations and reveal potential targets missed by single-gene strategies. PhenoPLIER provides a novel framework for interpreting genetic associations through the lens of gene modules.",does not start with background,Projecting genetic associations through gene expression patterns highlights disease etiology and drug mechanisms
"[FAIL] (0.67) Python code returned false
keywords = [
  ""overall"",
  ""conclusion"",
  ""insight"",
  ""novel"",
  ""potential"",
  ""broader"",
  ""ultimately"",
  ""advancement"",
  ""valuable"",
  ""study"",
  ""research"",
  ""critical gap"",
  ""understanding"",
  ""powerful"",
  ""advancing"",
]
last_sentences = ""."".join(output.split(""."")[-3:]).lower()
print(
  any(s in last_sentences for s in keywords)
)

---
 In this manuscript, we present PhenoPLIER, a novel computational approach that integrates gene-trait associations and pharmacological perturbation data into a unified latent space for joint analysis. Genes function in a coordinated manner within specific contexts to execute their roles, and understanding how these genes influence complex traits necessitates a mechanistic comprehension of expression regulation across diverse conditions. This insight is vital for the development of novel therapies. While transcriptome-wide association studies have shed light on individual genes' involvement in disease-relevant mechanisms, modern models of complex trait architecture suggest that gene-gene interactions significantly contribute to disease etiology and progression. PhenoPLIER's representation relies on gene modules with comparable expression patterns across the same conditions. Our findings indicate that diseases are strongly associated with gene modules expressed in relevant cell types, and our approach accurately predicts known drug-disease pairs while inferring mechanisms of action. Moreover, a CRISPR screen analysis of lipid regulation reveals that functionally important genes lacking associations are prioritized in trait-associated modules by PhenoPLIER. Therefore, PhenoPLIER's incorporation of co-expressed gene groups can contextualize genetic associations and highlight potential targets overlooked by single-gene strategies. PhenoPLIER offers a fresh perspective for interpreting genetic associations through the lens of gene modules, thereby facilitating functional genomics, therapeutic target identification, and drug repurposing efforts. The keywords associated with this manuscript are 'genetic studies, functional genomics, gene co-expression, therapeutic targets, drug repurposing, clustering of complex traits.'","[PASS] (1.00)  The development of effective therapies is often hindered by an incomplete understanding of the genetic factors influencing complex traits and diseases. While transcriptome-wide association studies have shed light on individual gene-trait associations, they do not account for the critical role of gene-gene interactions in disease etiology. Here, we present PhenoPLIER, a novel computational approach that maps gene-trait associations and pharmacological perturbation data into a shared latent space for joint analysis. By representing genes as modules with similar expression patterns across various conditions, PhenoPLIER uncovers significant associations between diseases and gene modules expressed in relevant cell types. Our method accurately predicts known drug-disease pairs and mechanisms of action, while also prioritizing functionally important players that lack individual gene-trait associations. Applying PhenoPLIER to a CRISPR screen for lipid regulation revealed that it highlights potential therapeutic targets overlooked by single-gene strategies. By contextualizing genetic associations through the lens of co-expressed gene modules, PhenoPLIER provides a valuable framework for identifying novel therapeutic targets and facilitating drug repurposing in complex trait research.","genetic studies, functional genomics, gene co-expression, therapeutic targets, drug repurposing, clustering of complex traits","We introduce PhenoPLIER, a computational approach that maps gene-trait associations and pharmacological perturbation data into a common latent representation for a joint analysis. Genes act in concert with each other in specific contexts to perform their functions. Determining how these genes influence complex traits requires a mechanistic understanding of expression regulation across different conditions. It has been shown that this insight is critical for developing new therapies. Transcriptome-wide association studies have helped uncover the role of individual genes in disease-relevant mechanisms. However, modern models of the architecture of complex traits predict that gene-gene interactions play a crucial role in disease origin and progression. PhenoPLIER's representation is based on modules of genes with similar expression patterns across the same conditions. We observe that diseases are significantly associated with gene modules expressed in relevant cell types, and our approach is accurate in predicting known drug-disease pairs and inferring mechanisms of action. Furthermore, using a CRISPR screen to analyze lipid regulation, we find that functionally important players lack associations but are prioritized in trait-associated modules by PhenoPLIER. In conclusion, by incorporating groups of co-expressed genes, PhenoPLIER can contextualize genetic associations and reveal potential targets missed by single-gene strategies. PhenoPLIER provides a novel framework for interpreting genetic associations through the lens of gene modules.",does not start with background,Projecting genetic associations through gene expression patterns highlights disease etiology and drug mechanisms
"[FAIL] (0.78) Python code returned false
print(
  ""PhenoPLIER"" not in output.split(""."")[0]
)

---
 In this manuscript, we present PhenoPLIER, a novel computational method that integrates gene-trait associations and pharmacological perturbation data into a unified latent space for joint analysis. Genes function in a coordinated manner within specific contexts to execute their roles, and understanding how they influence complex traits necessitates a mechanistic comprehension of expression regulation across various conditions. This insight is vital for the development of novel therapies. While transcriptome-wide association studies have been instrumental in uncovering the role of individual genes in disease-relevant mechanisms, contemporary models of complex trait architecture suggest that gene-gene interactions significantly contribute to disease etiology and progression. PhenoPLIER's representation is built upon modules of genes exhibiting similar expression patterns across identical conditions. Our findings indicate that diseases are substantially associated with gene modules expressed in relevant cell types, and our approach demonstrates high accuracy in predicting known drug-disease pairs and inferring mechanisms of action. Moreover, an analysis of lipid regulation using CRISPR screens reveals that functionally important genes lacking individual associations are prioritized in trait-associated modules by PhenoPLIER. Therefore, by incorporating groups of co-expressed genes, PhenoPLIER can contextualize genetic associations and illuminate potential targets overlooked by single-gene strategies. In summary, PhenoPLIER provides a novel framework for interpreting genetic associations through the lens of gene modules, thereby shedding light on disease etiology and drug mechanisms.

Keywords: Genetic studies, Functional genomics, Gene co-expression, Therapeutic targets, Drug repurposing, Clustering of complex traits.","[PASS] (1.00)  The field of genetic studies has made significant strides in identifying individual gene-trait associations, but a comprehensive understanding of complex traits requires a mechanistic understanding of how genes interact with each other. Transcriptome-wide association studies have been instrumental in uncovering the role of individual genes in disease-relevant mechanisms; however, there is a growing recognition that gene-gene interactions play a crucial role in disease origin and progression. To address this gap, we introduce PhenoPLIER, a computational approach that maps gene-trait associations and pharmacological perturbation data into a common latent representation for joint analysis. Our method is based on modules of genes with similar expression patterns across the same conditions, enabling us to observe significant associations between diseases and gene modules expressed in relevant cell types. We demonstrate the accuracy of PhenoPLIER in predicting known drug-disease pairs and inferring mechanisms of action, as well as its ability to prioritize functionally important players that lack individual gene associations in trait-associated modules. By incorporating groups of co-expressed genes, PhenoPLIER provides a novel framework for contextualizing genetic associations and revealing potential targets missed by single-gene strategies, thereby highlighting the broader significance of this approach for functional genomics and drug repurposing.","genetic studies, functional genomics, gene co-expression, therapeutic targets, drug repurposing, clustering of complex traits","We introduce PhenoPLIER, a computational approach that maps gene-trait associations and pharmacological perturbation data into a common latent representation for a joint analysis. Genes act in concert with each other in specific contexts to perform their functions. Determining how these genes influence complex traits requires a mechanistic understanding of expression regulation across different conditions. It has been shown that this insight is critical for developing new therapies. Transcriptome-wide association studies have helped uncover the role of individual genes in disease-relevant mechanisms. However, modern models of the architecture of complex traits predict that gene-gene interactions play a crucial role in disease origin and progression. PhenoPLIER's representation is based on modules of genes with similar expression patterns across the same conditions. We observe that diseases are significantly associated with gene modules expressed in relevant cell types, and our approach is accurate in predicting known drug-disease pairs and inferring mechanisms of action. Furthermore, using a CRISPR screen to analyze lipid regulation, we find that functionally important players lack associations but are prioritized in trait-associated modules by PhenoPLIER. In conclusion, by incorporating groups of co-expressed genes, PhenoPLIER can contextualize genetic associations and reveal potential targets missed by single-gene strategies. PhenoPLIER provides a novel framework for interpreting genetic associations through the lens of gene modules.",does not start with background,Projecting genetic associations through gene expression patterns highlights disease etiology and drug mechanisms
"[FAIL] (0.78) Python code returned false
print(
  output.find(""PhenoPLIER"") < max(output.find(""CRISPR""), output.find(""lipid""), output.find(""drug-disease""), output.find(""players""))
)

---
 Genes function collaboratively within specific contexts to execute their roles, and a comprehensive understanding of expression regulation across various conditions is essential for elucidating their influence on complex traits. This knowledge is critical for the development of novel therapies. Our study reveals significant associations between diseases and gene modules expressed in relevant cell types, demonstrating the accuracy of our approach in predicting known drug-disease pairs and inferring mechanisms of action. Employing a CRISPR screen to investigate lipid regulation, we discovered that functionally important players lacking genetic associations are prioritized in trait-associated modules by PhenoPLIER. In summary, PhenoPLIER's incorporation of co-expressed gene groups enables the contextualization of genetic associations, potentially revealing targets overlooked by single-gene strategies. As a result, PhenoPLIER presents a novel framework for interpreting genetic associations through the lens of gene modules, facilitating the identification of therapeutic targets and drug repurposing opportunities.

Keywords: Genetic studies, Functional genomics, Gene co-expression, Therapeutic targets, Drug repurposing, Clustering of complex traits.","[PASS] (1.00)  The study of how genes interact to influence complex traits is essential for understanding disease etiology and identifying novel therapeutic targets. However, a mechanistic understanding of expression regulation across different conditions is necessary to make these connections. Here, we present a new approach called PhenoPLIER that incorporates groups of co-expressed genes to contextualize genetic associations and reveal potential targets missed by single-gene strategies. We demonstrate that diseases are significantly associated with gene modules expressed in relevant cell types, and our approach is accurate in predicting known drug-disease pairs and inferring mechanisms of action. Specifically, using a CRISPR screen to analyze lipid regulation, we find that functionally important players lacking genetic associations are prioritized in trait-associated modules by PhenoPLIER. Our findings highlight the potential of incorporating gene expression patterns in genetic studies, providing a novel framework for interpreting genetic associations and drug mechanisms in complex traits. This research addresses the gap in the current literature by offering a new method to identify functional genomics links between genetics and disease phenotypes, ultimately facilitating the discovery of therapeutic targets and drug repurposing opportunities.","genetic studies, functional genomics, gene co-expression, therapeutic targets, drug repurposing, clustering of complex traits","Genes act in concert with each other in specific contexts to perform their functions. Determining how these genes influence complex traits requires a mechanistic understanding of expression regulation across different conditions. It has been shown that this insight is critical for developing new therapies. Our results in this study show that diseases are significantly associated with gene modules expressed in relevant cell types, and our approach is accurate in predicting known drug-disease pairs and inferring mechanisms of action. Furthermore, using a CRISPR screen to analyze lipid regulation, we find that functionally important players lack associations but are prioritized in trait-associated modules by PhenoPLIER. In conclusion, by incorporating groups of co-expressed genes, PhenoPLIER can contextualize genetic associations and reveal potential targets missed by single-gene strategies. PhenoPLIER provides a novel framework for interpreting genetic associations through the lens of gene modules.",does not describe the method or approach proposed,Projecting genetic associations through gene expression patterns highlights disease etiology and drug mechanisms
"[FAIL] (0.78) Python code returned false
print(
  output.find(""PhenoPLIER"") < max(output.find(""CRISPR""), output.find(""lipid""), output.find(""drug-disease""), output.find(""players""))
)

---
 Genes function cooperatively within specific contexts to execute their roles, and a mechanistic understanding of expression regulation across various conditions is crucial for elucidating their influence on complex traits. This insight is particularly important in developing novel therapies. In this study, we demonstrate that diseases exhibit significant associations with gene modules expressed in relevant cell types, and our approach proves effective in predicting known drug-disease pairs and inferring mechanisms of action. Moreover, through a CRISPR screen analyzing lipid regulation, we identify functionally important players lacking genetic associations but prioritized in trait-associated modules by PhenoPLIER. In summary, PhenoPLIER's incorporation of co-expressed gene groups enables the contextualization of genetic associations and uncovers potential targets overlooked by single-gene strategies. This novel framework for interpreting genetic associations through the lens of gene modules offers a valuable tool for disease etiology understanding and drug mechanism elucidation, as well as therapeutic target identification and drug repurposing.

Keywords: Genetic studies, Functional genomics, Gene co-expression, Therapeutic targets, Drug repurposing, Clustering of complex traits.","[PASS] (1.00)  In the realm of complex trait studies, a critical gap exists in understanding how genes work in concert to influence diseases, which is essential for therapy development. Here, we introduce PhenoPLIER, a novel approach that integrates gene co-expression patterns across various cell types and conditions to contextualize genetic associations. Our findings demonstrate that diseases are significantly associated with specific gene modules, and our method accurately predicts known drug-disease pairs while inferring mechanisms of action. A CRISPR screen analysis focusing on lipid regulation revealed that functionally important players, although not directly linked to the trait, were prioritized in trait-associated modules by PhenoPLIER. This highlights the potential of PhenoPLIER to uncover hidden therapeutic targets overlooked by traditional single-gene strategies. By incorporating gene co-expression networks, PhenoPLIER offers a valuable framework for interpreting genetic associations and guiding drug repurposing efforts in a more targeted and effective manner.","genetic studies, functional genomics, gene co-expression, therapeutic targets, drug repurposing, clustering of complex traits","Genes act in concert with each other in specific contexts to perform their functions. Determining how these genes influence complex traits requires a mechanistic understanding of expression regulation across different conditions. It has been shown that this insight is critical for developing new therapies. Our results in this study show that diseases are significantly associated with gene modules expressed in relevant cell types, and our approach is accurate in predicting known drug-disease pairs and inferring mechanisms of action. Furthermore, using a CRISPR screen to analyze lipid regulation, we find that functionally important players lack associations but are prioritized in trait-associated modules by PhenoPLIER. In conclusion, by incorporating groups of co-expressed genes, PhenoPLIER can contextualize genetic associations and reveal potential targets missed by single-gene strategies. PhenoPLIER provides a novel framework for interpreting genetic associations through the lens of gene modules.",does not describe the method or approach proposed,Projecting genetic associations through gene expression patterns highlights disease etiology and drug mechanisms
"[FAIL] (0.78) Python code returned false
print(
  output.find(""PhenoPLIER"") < max(output.find(""CRISPR""), output.find(""lipid""), output.find(""drug-disease""), output.find(""players""))
)

---
 Genes operate in conjunction with one another within specific contexts to execute their functions. A comprehensive understanding of expression regulation across various conditions is essential to elucidate how these genes influence complex traits, which is critical for the development of novel therapies. Our study reveals a significant association between diseases and gene modules expressed in relevant cell types, demonstrating the accuracy of our approach in predicting known drug-disease pairs and inferring mechanisms of action. Moreover, through a CRISPR screen analysis of lipid regulation, we discovered that functionally important players lacking associations are prioritized in trait-associated modules by PhenoPLIER. In summary, PhenoPLIER's integration of co-expressed gene groups can contextualize genetic associations and highlight potential targets overlooked by single-gene strategies. This novel framework provided by PhenoPLIER facilitates the interpretation of genetic associations through a gene module lens, thereby advancing our understanding of disease etiology and drug mechanisms.

Keywords: Genetic studies, Functional genomics, Gene co-expression, Therapeutic targets, Drug repurposing, Clustering of complex traits.","[PASS] (1.00)  The role of genes in the regulation of complex traits and their potential as therapeutic targets is well-established, yet a comprehensive understanding of how genes act in concert with each other in specific contexts remains elusive. Existing methods primarily focus on individual gene associations, potentially overlooking crucial information regarding gene modules and their functions. In this study, we introduce a novel approach called PhenoPLIER, which incorporates groups of co-expressed genes to contextualize genetic associations and reveal potential targets missed by single-gene strategies. We demonstrate that diseases are significantly associated with gene modules expressed in relevant cell types, and our method is accurate in predicting known drug-disease pairs and inferring mechanisms of action. Notably, through a CRISPR screen analyzing lipid regulation, we find that functionally important players lacking associations are prioritized in trait-associated modules by PhenoPLIER. By emphasizing gene co-expression patterns, our framework bridges the gap in the literature and provides new insights into disease etiology and drug mechanisms, paving the way for more effective therapeutic target identification and drug repurposing strategies.","genetic studies, functional genomics, gene co-expression, therapeutic targets, drug repurposing, clustering of complex traits","Genes act in concert with each other in specific contexts to perform their functions. Determining how these genes influence complex traits requires a mechanistic understanding of expression regulation across different conditions. It has been shown that this insight is critical for developing new therapies. Our results in this study show that diseases are significantly associated with gene modules expressed in relevant cell types, and our approach is accurate in predicting known drug-disease pairs and inferring mechanisms of action. Furthermore, using a CRISPR screen to analyze lipid regulation, we find that functionally important players lack associations but are prioritized in trait-associated modules by PhenoPLIER. In conclusion, by incorporating groups of co-expressed genes, PhenoPLIER can contextualize genetic associations and reveal potential targets missed by single-gene strategies. PhenoPLIER provides a novel framework for interpreting genetic associations through the lens of gene modules.",does not describe the method or approach proposed,Projecting genetic associations through gene expression patterns highlights disease etiology and drug mechanisms
"[FAIL] (0.78) Python code returned false
print(
  output.find(""PhenoPLIER"") < max(output.find(""CRISPR""), output.find(""lipid""), output.find(""drug-disease""), output.find(""players""))
)

---
 In specific contexts, genes function cooperatively to execute their roles. A mechanistic understanding of expression regulation across various conditions is crucial to elucidate the influence of these genes on complex traits, which is vital for developing novel therapies. Our study reveals a significant association between diseases and gene modules expressed in relevant cell types, demonstrating the accuracy of our approach in predicting known drug-disease pairs and inferring mechanisms of action. Moreover, through a CRISPR screen analysis of lipid regulation, we discovered that functionally important players lacking associations are prioritized in trait-associated modules by PhenoPLIER. In summary, PhenoPLIER's incorporation of co-expressed gene groups can contextualize genetic associations and reveal potential targets overlooked by single-gene strategies. Our study introduces PhenoPLIER as a novel framework for interpreting genetic associations via the lens of gene modules, thereby highlighting its potential in disease etiology and drug mechanism research.

Keywords: Genetic studies, Functional genomics, Gene co-expression, Therapeutic targets, Drug repurposing, Clustering of complex traits.","[PASS] (1.00)  The development of effective therapies for complex diseases is hindered by our incomplete understanding of the genetic factors that influence these conditions. A critical gap in our knowledge is how genes act in concert with each other in specific contexts to regulate expression and contribute to disease risk. Here, we present a novel approach, PhenoPLIER, which incorporates groups of co-expressed genes to contextualize genetic associations and reveal potential targets missed by single-gene strategies. We demonstrate that diseases are significantly associated with gene modules expressed in relevant cell types and that our approach is accurate in predicting known drug-disease pairs and inferring mechanisms of action. Using a CRISPR screen to analyze lipid regulation, we find that functionally important players lacking associations are prioritized in trait-associated modules by PhenoPLIER. Our results suggest that PhenoPLIER provides a valuable framework for interpreting genetic associations through the lens of gene modules and has the potential to inform drug repurposing and the development of novel therapies.","genetic studies, functional genomics, gene co-expression, therapeutic targets, drug repurposing, clustering of complex traits","Genes act in concert with each other in specific contexts to perform their functions. Determining how these genes influence complex traits requires a mechanistic understanding of expression regulation across different conditions. It has been shown that this insight is critical for developing new therapies. Our results in this study show that diseases are significantly associated with gene modules expressed in relevant cell types, and our approach is accurate in predicting known drug-disease pairs and inferring mechanisms of action. Furthermore, using a CRISPR screen to analyze lipid regulation, we find that functionally important players lack associations but are prioritized in trait-associated modules by PhenoPLIER. In conclusion, by incorporating groups of co-expressed genes, PhenoPLIER can contextualize genetic associations and reveal potential targets missed by single-gene strategies. PhenoPLIER provides a novel framework for interpreting genetic associations through the lens of gene modules.",does not describe the method or approach proposed,Projecting genetic associations through gene expression patterns highlights disease etiology and drug mechanisms
"[FAIL] (0.78) Python code returned false
print(
  output.find(""PhenoPLIER"") < max(output.find(""CRISPR""), output.find(""lipid""), output.find(""drug-disease""), output.find(""players""))
)

---
 In specific contexts, genes function cooperatively to execute their roles. A mechanistic understanding of expression regulation across various conditions is essential to elucidate the influence of these genes on complex traits, which is critical for developing effective therapies. Our study reveals that diseases are significantly associated with gene modules expressed in pertinent cell types. Moreover, our approach demonstrates high accuracy in predicting known drug-disease pairs and inferring mechanisms of action. Leveraging a CRISPR screen to investigate lipid regulation, we discovered that functionally significant genes lacking associations are prioritized in trait-associated modules by PhenoPLIER. In summary, PhenoPLIER's integration of co-expressed gene groups enables contextualization of genetic associations, revealing potential targets overlooked by single-gene strategies. Thus, PhenoPLIER offers a novel framework for interpreting genetic associations via the perspective of gene modules, with implications for therapeutic target identification and drug repurposing.

Keywords: Genetic studies, Functional genomics, Gene co-expression, Therapeutic targets, Drug repurposing, Clustering of complex traits.","[PASS] (1.00)  The study of how genes interact to influence complex traits is essential for the development of novel therapies. However, a mechanistic understanding of expression regulation across different conditions is required to make these connections. In this manuscript, we present a new approach, PhenoPLIER, that incorporates groups of co-expressed genes to contextualize genetic associations and reveal potential targets missed by single-gene strategies. Our results demonstrate that diseases are significantly associated with gene modules expressed in relevant cell types, and our method is accurate in predicting known drug-disease pairs and inferring mechanisms of action. Furthermore, we find that functionally important players lacking direct genetic associations are prioritized in trait-associated modules by PhenoPLIER. This research not only fills a gap in the current literature regarding the integration of gene expression patterns in genetic association studies but also provides a novel framework for identifying therapeutic targets and drug repurposing opportunities.","genetic studies, functional genomics, gene co-expression, therapeutic targets, drug repurposing, clustering of complex traits","Genes act in concert with each other in specific contexts to perform their functions. Determining how these genes influence complex traits requires a mechanistic understanding of expression regulation across different conditions. It has been shown that this insight is critical for developing new therapies. Our results in this study show that diseases are significantly associated with gene modules expressed in relevant cell types, and our approach is accurate in predicting known drug-disease pairs and inferring mechanisms of action. Furthermore, using a CRISPR screen to analyze lipid regulation, we find that functionally important players lack associations but are prioritized in trait-associated modules by PhenoPLIER. In conclusion, by incorporating groups of co-expressed genes, PhenoPLIER can contextualize genetic associations and reveal potential targets missed by single-gene strategies. PhenoPLIER provides a novel framework for interpreting genetic associations through the lens of gene modules.",does not describe the method or approach proposed,Projecting genetic associations through gene expression patterns highlights disease etiology and drug mechanisms
"[FAIL] (0.89) Python code returned false
keywords = [
  ""overall"",
  ""conclusion"",
  ""insight"",
  ""novel"",
  ""potential"",
  ""broader"",
  ""ultimately"",
  ""advancement"",
  ""valuable"",
  ""study"",
  ""research"",
  ""critical gap"",
  ""understanding"",
  ""powerful"",
  ""advancing"",
]
last_sentences = ""."".join(output.split(""."")[-3:]).lower()
print(
  any(s in last_sentences for s in keywords)
)

---
 Genes operate in a coordinated manner within specific contexts to execute their functions. Gaining a mechanistic understanding of how these genes influence complex traits necessitates insights into expression regulation across diverse conditions. Such knowledge is critical for the development of novel therapies. While transcriptome-wide association studies have been instrumental in uncovering the role of individual genes in disease-relevant mechanisms, modern models of complex trait architecture suggest that gene-gene interactions are pivotal in disease etiology and progression. In this study, we present PhenoPLIER, a computational approach that integrates gene-trait associations and pharmacological perturbation data into a unified latent space for joint analysis. This framework is built upon modules of genes with similar expression patterns across comparable conditions. Our findings indicate that diseases are significantly associated with gene modules expressed in relevant cell types, and PhenoPLIER demonstrates high accuracy in predicting known drug-disease pairs and inferring mechanisms of action. Moreover, an analysis of a CRISPR screen for lipid regulation reveals that functionally important genes lacking individual associations are prioritized in trait-associated modules by PhenoPLIER.","[PASS] (1.00)  The study of how genes influence complex traits necessitates a comprehensive understanding of expression regulation across various contexts. Although transcriptome-wide association studies have shed light on the role of individual genes in disease-relevant mechanisms, modern models suggest that gene-gene interactions significantly contribute to disease etiology and progression. To address this gap, we introduce PhenoPLIER, a novel computational approach that integrates gene-trait associations and pharmacological perturbation data into a unified latent representation for joint analysis. This representation is built upon modules of genes with similar expression patterns under identical conditions, enabling the identification of significant associations between diseases and specific gene modules expressed in relevant cell types. Our approach demonstrates high accuracy in predicting known drug-disease pairs and inferring mechanisms of action. Moreover, by analyzing a CRISPR screen focused on lipid regulation, we discover that functionally critical genes lacking direct associations are effectively prioritized within trait-associated modules through PhenoPLIER. These findings underscore the potential of our approach to reveal novel insights into disease etiology and drug mechanisms, ultimately advancing functional genomics research and therapeutic target discovery.","genetic studies, functional genomics, gene co-expression, therapeutic targets, drug repurposing, clustering of complex traits","Genes act in concert with each other in specific contexts to perform their functions. Determining how these genes influence complex traits requires a mechanistic understanding of expression regulation across different conditions. It has been shown that this insight is critical for developing new therapies. Transcriptome-wide association studies have helped uncover the role of individual genes in disease-relevant mechanisms. However, modern models of the architecture of complex traits predict that gene-gene interactions play a crucial role in disease origin and progression. Here we introduce PhenoPLIER, a computational approach that maps gene-trait associations and pharmacological perturbation data into a common latent representation for a joint analysis. This representation is based on modules of genes with similar expression patterns across the same conditions. We observe that diseases are significantly associated with gene modules expressed in relevant cell types, and our approach is accurate in predicting known drug-disease pairs and inferring mechanisms of action. Furthermore, using a CRISPR screen to analyze lipid regulation, we find that functionally important players lack associations but are prioritized in trait-associated modules by PhenoPLIER.",does not provide an interpretation of the results and their implications,Projecting genetic associations through gene expression patterns highlights disease etiology and drug mechanisms
"[PASS] (1.00)  Genes operate in coordination with each other within specific contexts to execute their functions. Gaining a mechanistic understanding of expression regulation across various conditions is essential to elucidate how these genes influence complex traits, which is critical for developing novel therapies. While transcriptome-wide association studies have contributed significantly to uncovering the role of individual genes in disease-relevant mechanisms, modern models of complex trait architecture suggest that gene-gene interactions play a pivotal role in disease etiology and progression. In this study, we introduce PhenoPLIER, a computational method that integrates gene-trait associations and pharmacological perturbation data into a shared latent space for joint analysis. This framework is based on modules of genes with similar expression patterns across comparable conditions. Our results indicate that diseases are significantly associated with gene modules expressed in relevant cell types, and our approach accurately predicts known drug-disease pairs and infer mechanisms of action. Additionally, an analysis of a CRISPR screen for lipid regulation reveals that functionally important players lacking individual associations are prioritized in trait-associated modules by PhenoPLIER. Our study highlights the importance of considering gene-gene interactions in understanding disease etiology and drug mechanisms, and the potential of PhenoPLIER in identifying novel therapeutic targets and repurposing existing drugs.","[PASS] (1.00)  The study of how genes act in concert to influence complex traits and disease etiology requires a comprehensive understanding of gene expression regulation. Although transcriptome-wide association studies have been instrumental in identifying individual genes associated with disease-relevant mechanisms, they do not account for the role of gene-gene interactions. Modern models suggest that these interactions play a crucial role in disease origin and progression. Here we present PhenoPLIER, a novel computational approach that maps gene-trait associations and pharmacological perturbation data into a common latent space based on modules of genes with similar expression patterns across conditions. We find that diseases are significantly associated with specific gene modules expressed in relevant cell types, and our approach accurately predicts known drug-disease pairs and infer mechanisms of action. Furthermore, analysis of lipid regulation using a CRISPR screen reveals that functionally important players lacking individual trait associations can be prioritized through their membership in trait-associated gene modules. Our findings demonstrate the potential of PhenoPLIER to uncover novel insights into disease etiology and drug mechanisms by considering the collective effects of genes, thereby highlighting its utility for therapeutic target discovery and drug repurposing.","genetic studies, functional genomics, gene co-expression, therapeutic targets, drug repurposing, clustering of complex traits","Genes act in concert with each other in specific contexts to perform their functions. Determining how these genes influence complex traits requires a mechanistic understanding of expression regulation across different conditions. It has been shown that this insight is critical for developing new therapies. Transcriptome-wide association studies have helped uncover the role of individual genes in disease-relevant mechanisms. However, modern models of the architecture of complex traits predict that gene-gene interactions play a crucial role in disease origin and progression. Here we introduce PhenoPLIER, a computational approach that maps gene-trait associations and pharmacological perturbation data into a common latent representation for a joint analysis. This representation is based on modules of genes with similar expression patterns across the same conditions. We observe that diseases are significantly associated with gene modules expressed in relevant cell types, and our approach is accurate in predicting known drug-disease pairs and inferring mechanisms of action. Furthermore, using a CRISPR screen to analyze lipid regulation, we find that functionally important players lack associations but are prioritized in trait-associated modules by PhenoPLIER.",does not provide an interpretation of the results and their implications,Projecting genetic associations through gene expression patterns highlights disease etiology and drug mechanisms
"[FAIL] (0.89) Python code returned false
keywords = [
  ""overall"",
  ""conclusion"",
  ""insight"",
  ""novel"",
  ""potential"",
  ""broader"",
  ""ultimately"",
  ""advancement"",
  ""valuable"",
  ""study"",
  ""research"",
  ""critical gap"",
  ""understanding"",
  ""powerful"",
  ""advancing"",
]
last_sentences = ""."".join(output.split(""."")[-3:]).lower()
print(
  any(s in last_sentences for s in keywords)
)

---
 Genes function in a coordinated manner within specific contexts to execute their roles. Gaining a mechanistic understanding of how these genes regulate complex traits across various conditions is essential for elucidating disease etiology and developing novel therapies. While transcriptome-wide association studies have been instrumental in identifying the role of individual genes in disease-relevant mechanisms, emerging models suggest that gene-gene interactions significantly contribute to the origin and progression of complex traits. Here, we present PhenoPLIER, a computational approach that integrates gene-trait associations and pharmacological perturbation data into a unified latent space for joint analysis. This framework is built upon modules of genes with similar expression patterns across identical conditions. Our results demonstrate that diseases are significantly associated with specific gene modules expressed in relevant cell types. Moreover, PhenoPLIER exhibits high accuracy in predicting known drug-disease pairs and inferring mechanisms of action. Notably, a CRISPR screen analysis of lipid regulation reveals that functionally significant genes lacking individual associations can be prioritized within trait-associated modules by PhenoPLIER. In summary, PhenoPLIER provides a robust framework for projecting genetic associations onto gene expression patterns, thereby highlighting disease etiology and drug mechanisms while offering new opportunities for therapeutic targets and drug repurposing.","[PASS] (1.00)  The study of how genes influence complex traits necessitates a comprehensive understanding of expression regulation across various contexts. Although transcriptome-wide association studies have shed light on the role of individual genes in disease-relevant mechanisms, current models suggest that gene-gene interactions significantly contribute to the etiology and progression of complex diseases. To address this gap, we introduce PhenoPLIER, a computational approach that integrates gene-trait associations and pharmacological perturbation data into a unified latent representation for joint analysis. This representation is based on modules of genes with similar expression patterns across the same conditions, enabling the identification of significant associations between diseases and relevant cell type-specific gene modules. Our method demonstrates accuracy in predicting known drug-disease pairs and inferring mechanisms of action. Additionally, an application of PhenoPLIER to a CRISPR screen for lipid regulation reveals that functionally important genes, which may otherwise be overlooked due to lacking individual associations, are prioritized in trait-associated modules by our approach. These findings underscore the potential of PhenoPLIER in highlighting disease etiology and drug mechanisms through the analysis of gene expression patterns, ultimately facilitating therapeutic target identification and drug repurposing efforts.","genetic studies, functional genomics, gene co-expression, therapeutic targets, drug repurposing, clustering of complex traits","Genes act in concert with each other in specific contexts to perform their functions. Determining how these genes influence complex traits requires a mechanistic understanding of expression regulation across different conditions. It has been shown that this insight is critical for developing new therapies. Transcriptome-wide association studies have helped uncover the role of individual genes in disease-relevant mechanisms. However, modern models of the architecture of complex traits predict that gene-gene interactions play a crucial role in disease origin and progression. Here we introduce PhenoPLIER, a computational approach that maps gene-trait associations and pharmacological perturbation data into a common latent representation for a joint analysis. This representation is based on modules of genes with similar expression patterns across the same conditions. We observe that diseases are significantly associated with gene modules expressed in relevant cell types, and our approach is accurate in predicting known drug-disease pairs and inferring mechanisms of action. Furthermore, using a CRISPR screen to analyze lipid regulation, we find that functionally important players lack associations but are prioritized in trait-associated modules by PhenoPLIER.",does not provide an interpretation of the results and their implications,Projecting genetic associations through gene expression patterns highlights disease etiology and drug mechanisms
"[FAIL] (0.89) Python code returned false
keywords = [
  ""overall"",
  ""conclusion"",
  ""insight"",
  ""novel"",
  ""potential"",
  ""broader"",
  ""ultimately"",
  ""advancement"",
  ""valuable"",
  ""study"",
  ""research"",
  ""critical gap"",
  ""understanding"",
  ""powerful"",
  ""advancing"",
]
last_sentences = ""."".join(output.split(""."")[-3:]).lower()
print(
  any(s in last_sentences for s in keywords)
)

---
 Genes function in a coordinated manner within specific contexts to execute their roles. Gaining a mechanistic understanding of how these genes influence complex traits necessitates insights into expression regulation across diverse conditions. Such knowledge is vital for the development of novel therapies. While transcriptome-wide association studies have been instrumental in revealing the individual gene's role in disease-relevant mechanisms, modern trait architecture models suggest that gene-gene interactions significantly contribute to disease etiology and progression. In this study, we introduce PhenoPLIER, a computational approach that integrates gene-trait associations and pharmacological perturbation data into a unified latent space for joint analysis. This representation is constructed based on gene modules exhibiting similar expression patterns across identical conditions. Our findings indicate that diseases are substantially associated with gene modules expressed in relevant cell types. Moreover, PhenoPLIER demonstrates high accuracy in predicting known drug-disease pairs and inferring mechanisms of action. Notably, a CRISPR screen analysis of lipid regulation reveals that functionally significant genes lacking associations are prioritized in trait-associated modules by PhenoPLIER.","[PASS] (1.00)  In the field of genetic studies, a comprehensive understanding of how genes interact to influence complex traits remains an open research question. Although transcriptome-wide association studies have shed light on the role of individual genes in disease-relevant mechanisms, there is a growing recognition that gene-gene interactions play a crucial role in disease origin and progression. To address this gap, we developed PhenoPLIER, a computational approach that maps gene-trait associations and pharmacological perturbation data into a common latent representation for joint analysis. Our method is based on the identification of modules of genes with similar expression patterns across different conditions, which allows us to analyze diseases in relation to these gene modules expressed in relevant cell types. We find that PhenoPLIER accurately predicts known drug-disease pairs and infer mechanisms of action, and furthermore, it can prioritize functionally important players lacking individual trait associations in trait-associated modules. These findings highlight the potential of PhenoPLIER for uncovering novel therapeutic targets and repurposing existing drugs through the clustering of complex traits, thus moving the broader field forward by providing a systems-level perspective on gene regulation and disease etiology.","genetic studies, functional genomics, gene co-expression, therapeutic targets, drug repurposing, clustering of complex traits","Genes act in concert with each other in specific contexts to perform their functions. Determining how these genes influence complex traits requires a mechanistic understanding of expression regulation across different conditions. It has been shown that this insight is critical for developing new therapies. Transcriptome-wide association studies have helped uncover the role of individual genes in disease-relevant mechanisms. However, modern models of the architecture of complex traits predict that gene-gene interactions play a crucial role in disease origin and progression. Here we introduce PhenoPLIER, a computational approach that maps gene-trait associations and pharmacological perturbation data into a common latent representation for a joint analysis. This representation is based on modules of genes with similar expression patterns across the same conditions. We observe that diseases are significantly associated with gene modules expressed in relevant cell types, and our approach is accurate in predicting known drug-disease pairs and inferring mechanisms of action. Furthermore, using a CRISPR screen to analyze lipid regulation, we find that functionally important players lack associations but are prioritized in trait-associated modules by PhenoPLIER.",does not provide an interpretation of the results and their implications,Projecting genetic associations through gene expression patterns highlights disease etiology and drug mechanisms
"[FAIL] (0.78) Python code returned false
keywords = [
  ""overall"",
  ""conclusion"",
  ""insight"",
  ""novel"",
  ""potential"",
  ""broader"",
  ""ultimately"",
  ""advancement"",
  ""valuable"",
  ""study"",
  ""research"",
  ""critical gap"",
  ""understanding"",
  ""powerful"",
  ""advancing"",
]
last_sentences = ""."".join(output.split(""."")[-3:]).lower()
print(
  any(s in last_sentences for s in keywords)
)

---
 Genes function in a coordinated manner within specific contexts to execute their roles. Gaining a mechanistic understanding of expression regulation across various conditions is crucial for deciphering how these genes influence complex traits, which is essential for the development of novel therapies. While transcriptome-wide association studies have been instrumental in uncovering the role of individual genes in disease-relevant mechanisms, modern architectural models of complex traits suggest that gene-gene interactions significantly contribute to disease etiology and progression. In this study, we present PhenoPLIER, a computational approach that integrates gene-trait associations and pharmacological perturbation data into a unified latent representation for joint analysis. This representation is based on modules of genes with similar expression patterns across identical conditions. Our findings indicate that diseases are substantially associated with gene modules expressed in relevant cell types, and our approach accurately predicts known drug-disease pairs and infer mechanisms of action. Moreover, an analysis of lipid regulation using a CRISPR screen reveals that functionally significant players lacking associations are prioritized in trait-associated modules by PhenoPLIER.

Keywords: genetic studies, functional genomics, gene co-expression, therapeutic targets, drug repurposing, clustering of complex traits.","[FAIL] (0.89) Python code returned false
keywords = [
  ""overall"",
  ""conclusion"",
  ""insight"",
  ""novel"",
  ""potential"",
  ""broader"",
  ""ultimately"",
  ""advancement"",
  ""valuable"",
  ""study"",
  ""research"",
  ""critical gap"",
  ""understanding"",
  ""powerful"",
  ""advancing"",
]
last_sentences = ""."".join(output.split(""."")[-3:]).lower()
print(
  any(s in last_sentences for s in keywords)
)

---
 The interplay of genes in specific contexts to carry out their functions is crucial for understanding the influence of these genes on complex traits, particularly in the context of disease etiology and therapy development. Although transcriptome-wide association studies have shed light on individual genes' roles in disease-relevant mechanisms, there remains a gap in our knowledge regarding the impact of gene-gene interactions on disease origin and progression. To address this gap, we introduce PhenoPLIER, a novel computational approach that maps gene-trait associations and pharmacological perturbation data into a common latent representation for joint analysis. This representation is based on modules of genes with similar expression patterns across various conditions. Our findings demonstrate that diseases are significantly associated with these gene modules in relevant cell types, validating PhenoPLIER's accuracy in predicting known drug-disease pairs and inferring mechanisms of action. Notably, a CRISPR screen analyzing lipid regulation revealed that functionally important players lacking associations were prioritized in trait-associated modules by PhenoPLIER. By uncovering these elusive gene-gene interactions, our approach not only highlights the importance of functional genomics and gene co-expression in genetic studies but also offers promising avenues for identifying therapeutic targets and repurposing drugs.","genetic studies, functional genomics, gene co-expression, therapeutic targets, drug repurposing, clustering of complex traits","Genes act in concert with each other in specific contexts to perform their functions. Determining how these genes influence complex traits requires a mechanistic understanding of expression regulation across different conditions. It has been shown that this insight is critical for developing new therapies. Transcriptome-wide association studies have helped uncover the role of individual genes in disease-relevant mechanisms. However, modern models of the architecture of complex traits predict that gene-gene interactions play a crucial role in disease origin and progression. Here we introduce PhenoPLIER, a computational approach that maps gene-trait associations and pharmacological perturbation data into a common latent representation for a joint analysis. This representation is based on modules of genes with similar expression patterns across the same conditions. We observe that diseases are significantly associated with gene modules expressed in relevant cell types, and our approach is accurate in predicting known drug-disease pairs and inferring mechanisms of action. Furthermore, using a CRISPR screen to analyze lipid regulation, we find that functionally important players lack associations but are prioritized in trait-associated modules by PhenoPLIER.",does not provide an interpretation of the results and their implications,Projecting genetic associations through gene expression patterns highlights disease etiology and drug mechanisms
