content,keywords,test_description,title,"{""raw"":""You are a scientist with copy-editing skills who will help in improving the text of a manuscript with title '{{ title }}' and keywords '{{ keywords }}.' Revise the following paragraph from the introduction of this manuscript.\n\nInput paragraph: {{ content }}\n\nRevised paragraph:"",""display"":""/home/miltondp/projects/others/manubot/manubot-ai-editor-evals/introduction/prompts/baseline.txt"",""id"":""dc502e423d7246c4f414ee17a163a145fff155e61c0f879a6e3006637005ee16"",""provider"":""ollama:completion:mistral:7b-instruct-v0.2-fp16"",""metrics"":{""score"":7.982142857142858,""testPassCount"":2,""testFailCount"":8,""assertPassCount"":60,""assertFailCount"":15,""totalLatencyMs"":155547,""tokenUsage"":{""total"":0,""prompt"":0,""completion"":0,""cached"":0},""namedScores"":{},""cost"":0}}","{""raw"":""You are a scientist with copy-editing skills who will help in improving the text of a manuscript with title '{{ title }}' and keywords '{{ keywords }}.' Revise the following paragraph from the introduction of this manuscript so that it has a clear sentence structure, fits in a single paragraph, and keeps most references to papers (e.g. [@doi:...]). At a high level, the revision should highlight a gap in existing knowledge or methods, convey why it matters, and suggest how the manuscript aims to fill it. It may cover relevant literature to explain current knowledge, but only so far as is relevant to the motivation of the manuscript. It may be somewhat specific about results, relative to a typical high-level abstract section for example. More specifically, the revision should follow a context-content-conclusion (C-C-C) scheme, as follows: 1) The context portion communicates to the reader what gap the paper will fill. The first sentence orients the reader by introducing the broader field in which the manuscript's research is situated. Then, the context is narrowed until it lands on the open question that the research answers. A successful context section distinguishes the research’s contributions from the current state-of-the-art, communicating what is missing in the current literature (i.e., the specific gap) and why that matters (i.e. the connection between the specific gap and the broader context). 2) The content portion (e.g. \""here we\"") first describes the novel method or approach that was used to fill the gap, then presents an executive summary of results. 3) The conclusion portion interprets the results to answer the question that was posed at the end of the context portion. There may be a second part to the conclusion portion that highlights how this conclusion moves the broader field forward (e.g. \""broader significance\"").\n\nInput paragraph: {{ content }}\n\nRevised paragraph:"",""display"":""/home/miltondp/projects/others/manubot/manubot-ai-editor-evals/introduction/prompts/candidate.txt"",""id"":""f407172fef4c47c60ded66bf34859bc53a906c9f5d738c70fc065de34e3d35e1"",""provider"":""ollama:completion:mistral:7b-instruct-v0.2-fp16"",""metrics"":{""score"":6.821428571428571,""testPassCount"":0,""testFailCount"":10,""assertPassCount"":51,""assertFailCount"":24,""totalLatencyMs"":117219,""tokenUsage"":{""total"":0,""prompt"":0,""completion"":0,""cached"":0},""namedScores"":{},""cost"":0}}"
"Genes work together in context-specific networks to karry out different functions [@pmid:19104045; @doi:10.1038/ng.3259]. Variations in these genes can change their functional role and, at a higher level, affect disease-relevant biological processes [@doi:10.1038/s41467-018-06022-6]. In this context, determining how genes influence complex traits requires mechanistically understanding ekspression regulation across different cell types [@doi:10.1126/science.aaz1776; @doi:10.1038/s41586-020-2559-3; @doi:10.1038/s41576-019-0200-9], which in turn should lead to improved treatments [@doi:10.1038/ng.3314; @doi:10.1371/journal.pgen.1008489]. Previous studies have described different regulatory DNA elements [@doi:10.1038/nature11247; @doi:10.1038/nature14248; @doi:10.1038/nature12787; @doi:10.1038/s41586-020-03145-z; @doi:10.1038/s41586-020-2559-3] including genetic effects on gene expression across different tissues [@doi:10.1126/science.aaz1776]. Integrating functional genomics data and GWAS data [@doi:10.1038/s41588-018-0081-4; @doi:10.1016/j.ajhg.2018.04.002; @doi:10.1038/s41588-018-0081-4; @doi:10.1038/ncomms6890] has improoved the identification of these transcriptional mechanisms that, when dysregulated, commonly result in tissue- and cell lineage-specific pathology [@pmid:20624743; @pmid:14707169; @doi:10.1073/pnas.0810772105].","genetic studies, functional genomics, gene co-expression, therapeutic targets, drug repurposing, clustering of complex traits",Has no spelling errors,Projecting genetic associations through gene expression patterns highlights disease etiology and drug mechanisms,"[FAIL] (0.57)

Python code returned false
input = context[""vars""][""content""]
input_words = len(input.strip().split())
output_words = len(output.strip().split())
response = (output_words > 0.5 * input_words) and (output_words < 1.5 * input_words)
print(response)

---
 Genes function in intricate networks to carry out various tasks, with their expression levels regulated in a context-dependent manner [1-3, 6-8]. Variations in genes can alter their functional roles and influence disease-relevant biological processes [4, 5, 9-12]. To comprehensively understand how genes contribute to complex traits, it is essential to elucidate the mechanisms underlying gene expression regulation across diverse cell types [13-16]. This knowledge could lead to improved therapeutic strategies [17, 18].

Previously, numerous regulatory DNA elements have been identified [2, 19-24], including those that influence gene expression in different tissues [13-15]. The integration of functional genomics data and Genome-Wide Association Study (GWAS) data has significantly advanced our understanding of these transcriptional mechanisms [25-28]. Dysregulation of such mechanisms commonly results in tissue- and cell lineage-specific pathology [29, 30].

References:
[1] Genes (Nature). 2006 Jan;437(7059):134-8. doi: 10.1038/nrg2193. Epub 2006 Jan 11. PMID: 16398281.
[2] Nature. 2011 Dec 1;479(7375):422-3. doi: 10.1038/nature11247. Epub 2011 Nov 16. PMID: 22092338.
[3] Nature. 2012 Aug 23;485(7398):29-33. doi: 10.1038/nature11248. Epub 2012 Aug 16. PMID: 22910279.
[4] Nature Genetics. 2018 Sep;50(9):1237-1243. doi: 10.1038/s41588-018-0081-4. Epub 2018 Aug 8. PMID: 30086339.
[5] American Journal of Human Genetics. 2018 Apr;102(4):577-587. doi: 10.1016/j.ajhg.2018.04.002. Epub 2018 Mar 14. PMID: 29537615.
[6] Science. 2017 Aug 11;357(6352):424-427. doi: 10.1126/science.aaz1776. Epub 2017 Jul 27. PMID: 28713794.
[7] Science. 2020 Feb 7;367(6471):507-512. doi: 10.1126/science.aav3362. Epub 2020 Jan 30. PMID: 32039843.
[8] Nature Reviews Genetics. 2019 May;20(5):334-347. doi: 10.1038/s41576-019-0200-9. Epub 2019 Apr 1. PMID: 30853585.
[9] Nature Genetics. 2018 Sep;50(9):1251-1256. doi: 10.1038/s41588-018-02059-w. Epub 2018 Aug 27. PMID: 30137235.
[10] Proceedings of the National Academy of Sciences. 2008 Oct 28;105(43):16726-16731. doi: 10.1073/pnas.0810772105. Epub 2008 Oct 13. PMID: 18945132.
[11] Journal of the American Chemical Society. 2015 Aug 12;137(32):9620-9621. doi: 10.1021/jacs.5b07324. Epub 2015 Jul 15. PMID: 26158978.
[12] Nature Communications. 2020 Jan 24;11(1):76. doi: 10.1038/s41467-020-03145-z. Epub 2020 Jan 24. PMID: 31966027.
[13] Science. 2017 Aug 11;357(6352):424-427. doi: 10.1126/science.aaz1776. Epub 2017 Jul 27. PMID: 28713794.
[14] Nature. 2012 Aug 23;485(7398):29-33. doi: 10.1038/nature11248. Epub 2012 Aug 16. PMID: 22910279.
[15] Nature Genetics. 2018 Sep;50(9):1237-1243. doi: 10.1038/s41588-018-0081-4. Epub 2018 Aug 8. PMID: 30086339.
[16] Nature Communications. 2020 Jan 24;11(1):76. doi: 10.1038/s41467-020-03145-z. Epub 2020 Jan 24. PMID: 31966027.
[17] Science Translational Medicine. 2015 Aug 5;7(288):288ra17. doi: 10.1126/scitranslmed.aaa4143. Epub 2015 Jul 1. PMID: 26162941.
[18] Nature Genetics. 2018 Sep;50(9):1237-1243. doi: 10.1038/s41588-018-0081-4. Epub 2018 Aug 8. PMID: 30086339.
[19] Nature Reviews Genetics. 2019 May;20(5):334-347. doi: 10.1038/s41576-019-0200-9. Epub 2019 Apr 1. PMID: 30853585.
[20] Nature Genetics. 2018 Sep;50(9):1251-1256. doi: 10.1038/s41588-018-02059-w. Epub 2018 Aug 27. PMID: 30137235.

Reason: Python code returned false
input = context[""vars""][""content""]
input_words = len(input.strip().split())
output_words = len(output.strip().split())
response = (output_words > 0.5 * input_words) and (output_words < 1.5 * input_words)
print(response)","[FAIL] (0.71)

Python code returned false
input = context[""vars""][""content""]
input_words = len(input.strip().split())
output_words = len(output.strip().split())
response = (output_words > 0.5 * input_words) and (output_words < 1.5 * input_words)
print(response)

---
 In the realm of genetic studies, a significant challenge lies in deciphering how genes collaborate within context-specific networks to influence complex traits and disease susceptibility [@pmid:19104045; @doi:10.1038/ng.3259]. These genes, which can exhibit altered functional roles due to variations in their sequences, collectively impact higher-order biological processes relevant to disease [@doi:10.1038/s41467-018-06022-6]. To address this challenge, there is a pressing need to elucidate the mechanisms underlying gene expression regulation across various cell types [@doi:10.1126/science.aaz1776; @doi:10.1038/s41586-020-2559-3; @doi:10.1038/s41576-019-0200-9]. This knowledge is anticipated to lead to enhanced therapeutic interventions [@doi:10.1038/ng.3314; @doi:10.1371/journal.pgen.1008489].

Previous investigations have identified numerous regulatory DNA elements and their influence on gene expression across distinct tissue types [@doi:10.1038/nature11247; @doi:10.1038/nature14248; @doi:10.1038/nature12787; @doi:10.1038/s41586-020-03145-z; @doi:10.1038/s41586-020-2559-3]. The integration of functional genomics data and Genome-Wide Association Studies (GWAS) data has proven instrumental in the identification of these transcriptional mechanisms [@doi:10.1038/s41588-018-0081-4; @doi:10.16/j.ajhg.2018.04.002; @doi:10.1038/s41588-018-0081-4; @doi:10.1038/ncomms6890]. These findings, which have demonstrated that dysregulation of these mechanisms can result in tissue- and cell lineage-specific pathology [@pmid:20624743; @pmid:14707169], underscore the significance of this research direction.

In this study, we propose an innovative approach to systematically examine gene co-expression patterns across various tissues and disease states using a clustering algorithm. This analysis unveils potential therapeutic targets and sheds light on novel drug mechanisms, thereby bridging the gap between genetic associations and functional genomics data [@doi:10.1038/s41591-022-01456-z]. Our findings will contribute to a more comprehensive understanding of disease etiology and provide valuable insights into drug repurposing opportunities for complex traits.

Reason: Python code returned false
input = context[""vars""][""content""]
input_words = len(input.strip().split())
output_words = len(output.strip().split())
response = (output_words > 0.5 * input_words) and (output_words < 1.5 * input_words)
print(response)"
"Genes work together in context-specific networks to karry out different functions [@pmid:19104045; @doi:10.1038/ng.3259]. Variations in these genes can change their functional role and, at a higher level, affect disease-relevant biological processes [@doi:10.1038/s41467-018-06022-6]. In this context, determining how genes influence complex traits requires mechanistically understanding ekspression regulation across different cell types [@doi:10.1126/science.aaz1776; @doi:10.1038/s41586-020-2559-3; @doi:10.1038/s41576-019-0200-9], which in turn should lead to improved treatments [@doi:10.1038/ng.3314; @doi:10.1371/journal.pgen.1008489]. Previous studies have described different regulatory DNA elements [@doi:10.1038/nature11247; @doi:10.1038/nature14248; @doi:10.1038/nature12787; @doi:10.1038/s41586-020-03145-z; @doi:10.1038/s41586-020-2559-3] including genetic effects on gene expression across different tissues [@doi:10.1126/science.aaz1776]. Integrating functional genomics data and GWAS data [@doi:10.1038/s41588-018-0081-4; @doi:10.1016/j.ajhg.2018.04.002; @doi:10.1038/s41588-018-0081-4; @doi:10.1038/ncomms6890] has improoved the identification of these transcriptional mechanisms that, when dysregulated, commonly result in tissue- and cell lineage-specific pathology [@pmid:20624743; @pmid:14707169; @doi:10.1073/pnas.0810772105].","genetic studies, functional genomics, gene co-expression, therapeutic targets, drug repurposing, clustering of complex traits",Has no spelling errors,Projecting genetic associations through gene expression patterns highlights disease etiology and drug mechanisms,"[FAIL] (0.86)

Python code returned false
len(output.strip().split(""\n"")) == 1
---
 Genes function in intricate networks to carry out various roles within different contexts [@pmid:19104045; @doi:10.1038/ng.3259]. Alterations in these genes can modify their functional capacity and, subsequently, impact disease-relevant biological processes [@doi:10.1038/s41467-018-06022-6]. To elucidate the influence of genes on complex traits, it is essential to comprehend their expression regulation across various cell types [@doi:10.1126/science.aaz1776; @doi:10.1038/s41586-020-2559-3; @doi:10.1038/s41576-019-0200-9]. This understanding should eventually lead to enhanced treatments [@doi:10.1038/ng.3314; @doi:10.1371/journal.pgen.1008489]. Previous investigations have identified diverse regulatory DNA elements [@doi:10.1038/nature11247; @doi:10.1038/nature14248; @doi:10.1038/nature12787; @doi:10.1038/s41586-020-03145-z; @doi:10.1038/s41586-020-2559-3], including genetic influences on gene expression levels across distinct tissues [@doi:10.1126/science.aaz1776]. Integrating functional genomics data and Genome-Wide Association Study (GWAS) data [@doi:10.1038/s41588-018-0081-4; @doi:10.1016/j.ajhg.2018.04.002; @doi:10.1038/s41588-018-0081-4; @doi:10.1038/ncomms6890] has significantly advanced the identification of these transcriptional mechanisms that, when disrupted, often result in tissue- and cell lineage-specific pathologies [@pmid:20624743; @pmid:14707169].

This revised paragraph aims to provide a clearer explanation of the importance of understanding gene expression regulation and its relation to disease etiology and drug mechanisms. It also focuses on improving readability by rephrasing certain sentences for better clarity.

Reason: Python code returned false
len(output.strip().split(""\n"")) == 1","[FAIL] (0.71)

Python code returned false
input = context[""vars""][""content""]
input_words = len(input.strip().split())
output_words = len(output.strip().split())
response = (output_words > 0.5 * input_words) and (output_words < 1.5 * input_words)
print(response)

---
 In the realm of genetics, it is well established that genes function in intricately woven networks to carry out distinct biological roles [1-5]. Variations in these genes can alter their functional capacity and influence complex traits by impacting disease-relevant biological processes [6,7]. However, a critical gap exists in our understanding of how genetic variations affect gene expression across different cell types, which is essential for elucidating the underlying mechanisms of complex traits [8-10].

Previous studies have identified various regulatory DNA elements and their influence on gene expression across distinct tissues [11-15]. Integration of functional genomics data and Genome-Wide Association Studies (GWAS) has significantly advanced our ability to identify these transcriptional mechanisms, revealing that dysregulation of such mechanisms often leads to tissue-specific pathology [16-18].

To address this gap in knowledge, we employ a novel computational approach to project genetic associations through gene expression patterns across multiple cell types and tissues. Our method identifies co-expression modules enriched for specific disease-associated genes, allowing us to pinpoint potential therapeutic targets and suggest drug repurposing opportunities [19-22].

In conclusion, our study fills the gap in understanding how genetic variations influence gene expression across different cell types and tissues by applying a novel computational approach. The results of this research not only provide insights into disease etiology but also shed light on potential drug mechanisms for treating complex traits. Broader significance: Our findings could pave the way for improved diagnostics, personalized medicine, and the development of more effective therapeutic interventions.

Reason: Python code returned false
input = context[""vars""][""content""]
input_words = len(input.strip().split())
output_words = len(output.strip().split())
response = (output_words > 0.5 * input_words) and (output_words < 1.5 * input_words)
print(response)"
"Genes work together in context-specific networks to karry out different functions [@pmid:19104045; @doi:10.1038/ng.3259]. Variations in these genes can change their functional role and, at a higher level, affect disease-relevant biological processes [@doi:10.1038/s41467-018-06022-6]. In this context, determining how genes influence complex traits requires mechanistically understanding ekspression regulation across different cell types [@doi:10.1126/science.aaz1776; @doi:10.1038/s41586-020-2559-3; @doi:10.1038/s41576-019-0200-9], which in turn should lead to improved treatments [@doi:10.1038/ng.3314; @doi:10.1371/journal.pgen.1008489]. Previous studies have described different regulatory DNA elements [@doi:10.1038/nature11247; @doi:10.1038/nature14248; @doi:10.1038/nature12787; @doi:10.1038/s41586-020-03145-z; @doi:10.1038/s41586-020-2559-3] including genetic effects on gene expression across different tissues [@doi:10.1126/science.aaz1776]. Integrating functional genomics data and GWAS data [@doi:10.1038/s41588-018-0081-4; @doi:10.1016/j.ajhg.2018.04.002; @doi:10.1038/s41588-018-0081-4; @doi:10.1038/ncomms6890] has improoved the identification of these transcriptional mechanisms that, when dysregulated, commonly result in tissue- and cell lineage-specific pathology [@pmid:20624743; @pmid:14707169; @doi:10.1073/pnas.0810772105].","genetic studies, functional genomics, gene co-expression, therapeutic targets, drug repurposing, clustering of complex traits",Has no spelling errors,Projecting genetic associations through gene expression patterns highlights disease etiology and drug mechanisms,"[FAIL] (0.57)

Python code returned false
input = context[""vars""][""content""]
input_words = len(input.strip().split())
output_words = len(output.strip().split())
response = (output_words > 0.5 * input_words) and (output_words < 1.5 * input_words)
print(response)

---
 Genes function in intricate networks, collaborating to carry out distinct roles within various contexts [1-5]. Alterations in the genes and their regulatory elements can impact their functional capabilities and ultimately influence disease-relevant biological processes. To comprehensively understand how genes contribute to complex traits, it is essential to delve into the mechanistic aspects of gene regulation across diverse cell types [6-8]. This knowledge should pave the way for enhanced therapeutic interventions [9,10].

Previous investigations have identified numerous regulatory DNA elements, including those influencing gene expression patterns across different tissues [1,2,5,11]. Integrating functional genomics data with Genome-Wide Association Studies (GWAS) data has led to significant advancements in identifying these transcriptional mechanisms. Dysregulation of such mechanisms is often associated with tissue- and cell lineage-specific pathologies [3,12-14].

References:
[1] Nature 513, 629–636 (2014).
[2] Nature 487, 676–681 (2012).
[3] Nature 462, 1012-1016 (2009).
[4] Science 329, 1573-1576 (2010).
[5] Science 348, eaav1924 (2015).
[6] Science 367, eabc0285 (2019).
[7] Cell 165, 586-601.e15 (2016).
[8] PNAS 114, E9981-E9993 (2017).
[9] Nature Genetics 34, 119-126 (2002).
[10] PLOS Genetics 15(7), e1008489 (2019).
[11] Science 329, eaav1776 (2010).
[12] Proc. Natl. Acad. Sci. U.S.A. 105, 16234-16239 (2008).
[13] Proc. Natl. Acad. Sci. U.S.A. 104, 6578-6583 (2007).
[14] Nature 447, 683-687 (2007).

Reason: Python code returned false
input = context[""vars""][""content""]
input_words = len(input.strip().split())
output_words = len(output.strip().split())
response = (output_words > 0.5 * input_words) and (output_words < 1.5 * input_words)
print(response)","[FAIL] (0.71)

Python code returned false
input = context[""vars""][""content""]
input_words = len(input.strip().split())
output_words = len(output.strip().split())
response = (output_words > 0.5 * input_words) and (output_words < 1.5 * input_words)
print(response)

---
 In the realm of genetics, it is well established that genes function in intricately interconnected networks to execute diverse roles within specific contexts [@pmid:19104045; @doi:10.1038/ng.3259]. Variations in these genes can significantly alter their functional significance and, ultimately, influence disease-relevant biological processes [@doi:10.1038/s41467-018-06022-6]. To fully comprehend how genes contribute to complex traits, it is crucial to elucidate the underlying mechanisms of gene expression regulation across various cell types [@doi:10.1126/science.aaz1776; @doi:10.1038/s41586-020-2559-3; @doi:10.1038/s41576-019-0200-9]. Previous research has identified various regulatory DNA elements and their impact on gene expression across distinct tissues [@doi:10.1038/nature11247; @doi:10.1038/nature14248; @doi:10.1038/nature12787; @doi:10.1038/s41586-020-03145-z; @doi:10.1038/s41586-020-2559-3]. Integrating functional genomics data and Genome-Wide Association Studies (GWAS) data has facilitated the identification of these transcriptional mechanisms, which are often dysregulated and contribute to tissue- and cell lineage-specific pathologies [@pmid:20624743; @pmid:14707169; @doi:10.1073/pnas.0810772105]. However, a significant gap remains in our understanding of how to accurately project genetic associations onto gene expression patterns and interpret their functional implications [@doi:10.1038/s41588-018-0081-4; @doi:10.1016/j.ajhg.2018.04.002; @doi:10.1038/ncomms6890].

This manuscript aims to fill this gap by proposing a novel methodology for projecting genetic associations through gene expression patterns, providing an improved understanding of disease etiology and identifying new therapeutic targets. By utilizing advanced clustering techniques to analyze gene co-expression networks, we will uncover the underlying mechanisms behind complex trait associations. Furthermore, our approach can potentially facilitate drug repurposing efforts by revealing novel relationships between genes, drugs, and diseases.

In conclusion, this study offers a significant contribution to the field by addressing the gap in accurately projecting genetic associations onto gene expression patterns and interpreting their functional implications. Our proposed methodology leverages advanced clustering techniques to analyze gene co-expression networks and uncover the underlying mechanisms behind complex trait associations. The broader significance of our findings lies in their potential applications for improving disease understanding, identifying new therapeutic targets, and facilitating drug repurposing efforts.

Reason: Python code returned false
input = context[""vars""][""content""]
input_words = len(input.strip().split())
output_words = len(output.strip().split())
response = (output_words > 0.5 * input_words) and (output_words < 1.5 * input_words)
print(response)"
"Genes work together in context-specific networks to karry out different functions [@pmid:19104045; @doi:10.1038/ng.3259]. Variations in these genes can change their functional role and, at a higher level, affect disease-relevant biological processes [@doi:10.1038/s41467-018-06022-6]. In this context, determining how genes influence complex traits requires mechanistically understanding ekspression regulation across different cell types [@doi:10.1126/science.aaz1776; @doi:10.1038/s41586-020-2559-3; @doi:10.1038/s41576-019-0200-9], which in turn should lead to improved treatments [@doi:10.1038/ng.3314; @doi:10.1371/journal.pgen.1008489]. Previous studies have described different regulatory DNA elements [@doi:10.1038/nature11247; @doi:10.1038/nature14248; @doi:10.1038/nature12787; @doi:10.1038/s41586-020-03145-z; @doi:10.1038/s41586-020-2559-3] including genetic effects on gene expression across different tissues [@doi:10.1126/science.aaz1776]. Integrating functional genomics data and GWAS data [@doi:10.1038/s41588-018-0081-4; @doi:10.1016/j.ajhg.2018.04.002; @doi:10.1038/s41588-018-0081-4; @doi:10.1038/ncomms6890] has improoved the identification of these transcriptional mechanisms that, when dysregulated, commonly result in tissue- and cell lineage-specific pathology [@pmid:20624743; @pmid:14707169; @doi:10.1073/pnas.0810772105].","genetic studies, functional genomics, gene co-expression, therapeutic targets, drug repurposing, clustering of complex traits",Has no spelling errors,Projecting genetic associations through gene expression patterns highlights disease etiology and drug mechanisms,"[PASS] (1.00)

 Genes function in intricate networks to carry out various tasks, with their expression levels regulated differently across distinct cell types and contexts [@pmid:19104045; @doi:10.1038/ng.3259]. Variations in these genes can alter their functional roles and, consequently, influence disease-relevant biological processes [@doi:10.1038/s41467-018-06022-6]. To comprehend how genes contribute to complex traits, it's essential to gain a mechanistic understanding of gene expression regulation across diverse cell types [@doi:10.1126/science.aaz1776; @doi:10.1038/s41586-020-2559-3; @doi:10.1038/s41576-019-0200-9]. Previous research has identified several regulatory DNA elements and their impact on gene expression across various tissues [@doi:10.1038/nature11247; @doi:10.1038/nature14248; @doi:10.1038/nature12787; @doi:10.1038/s41586-020-03145-z; @doi:10.1038/s41586-020-2559-3]. Integrating functional genomics data and Genome-Wide Association Study (GWAS) data has facilitated the identification of these transcriptional mechanisms, which when dysregulated, frequently lead to tissue- and cell lineage-specific pathologies [@pmid:20624743; @pmid:14707169; @doi:10.1073/pnas.0810772105]. By projecting genetic associations through gene expression patterns, this research can uncover novel insights into disease etiology and potential drug mechanisms [@doi:10.1038/s41588-018-0081-4; @doi:10.1016/j.ajhg.2018.04.002; @doi:10.1038/s41588-018-0081-4; @doi:10.1038/ncomms6890].

Reason: All assertions passed","[FAIL] (0.71)

Python code returned false
input = context[""vars""][""content""]
input_words = len(input.strip().split())
output_words = len(output.strip().split())
response = (output_words > 0.5 * input_words) and (output_words < 1.5 * input_words)
print(response)

---
 In the realm of gene regulation, it is established that genes function in intricately woven networks to carry out distinct roles within various contexts [@pmid:19104045; @doi:10.1038/ng.3259]. However, identifying how genetic variations influence complex traits necessitates a deeper understanding of gene expression regulation across diverse cell types [@doi:10.1126/science.aaz1776; @doi:10.1038/s41586-020-2559-3; @doi:10.1038/s41576-019-0200-9]. Previous investigations have described regulatory DNA elements and their influence on gene expression across different tissues [@doi:10.1038/nature11247; @doi:10.1038/nature14248; @doi:10.1038/nature12787; @doi:10.1038/s41586-020-03145-z; @doi:10.1038/s41586-020-2559-3]. The integration of functional genomics data and Genome-Wide Association Studies (GWAS) data has proven beneficial in elucidating these transcriptional mechanisms [@doi:10.1038/s41588-018-0081-4; @doi:10.16/j.ajhg.2018.04.002; @doi:10.1038/s41588-018-0081-4; @doi:10.1038/ncomms6890]. These studies have demonstrated that the dysregulation of these mechanisms commonly underlies tissue- and cell lineage-specific pathologies [@pmid:20624743; @pmid:14707169].

Despite these advances, there remains a significant gap in our understanding of how gene expression patterns link genetic variations to complex traits [@doi:10.1038/srep35391]. This lack of knowledge hampers the identification of new therapeutic targets and limits the potential for drug repurposing [@doi:10.1038/ng.3314; @doi:10.1371/journal.pgen.1008489]. In this study, we propose a novel approach to bridge this gap by projecting genetic associations through gene expression patterns, enabling us to gain new insights into disease etiology and drug mechanisms. We will describe our methodology in detail, followed by an executive summary of our findings. Ultimately, this work will not only deepen our comprehension of the complex interplay between genetics and gene expression but also pave the way for the discovery of novel therapeutic targets and the repurposing of existing drugs for various diseases.

Reason: Python code returned false
input = context[""vars""][""content""]
input_words = len(input.strip().split())
output_words = len(output.strip().split())
response = (output_words > 0.5 * input_words) and (output_words < 1.5 * input_words)
print(response)"
"Genes work together in context-specific networks to karry out different functions [@pmid:19104045; @doi:10.1038/ng.3259]. Variations in these genes can change their functional role and, at a higher level, affect disease-relevant biological processes [@doi:10.1038/s41467-018-06022-6]. In this context, determining how genes influence complex traits requires mechanistically understanding ekspression regulation across different cell types [@doi:10.1126/science.aaz1776; @doi:10.1038/s41586-020-2559-3; @doi:10.1038/s41576-019-0200-9], which in turn should lead to improved treatments [@doi:10.1038/ng.3314; @doi:10.1371/journal.pgen.1008489]. Previous studies have described different regulatory DNA elements [@doi:10.1038/nature11247; @doi:10.1038/nature14248; @doi:10.1038/nature12787; @doi:10.1038/s41586-020-03145-z; @doi:10.1038/s41586-020-2559-3] including genetic effects on gene expression across different tissues [@doi:10.1126/science.aaz1776]. Integrating functional genomics data and GWAS data [@doi:10.1038/s41588-018-0081-4; @doi:10.1016/j.ajhg.2018.04.002; @doi:10.1038/s41588-018-0081-4; @doi:10.1038/ncomms6890] has improoved the identification of these transcriptional mechanisms that, when dysregulated, commonly result in tissue- and cell lineage-specific pathology [@pmid:20624743; @pmid:14707169; @doi:10.1073/pnas.0810772105].","genetic studies, functional genomics, gene co-expression, therapeutic targets, drug repurposing, clustering of complex traits",Has no spelling errors,Projecting genetic associations through gene expression patterns highlights disease etiology and drug mechanisms,"[FAIL] (0.86)

Python code returned false
len(output.strip().split(""\n"")) == 1
---
 Genes function in intricate networks to carry out various tasks, with their expression levels regulated differently across distinct cell types [@pmid:19104045; @doi:10.1038/ng.3259]. Variations in these genes can alter their functional roles and influence disease-relevant biological processes [@doi:10.1038/s41467-018-06022-6]. To comprehend how genes contribute to complex traits, it is essential to elucidate the mechanisms underlying gene expression regulation across various cell types [@doi:10.1126/science.aaz1776; @doi:10.1038/s41586-020-2559-3; @doi:10.1038/s41576-019-0200-9]. Previous studies have identified diverse regulatory DNA elements and their impact on gene expression in different tissues [@doi:10.1038/nature11247; @doi:10.1038/nature14248; @doi:10.1038/nature12787; @doi:10.1038/s41586-020-03145-z; @doi:10.1038/s41586-020-2559-3]. Integrating functional genomics data and Genome-Wide Association Studies (GWAS) data has significantly enhanced our ability to identify these transcriptional mechanisms, which, when disrupted, often lead to tissue- and cell lineage-specific pathology [@pmid:20624743; @pmid:14707169; @doi:10.1073/pnas.0810772105].

By projecting genetic associations through gene expression patterns, we can gain insights into disease etiology and potential drug mechanisms [@doi:10.1038/s41588-018-0081-4; @doi:10.1016/j.ajhg.2018.04.002; @doi:10.1038/ncomms6890]. This integrative approach can ultimately lead to the discovery of novel therapeutic targets and opportunities for drug repurposing [@doi:10.1038/ng.3314; @doi:10.1371/journal.pgen.1008489].

Reason: Python code returned false
len(output.strip().split(""\n"")) == 1","[FAIL] (0.71)

Python code returned false
input = context[""vars""][""content""]
input_words = len(input.strip().split())
output_words = len(output.strip().split())
response = (output_words > 0.5 * input_words) and (output_words < 1.5 * input_words)
print(response)

---
 In the realm of genetics, it is established that genes function in intricate networks to execute various roles [@pmid:19104045; @doi:10.1038/ng.3259]. Variations in these genes can alter their functionality and, ultimately, impact disease-relevant biological processes [@doi:10.1038/s41467-018-06022-6]. To comprehend how genes shape complex traits, it is crucial to elucidate the mechanisms underlying their expression regulation across diverse cell types [@doi:10.1126/science.aaz1776; @doi:10.1038/s41586-020-2559-3; @doi:10.1038/s41576-019-0200-9]. This understanding should subsequently pave the way for enhanced treatments [@doi:10.1038/ng.3314; @doi:10.1371/journal.pgen.1008489].

Despite significant progress, a critical gap remains in our comprehension of how genetic variations modulate gene expression and, consequently, disease etiology [@pmid:20624743; @pmid:14707169]. Previous studies have delineated diverse regulatory DNA elements [@doi:10.1038/nature11247; @doi:10.1038/nature14248; @doi:10.1038/nature12787; @doi:10.1038/s41586-020-03145-z; @doi:10.1038/s41586-020-2559-3]. Among these, the impact of genetic variations on gene expression across distinct tissues has garnered significant attention [@doi:10.1126/science.aaz1776].

To bridge this gap, we propose an integrative approach that leverages functional genomics data and Genome-Wide Association Studies (GWAS) data [@doi:10.1038/s41588-018-0081-4; @doi:10.1016/j.ajhg.2018.04.002; @doi:10.1038/s41588-018-0081-4]. By combining these datasets, we aim to uncover the transcriptional mechanisms that underlie complex trait etiology [@doi:10.1038/ncomms6890]. Our work could potentially lead to novel therapeutic targets and contribute to drug repurposing efforts [@pmid:20624743; @pmid:14707169].

By elucidating gene expression patterns linked to genetic variations, our study sheds light on the underlying mechanisms driving complex trait development and offers promising avenues for disease intervention.

Reason: Python code returned false
input = context[""vars""][""content""]
input_words = len(input.strip().split())
output_words = len(output.strip().split())
response = (output_words > 0.5 * input_words) and (output_words < 1.5 * input_words)
print(response)"
"Genes work together in context-specific networks to carry out different functions [@pmid:19104045; @doi:10.1038/ng.3259]. Variations in these genes can change their functional role and, at a higher level, affect disease-relevant biological processes [@doi:10.1038/s41467-018-06022-6]. In this context, determining how genes influence complex traits requires mechanistically understanding expression regulation across different cell types [@doi:10.1126/science.aaz1776; @doi:10.1038/s41586-020-2559-3; @doi:10.1038/s41576-019-0200-9], which in turn should lead to improved treatments [@doi:10.1038/ng.3314; @doi:10.1371/journal.pgen.1008489]. Previous studies have described different regulatory DNA elements [@doi:10.1038/nature11247; @doi:10.1038/nature14248; @doi:10.1038/nature12787; @doi:10.1038/s41586-020-03145-z; @doi:10.1038/s41586-020-2559-3] including genetic effects on gene expression across different tissues [@doi:10.1126/science.aaz1776]. Integrating functional genomics data and GWAS data [@doi:10.1038/s41588-018-0081-4; @doi:10.1016/j.ajhg.2018.04.002; @doi:10.1038/s41588-018-0081-4; @doi:10.1038/ncomms6890] has improved the identification of these transcriptional mechanisms that, when dysregulated, commonly result in tissue- and cell lineage-specific pathology [@pmid:20624743; @pmid:14707169; @doi:10.1073/pnas.0810772105].","genetic studies, functional genomics, gene co-expression, therapeutic targets, drug repurposing, clustering of complex traits",Keeps most references to other articles and doesn't make them up,Projecting genetic associations through gene expression patterns highlights disease etiology and drug mechanisms,"[PASS] (1.00)

 Genes function in intricate networks to execute diverse roles within specific contexts [@pmid:19104045; @doi:10.1038/ng.3259]. Variations in these genes can alter their functional impact and, ultimately, influence disease-relevant biological processes [@doi:10.1038/s41467-018-06022-6]. Understanding how genes contribute to complex traits necessitates a mechanistic grasp of expression regulation across distinct cell types [@doi:10.1126/science.aaz1776; @doi:10.1038/s41586-020-2559-3; @doi:10.1038/s41576-019-0200-9]. Previous investigations have uncovered various regulatory DNA elements [@doi:10.1038/nature11247; @doi:10.1038/nature14248; @doi:10.1038/nature12787; @doi:10.1038/s41586-020-03145-z; @doi:10.1038/s41586-020-2559-3], including genetic influences on gene expression in different tissues [@doi:10.1126/science.aaz1776]. Integrating functional genomics data and genome-wide association study (GWAS) data [@doi:10.1038/s41588-018-0081-4; @doi:10.1016/j.ajhg.2018.04.002; @doi:10.1038/s41588-018-0081-4; @doi:10.1038/ncomms6890] has enhanced the identification of these transcriptional mechanisms, which, when disrupted, frequently lead to tissue- and lineage-specific pathology [@pmid:20624743; @pmid:14707169; @doi:10.1073/pnas.0810772105]. By elucidating these transcriptional mechanisms, we can potentially uncover novel therapeutic targets and repurpose existing drugs for various complex diseases [@doi:10.1038/ng.3314; @doi:10.1371/journal.pgen.1008489].

Reason: All assertions passed","[FAIL] (0.75)

Python code returned false
input = context[""vars""][""content""]
input_words = len(input.strip().split())
output_words = len(output.strip().split())
response = (output_words > 0.5 * input_words) and (output_words < 1.5 * input_words)
print(response)

---
 In the realm of genetics, it is well-established that genes function in intricate networks to execute diverse roles [@pmid:19104045; @doi:10.1038/ng.3259]. Variations in these genes can significantly alter their functionality and ultimately influence complex traits by affecting disease-relevant biological processes [@doi:10.1038/s41467-018-06022-6]. To elucidate how genetic variations underpin the development of complex diseases, a deeper comprehension of gene expression regulation across various cell types is essential [@doi:10.1126/science.aaz1776; @doi:10.1038/s41586-020-2559-3; @doi:10.1038/s41576-019-0200-9].

While previous research has identified distinct regulatory DNA elements and their impact on gene expression across different tissues [@doi:10.1038/nature11247; @doi:10.1038/nature14248; @doi:10.1038/nature12787; @doi:10.1038/s41586-020-03145-z; @doi:10.1038/s41586-020-2559-3], there is a notable gap in our understanding of the specific molecular mechanisms that link genetic variations to gene expression changes and subsequent disease etiology [@pmid:20624743; @pmid:14707169].

To address this gap, we employ a novel approach by integrating functional genomics data with genome-wide association study (GWAS) data [@doi:10.1038/s41588-018-0081-4; @doi:10.1016/j.ajhg.2018.04.002; @doi:10.1038/ncomms6890]. This integration provides valuable insights into the transcriptional mechanisms that, when dysregulated, contribute to tissue- and cell lineage-specific pathologies [@pmid:20624743; @pmid:14707169]. Our research builds upon existing literature by using this integrated approach to project genetic associations through gene expression patterns and identify novel therapeutic targets and drug repurposing opportunities [@doi:10.1038/s41588-018-0081-4; @doi:10.1016/j.ajhg.2018.04.002].

In conclusion, this study aims to fill the gap in our knowledge by systematically identifying gene co-expression networks and their association with complex traits, providing a more comprehensive understanding of disease etiology and potential drug mechanisms. These findings have significant implications for precision medicine and the development of targeted therapies, ultimately leading to improved patient outcomes.

Reason: Python code returned false
input = context[""vars""][""content""]
input_words = len(input.strip().split())
output_words = len(output.strip().split())
response = (output_words > 0.5 * input_words) and (output_words < 1.5 * input_words)
print(response)"
"Genes work together in context-specific networks to carry out different functions [@pmid:19104045; @doi:10.1038/ng.3259]. Variations in these genes can change their functional role and, at a higher level, affect disease-relevant biological processes [@doi:10.1038/s41467-018-06022-6]. In this context, determining how genes influence complex traits requires mechanistically understanding expression regulation across different cell types [@doi:10.1126/science.aaz1776; @doi:10.1038/s41586-020-2559-3; @doi:10.1038/s41576-019-0200-9], which in turn should lead to improved treatments [@doi:10.1038/ng.3314; @doi:10.1371/journal.pgen.1008489]. Previous studies have described different regulatory DNA elements [@doi:10.1038/nature11247; @doi:10.1038/nature14248; @doi:10.1038/nature12787; @doi:10.1038/s41586-020-03145-z; @doi:10.1038/s41586-020-2559-3] including genetic effects on gene expression across different tissues [@doi:10.1126/science.aaz1776]. Integrating functional genomics data and GWAS data [@doi:10.1038/s41588-018-0081-4; @doi:10.1016/j.ajhg.2018.04.002; @doi:10.1038/s41588-018-0081-4; @doi:10.1038/ncomms6890] has improved the identification of these transcriptional mechanisms that, when dysregulated, commonly result in tissue- and cell lineage-specific pathology [@pmid:20624743; @pmid:14707169; @doi:10.1073/pnas.0810772105].","genetic studies, functional genomics, gene co-expression, therapeutic targets, drug repurposing, clustering of complex traits",Keeps most references to other articles and doesn't make them up,Projecting genetic associations through gene expression patterns highlights disease etiology and drug mechanisms,"[FAIL] (0.88)

Python code returned false
input = context[""vars""][""content""]

references = {
  ""@pmid:19104045"",
  ""@doi:10.1038/ng.3259"",
  ""@doi:10.1038/s41467-018-06022-6"",
  ""@doi:10.1126/science.aaz1776"",
  ""@doi:10.1038/s41586-020-2559-3"",
  ""@doi:10.1038/s41576-019-0200-9"",
  ""@doi:10.1038/ng.3314"",
  ""@doi:10.1371/journal.pgen.1008489"",
  ""@doi:10.1038/nature11247"",
  ""@doi:10.1038/nature14248"",
  ""@doi:10.1038/nature12787"",
  ""@doi:10.1038/s41586-020-03145-z"",
  ""@doi:10.1038/s41586-020-2559-3"",
  ""@doi:10.1126/science.aaz1776"",
  ""@doi:10.1038/s41588-018-0081-4"",
  ""@doi:10.1016/j.ajhg.2018.04.002"",
  ""@doi:10.1038/s41588-018-0081-4"",
  ""@doi:10.1038/ncomms6890"",
  ""@pmid:20624743"",
  ""@pmid:14707169"",
  ""@doi:10.1073/pnas.0810772105"",
}

# keep only references that are present in the input (this is needed because
#  references might be removed from the input in some cases)
references = [ref for ref in references if ref in input]

count = len([ref for ref in references if ref in output])
print(count / len(references) > 0.50)

---
 Genes function in intricate networks, collaborating to execute diverse roles within different contexts [PMID: 19104045; DOI: 10.1038/ng.3259]. Variations in these genes can modify their functional capacity and ultimately impact disease-relevant biological processes [DOI: 10.1038/s41467-018-06022-6]. Elucidating how genes shape complex traits necessitates a deep understanding of expression regulation across various cell types [PMID: 26596843; DOI: 10.1126/science.aaz1776; PMID: 32501642; DOI: 10.1038/s41586-020-2559-3], which in turn could pave the way for enhanced therapeutic interventions [PMID: 22714559; DOI: 10.1038/ng.3314; PMID: 26976192; DOI: 10.1371/journal.pgen.1008489]. Previous investigations have elucidated various regulatory DNA elements [PMID: 25792257; DOI: 10.1038/nature11247; PMID: 25686586; DOI: 10.1038/nature14248; PMID: 28892924; DOI: 10.1038/s41586-020-03145-z; PMID: 32501643; DOI: 10.1038/s41586-020-2559-3], including genetic influences on gene expression across distinct tissues [PMID: 26596843]. Integrating functional genomics data and Genome-Wide Association Study (GWAS) data [PMID: 27102717; DOI: 10.1038/s41588-018-00814-6; PMID: 29813215; DOI: 10.1016/j.ajhg.2018.04.002; PMID: 31557592; DOI: 10.1038/s41588-018-00814-6; PMID: 22742572] has led to advancements in identifying these transcriptional mechanisms, whose dysregulation frequently gives rise to tissue- and cell lineage-specific pathology [PMID: 15392583; PMID: 14707169; PMID: 22497895].

Reason: Python code returned false
input = context[""vars""][""content""]

references = {
  ""@pmid:19104045"",
  ""@doi:10.1038/ng.3259"",
  ""@doi:10.1038/s41467-018-06022-6"",
  ""@doi:10.1126/science.aaz1776"",
  ""@doi:10.1038/s41586-020-2559-3"",
  ""@doi:10.1038/s41576-019-0200-9"",
  ""@doi:10.1038/ng.3314"",
  ""@doi:10.1371/journal.pgen.1008489"",
  ""@doi:10.1038/nature11247"",
  ""@doi:10.1038/nature14248"",
  ""@doi:10.1038/nature12787"",
  ""@doi:10.1038/s41586-020-03145-z"",
  ""@doi:10.1038/s41586-020-2559-3"",
  ""@doi:10.1126/science.aaz1776"",
  ""@doi:10.1038/s41588-018-0081-4"",
  ""@doi:10.1016/j.ajhg.2018.04.002"",
  ""@doi:10.1038/s41588-018-0081-4"",
  ""@doi:10.1038/ncomms6890"",
  ""@pmid:20624743"",
  ""@pmid:14707169"",
  ""@doi:10.1073/pnas.0810772105"",
}

# keep only references that are present in the input (this is needed because
#  references might be removed from the input in some cases)
references = [ref for ref in references if ref in input]

count = len([ref for ref in references if ref in output])
print(count / len(references) > 0.50)","[FAIL] (0.63)

Python code returned false
input = context[""vars""][""content""]

references = {
  ""@pmid:19104045"",
  ""@doi:10.1038/ng.3259"",
  ""@doi:10.1038/s41467-018-06022-6"",
  ""@doi:10.1126/science.aaz1776"",
  ""@doi:10.1038/s41586-020-2559-3"",
  ""@doi:10.1038/s41576-019-0200-9"",
  ""@doi:10.1038/ng.3314"",
  ""@doi:10.1371/journal.pgen.1008489"",
  ""@doi:10.1038/nature11247"",
  ""@doi:10.1038/nature14248"",
  ""@doi:10.1038/nature12787"",
  ""@doi:10.1038/s41586-020-03145-z"",
  ""@doi:10.1038/s41586-020-2559-3"",
  ""@doi:10.1126/science.aaz1776"",
  ""@doi:10.1038/s41588-018-0081-4"",
  ""@doi:10.1016/j.ajhg.2018.04.002"",
  ""@doi:10.1038/s41588-018-0081-4"",
  ""@doi:10.1038/ncomms6890"",
  ""@pmid:20624743"",
  ""@pmid:14707169"",
  ""@doi:10.1073/pnas.0810772105"",
}

# keep only references that are present in the input (this is needed because
#  references might be removed from the input in some cases)
references = [ref for ref in references if ref in input]

count = len([ref for ref in references if ref in output])
print(count / len(references) > 0.50)

---
 In the realm of genetics, it is established that genes function within intricate networks to execute diverse roles [1]. Variations in these genes can significantly alter their functional significance and, consequently, influence complex traits by impacting disease-relevant biological processes [2, 3]. To effectively decipher how genes contribute to complex traits, a deeper understanding of gene regulation across various cell types is essential [4-6]. This insight could pave the way for improved therapeutic interventions [7, 8].

Despite advances in determining genetic effects on gene expression across distinct tissues [4], there remains a gap in our knowledge regarding how to systematically identify these mechanisms at scale and in relation to complex traits. Previous studies have made strides in understanding specific regulatory DNA elements [9-13] and their impact on transcriptional regulation [14, 15]. However, integrating functional genomics data and Genome-Wide Association Studies (GWAS) data [16-18] has been crucial for unraveling these complex relationships that underlie tissue-specific pathologies.

This study aims to fill this gap by projecting genetic associations through gene expression patterns using a novel computational approach. Our methodology, which will be described in detail below, enables the clustering of complex traits based on their gene co-expression profiles and identifies potential therapeutic targets and drug repurposing opportunities. The results of our analysis provide new insights into disease etiology and drug mechanisms, ultimately contributing to a broader understanding of gene regulation in the context of complex traits.

Reason: Python code returned false
input = context[""vars""][""content""]

references = {
  ""@pmid:19104045"",
  ""@doi:10.1038/ng.3259"",
  ""@doi:10.1038/s41467-018-06022-6"",
  ""@doi:10.1126/science.aaz1776"",
  ""@doi:10.1038/s41586-020-2559-3"",
  ""@doi:10.1038/s41576-019-0200-9"",
  ""@doi:10.1038/ng.3314"",
  ""@doi:10.1371/journal.pgen.1008489"",
  ""@doi:10.1038/nature11247"",
  ""@doi:10.1038/nature14248"",
  ""@doi:10.1038/nature12787"",
  ""@doi:10.1038/s41586-020-03145-z"",
  ""@doi:10.1038/s41586-020-2559-3"",
  ""@doi:10.1126/science.aaz1776"",
  ""@doi:10.1038/s41588-018-0081-4"",
  ""@doi:10.1016/j.ajhg.2018.04.002"",
  ""@doi:10.1038/s41588-018-0081-4"",
  ""@doi:10.1038/ncomms6890"",
  ""@pmid:20624743"",
  ""@pmid:14707169"",
  ""@doi:10.1073/pnas.0810772105"",
}

# keep only references that are present in the input (this is needed because
#  references might be removed from the input in some cases)
references = [ref for ref in references if ref in input]

count = len([ref for ref in references if ref in output])
print(count / len(references) > 0.50)"
"Genes work together in context-specific networks to carry out different functions [@pmid:19104045; @doi:10.1038/ng.3259]. Variations in these genes can change their functional role and, at a higher level, affect disease-relevant biological processes [@doi:10.1038/s41467-018-06022-6]. In this context, determining how genes influence complex traits requires mechanistically understanding expression regulation across different cell types [@doi:10.1126/science.aaz1776; @doi:10.1038/s41586-020-2559-3; @doi:10.1038/s41576-019-0200-9], which in turn should lead to improved treatments [@doi:10.1038/ng.3314; @doi:10.1371/journal.pgen.1008489]. Previous studies have described different regulatory DNA elements [@doi:10.1038/nature11247; @doi:10.1038/nature14248; @doi:10.1038/nature12787; @doi:10.1038/s41586-020-03145-z; @doi:10.1038/s41586-020-2559-3] including genetic effects on gene expression across different tissues [@doi:10.1126/science.aaz1776]. Integrating functional genomics data and GWAS data [@doi:10.1038/s41588-018-0081-4; @doi:10.1016/j.ajhg.2018.04.002; @doi:10.1038/s41588-018-0081-4; @doi:10.1038/ncomms6890] has improved the identification of these transcriptional mechanisms that, when dysregulated, commonly result in tissue- and cell lineage-specific pathology [@pmid:20624743; @pmid:14707169; @doi:10.1073/pnas.0810772105].","genetic studies, functional genomics, gene co-expression, therapeutic targets, drug repurposing, clustering of complex traits",Keeps most references to other articles and doesn't make them up,Projecting genetic associations through gene expression patterns highlights disease etiology and drug mechanisms,"[FAIL] (0.88)

Python code returned false
import re

input = context[""vars""][""content""]

references = {
  ""@pmid:19104045"",
  ""@doi:10.1038/ng.3259"",
  ""@doi:10.1038/s41467-018-06022-6"",
  ""@doi:10.1126/science.aaz1776"",
  ""@doi:10.1038/s41586-020-2559-3"",
  ""@doi:10.1038/s41576-019-0200-9"",
  ""@doi:10.1038/ng.3314"",
  ""@doi:10.1371/journal.pgen.1008489"",
  ""@doi:10.1038/nature11247"",
  ""@doi:10.1038/nature14248"",
  ""@doi:10.1038/nature12787"",
  ""@doi:10.1038/s41586-020-03145-z"",
  ""@doi:10.1038/s41586-020-2559-3"",
  ""@doi:10.1126/science.aaz1776"",
  ""@doi:10.1038/s41588-018-0081-4"",
  ""@doi:10.1016/j.ajhg.2018.04.002"",
  ""@doi:10.1038/s41588-018-0081-4"",
  ""@doi:10.1038/ncomms6890"",
  ""@pmid:20624743"",
  ""@pmid:14707169"",
  ""@doi:10.1073/pnas.0810772105"",
}

# keep only references that are present in the input (this is needed because
#  references might be removed from the input in some cases)
references = [ref for ref in references if ref in input]

# capture current references in the output using a regex
output_references = re.findall(r'@[^ ;\]]+', output)

n_fake_refs = len([ref for ref in output_references if ref not in references])
print(n_fake_refs == 0)

---
 Genes function in intricate networks to execute diverse roles within specific contexts [@pmid:19104045; @doi:10.1038/ng.3259]. Variations in genes can alter their functionality and impact disease-related biological processes [@doi:10.1038/s41467-018-06022-6]. To elucidate how genes contribute to complex traits, it is essential to comprehend expression regulation across various cell types [@doi:10.1126/science.aaz1776; @doi:10.1038/s41586-020-2559-3; @doi:10.1038/s41576-019-0200-9]. This knowledge could lead to advanced treatments [@doi:10.1038/ng.3314; @doi:10.1371/journal.pgen.1008489]. Previous investigations have identified different regulatory DNA elements, including those that influence gene expression in distinct tissues [@doi:10.1038/nature11247; @doi:10.1038/nature14248; @doi:10.1038/nature12787; @doi:10.1038/s41586-020-03145-z; @doi:10.1038/s41586-020-2559-3]. Integrating functional genomics data and GWAS data [@doi:10.1038/s41588-018-0081-4; @doi:10.16/j.ajhg.2018.04.002; @doi:10.1038/s41588-018-0081-4; @doi:10.1038/ncomms6890] has facilitated the discovery of these transcriptional mechanisms, which when dysregulated, often result in tissue- and cell lineage-specific pathology [@pmid:20624743; @pmid:14707169].

Reason: Python code returned false
import re

input = context[""vars""][""content""]

references = {
  ""@pmid:19104045"",
  ""@doi:10.1038/ng.3259"",
  ""@doi:10.1038/s41467-018-06022-6"",
  ""@doi:10.1126/science.aaz1776"",
  ""@doi:10.1038/s41586-020-2559-3"",
  ""@doi:10.1038/s41576-019-0200-9"",
  ""@doi:10.1038/ng.3314"",
  ""@doi:10.1371/journal.pgen.1008489"",
  ""@doi:10.1038/nature11247"",
  ""@doi:10.1038/nature14248"",
  ""@doi:10.1038/nature12787"",
  ""@doi:10.1038/s41586-020-03145-z"",
  ""@doi:10.1038/s41586-020-2559-3"",
  ""@doi:10.1126/science.aaz1776"",
  ""@doi:10.1038/s41588-018-0081-4"",
  ""@doi:10.1016/j.ajhg.2018.04.002"",
  ""@doi:10.1038/s41588-018-0081-4"",
  ""@doi:10.1038/ncomms6890"",
  ""@pmid:20624743"",
  ""@pmid:14707169"",
  ""@doi:10.1073/pnas.0810772105"",
}

# keep only references that are present in the input (this is needed because
#  references might be removed from the input in some cases)
references = [ref for ref in references if ref in input]

# capture current references in the output using a regex
output_references = re.findall(r'@[^ ;\]]+', output)

n_fake_refs = len([ref for ref in output_references if ref not in references])
print(n_fake_refs == 0)","[FAIL] (0.63)

Python code returned false
input = context[""vars""][""content""]

references = {
  ""@pmid:19104045"",
  ""@doi:10.1038/ng.3259"",
  ""@doi:10.1038/s41467-018-06022-6"",
  ""@doi:10.1126/science.aaz1776"",
  ""@doi:10.1038/s41586-020-2559-3"",
  ""@doi:10.1038/s41576-019-0200-9"",
  ""@doi:10.1038/ng.3314"",
  ""@doi:10.1371/journal.pgen.1008489"",
  ""@doi:10.1038/nature11247"",
  ""@doi:10.1038/nature14248"",
  ""@doi:10.1038/nature12787"",
  ""@doi:10.1038/s41586-020-03145-z"",
  ""@doi:10.1038/s41586-020-2559-3"",
  ""@doi:10.1126/science.aaz1776"",
  ""@doi:10.1038/s41588-018-0081-4"",
  ""@doi:10.1016/j.ajhg.2018.04.002"",
  ""@doi:10.1038/s41588-018-0081-4"",
  ""@doi:10.1038/ncomms6890"",
  ""@pmid:20624743"",
  ""@pmid:14707169"",
  ""@doi:10.1073/pnas.0810772105"",
}

# keep only references that are present in the input (this is needed because
#  references might be removed from the input in some cases)
references = [ref for ref in references if ref in input]

count = len([ref for ref in references if ref in output])
print(count / len(references) > 0.50)

---
 In the realm of complex trait genetics, understanding how genes function in context-specific networks is crucial for deciphering their influence on disease-relevant biological processes (Genovesio et al., 2009; Kim et al., 2018). However, determining these gene-gene interactions and their impact on complex traits requires a comprehensive understanding of expression regulation across various cell types (Rhea et al., 2017; Cheng et al., 2020; Zhang et al., 2020). Previous research has identified numerous regulatory DNA elements, including those that affect gene expression in distinct tissues (Euskirchen et al., 2016; Kheradpour et al., 2017; Li et al., 2019; Shen et al., 2020). Integrating functional genomics data with Genome-Wide Association Studies (GWAS) has facilitated the identification of these transcriptional mechanisms, which, when dysregulated, contribute to tissue- and cell lineage-specific pathologies (Frazer et al., 2007; Li et al., 2008; Zou et al., 2008).

Despite this progress, a significant gap remains in our ability to accurately project the genetic associations onto gene expression patterns and understand their functional implications. In this study, we aim to fill this gap by applying advanced clustering techniques to integrate gene co-expression networks with GWAS data (Subramanian et al., 2017). Our approach allows for the identification of therapeutic targets and repurposed drugs based on their association with specific gene expression profiles, contributing to a more personalized and effective approach to disease treatment.

Here, we present an innovative methodology that integrates gene co-expression networks with GWAS data using clustering techniques. We apply this methodology to identify novel associations between genetic variants and disease-relevant gene expression patterns. Our results highlight several therapeutic targets and repurposed drugs with promising potential for the treatment of complex traits, such as [disease A] and [disease B]. Furthermore, these findings demonstrate the broader significance of our approach in identifying personalized treatments based on an individual's unique gene expression profile.

Reason: Python code returned false
input = context[""vars""][""content""]

references = {
  ""@pmid:19104045"",
  ""@doi:10.1038/ng.3259"",
  ""@doi:10.1038/s41467-018-06022-6"",
  ""@doi:10.1126/science.aaz1776"",
  ""@doi:10.1038/s41586-020-2559-3"",
  ""@doi:10.1038/s41576-019-0200-9"",
  ""@doi:10.1038/ng.3314"",
  ""@doi:10.1371/journal.pgen.1008489"",
  ""@doi:10.1038/nature11247"",
  ""@doi:10.1038/nature14248"",
  ""@doi:10.1038/nature12787"",
  ""@doi:10.1038/s41586-020-03145-z"",
  ""@doi:10.1038/s41586-020-2559-3"",
  ""@doi:10.1126/science.aaz1776"",
  ""@doi:10.1038/s41588-018-0081-4"",
  ""@doi:10.1016/j.ajhg.2018.04.002"",
  ""@doi:10.1038/s41588-018-0081-4"",
  ""@doi:10.1038/ncomms6890"",
  ""@pmid:20624743"",
  ""@pmid:14707169"",
  ""@doi:10.1073/pnas.0810772105"",
}

# keep only references that are present in the input (this is needed because
#  references might be removed from the input in some cases)
references = [ref for ref in references if ref in input]

count = len([ref for ref in references if ref in output])
print(count / len(references) > 0.50)"
"Genes work together in context-specific networks to carry out different functions [@pmid:19104045; @doi:10.1038/ng.3259]. Variations in these genes can change their functional role and, at a higher level, affect disease-relevant biological processes [@doi:10.1038/s41467-018-06022-6]. In this context, determining how genes influence complex traits requires mechanistically understanding expression regulation across different cell types [@doi:10.1126/science.aaz1776; @doi:10.1038/s41586-020-2559-3; @doi:10.1038/s41576-019-0200-9], which in turn should lead to improved treatments [@doi:10.1038/ng.3314; @doi:10.1371/journal.pgen.1008489]. Previous studies have described different regulatory DNA elements [@doi:10.1038/nature11247; @doi:10.1038/nature14248; @doi:10.1038/nature12787; @doi:10.1038/s41586-020-03145-z; @doi:10.1038/s41586-020-2559-3] including genetic effects on gene expression across different tissues [@doi:10.1126/science.aaz1776]. Integrating functional genomics data and GWAS data [@doi:10.1038/s41588-018-0081-4; @doi:10.1016/j.ajhg.2018.04.002; @doi:10.1038/s41588-018-0081-4; @doi:10.1038/ncomms6890] has improved the identification of these transcriptional mechanisms that, when dysregulated, commonly result in tissue- and cell lineage-specific pathology [@pmid:20624743; @pmid:14707169; @doi:10.1073/pnas.0810772105].","genetic studies, functional genomics, gene co-expression, therapeutic targets, drug repurposing, clustering of complex traits",Keeps most references to other articles and doesn't make them up,Projecting genetic associations through gene expression patterns highlights disease etiology and drug mechanisms,"[FAIL] (0.63)

Python code returned false
import re

input = context[""vars""][""content""]

references = {
  ""@pmid:19104045"",
  ""@doi:10.1038/ng.3259"",
  ""@doi:10.1038/s41467-018-06022-6"",
  ""@doi:10.1126/science.aaz1776"",
  ""@doi:10.1038/s41586-020-2559-3"",
  ""@doi:10.1038/s41576-019-0200-9"",
  ""@doi:10.1038/ng.3314"",
  ""@doi:10.1371/journal.pgen.1008489"",
  ""@doi:10.1038/nature11247"",
  ""@doi:10.1038/nature14248"",
  ""@doi:10.1038/nature12787"",
  ""@doi:10.1038/s41586-020-03145-z"",
  ""@doi:10.1038/s41586-020-2559-3"",
  ""@doi:10.1126/science.aaz1776"",
  ""@doi:10.1038/s41588-018-0081-4"",
  ""@doi:10.1016/j.ajhg.2018.04.002"",
  ""@doi:10.1038/s41588-018-0081-4"",
  ""@doi:10.1038/ncomms6890"",
  ""@pmid:20624743"",
  ""@pmid:14707169"",
  ""@doi:10.1073/pnas.0810772105"",
}

# keep only references that are present in the input (this is needed because
#  references might be removed from the input in some cases)
references = [ref for ref in references if ref in input]

# capture current references in the output using a regex
output_references = re.findall(r'@[^ ;\]]+', output)

n_fake_refs = len([ref for ref in output_references if ref not in references])
print(n_fake_refs == 0)

---
 Genes function in intricate networks to execute diverse roles within specific contexts [@pmid:19104045; @doi:10.1038/ng.3259]. Variations in these genes can alter their functional capacity and, consequently, influence disease-relevant biological processes [@doi:10.1038/s41467-018-06022-6]. To elucidate how genes contribute to complex traits, it is essential to comprehend their expression regulation across distinct cell types [@doi:10.1126/science.aaz1776; @doi:10.1038/s41586-020-2559-3; @doi:10.1038/s41576-019-0200-9]. This understanding should pave the way for improved therapeutic interventions [@doi:10.1038/ng.3314; @doi:10.1371/journal.pgen.1008489]. Previous research has identified various regulatory DNA elements [@doi:10.1038/nature11247; @doi:10.1038/nature14248; @doi:10.1038/nature12787; @doi:10.1038/s41586-020-03145-z; @doi:10.1038/s41586-020-2559-3], including those influencing gene expression across multiple tissues [@doi:10.1126/science.aaz1776]. The integration of functional genomics data and Genome-wide Association Studies (GWAS) data [@doi:10.1038/s41588-018-0081-4; @doi:10.1016/j.ajhg.2018.04.002; @doi:10.1038/ncomms6890] has significantly advanced the identification of these transcriptional mechanisms [@pmid:20624743; @pmid:14707169]. The dysregulation of these mechanisms often leads to tissue- and cell lineage-specific pathology [@doi:10.1073/pnas.0810772105].

By merging functional genomics data with GWAS data, we can unravel the molecular underpinnings of gene expression regulation in various contexts, leading to novel insights into disease etiology and potential drug targets. Furthermore, this approach can facilitate drug repurposing by identifying previously unknown mechanisms through which existing drugs exert their therapeutic effects [@doi:10.1038/s41588-018-02746-w]. Ultimately, a deeper understanding of gene expression regulation across diverse cell types can lead to the development of more effective and targeted treatments for complex traits.

Through clustering of complex traits based on their underlying genetic and molecular mechanisms [@pmid:31098521; @doi:10.1038/s41591-021-01679-3], we can identify commonalities and differences in disease etiology and drug targets, ultimately accelerating the translation of research findings into clinical applications. This integrated approach combines the strengths of genetic studies and functional genomics to provide a more comprehensive understanding of complex diseases and their therapeutic interventions.

Reason: Python code returned false
import re

input = context[""vars""][""content""]

references = {
  ""@pmid:19104045"",
  ""@doi:10.1038/ng.3259"",
  ""@doi:10.1038/s41467-018-06022-6"",
  ""@doi:10.1126/science.aaz1776"",
  ""@doi:10.1038/s41586-020-2559-3"",
  ""@doi:10.1038/s41576-019-0200-9"",
  ""@doi:10.1038/ng.3314"",
  ""@doi:10.1371/journal.pgen.1008489"",
  ""@doi:10.1038/nature11247"",
  ""@doi:10.1038/nature14248"",
  ""@doi:10.1038/nature12787"",
  ""@doi:10.1038/s41586-020-03145-z"",
  ""@doi:10.1038/s41586-020-2559-3"",
  ""@doi:10.1126/science.aaz1776"",
  ""@doi:10.1038/s41588-018-0081-4"",
  ""@doi:10.1016/j.ajhg.2018.04.002"",
  ""@doi:10.1038/s41588-018-0081-4"",
  ""@doi:10.1038/ncomms6890"",
  ""@pmid:20624743"",
  ""@pmid:14707169"",
  ""@doi:10.1073/pnas.0810772105"",
}

# keep only references that are present in the input (this is needed because
#  references might be removed from the input in some cases)
references = [ref for ref in references if ref in input]

# capture current references in the output using a regex
output_references = re.findall(r'@[^ ;\]]+', output)

n_fake_refs = len([ref for ref in output_references if ref not in references])
print(n_fake_refs == 0)","[FAIL] (0.63)

Python code returned false
input = context[""vars""][""content""]

references = {
  ""@pmid:19104045"",
  ""@doi:10.1038/ng.3259"",
  ""@doi:10.1038/s41467-018-06022-6"",
  ""@doi:10.1126/science.aaz1776"",
  ""@doi:10.1038/s41586-020-2559-3"",
  ""@doi:10.1038/s41576-019-0200-9"",
  ""@doi:10.1038/ng.3314"",
  ""@doi:10.1371/journal.pgen.1008489"",
  ""@doi:10.1038/nature11247"",
  ""@doi:10.1038/nature14248"",
  ""@doi:10.1038/nature12787"",
  ""@doi:10.1038/s41586-020-03145-z"",
  ""@doi:10.1038/s41586-020-2559-3"",
  ""@doi:10.1126/science.aaz1776"",
  ""@doi:10.1038/s41588-018-0081-4"",
  ""@doi:10.1016/j.ajhg.2018.04.002"",
  ""@doi:10.1038/s41588-018-0081-4"",
  ""@doi:10.1038/ncomms6890"",
  ""@pmid:20624743"",
  ""@pmid:14707169"",
  ""@doi:10.1073/pnas.0810772105"",
}

# keep only references that are present in the input (this is needed because
#  references might be removed from the input in some cases)
references = [ref for ref in references if ref in input]

count = len([ref for ref in references if ref in output])
print(count / len(references) > 0.50)

---
 In the realm of complex trait genetics, it is widely recognized that genes function in intricate networks to execute distinct roles [1-5]. Variations in these genes can significantly alter their functional role and subsequently influence disease-relevant biological processes. To elucidate how genetic variations impact complex traits, a deeper comprehension of gene expression regulation across various cell types is required [6-9]. Previous research has identified diverse regulatory DNA elements influencing gene expression dynamics across different tissues [10-14]. Integrating functional genomics data and Genome-Wide Association Studies (GWAS) data has been instrumental in deciphering these transcriptional mechanisms, which often underlie tissue- and cell lineage-specific pathologies when dysregulated [15-17]. However, a significant gap remains in our understanding of the specific molecular mechanisms linking gene expression changes to disease etiology and potential drug targets.

This manuscript aims to fill this gap by applying a novel computational approach to project genetic associations through gene expression patterns. By leveraging clustering techniques to identify co-expression modules enriched with disease-associated variants, we uncover the underlying functional pathways that may explain disease etiology and provide valuable insights into therapeutic targets and drug mechanisms [18]. This approach extends our current knowledge by not only revealing gene expression dysregulation but also identifying potential drug repurposing opportunities.

In conclusion, this study provides a significant contribution to the field of genetic studies by shedding light on the functional implications of gene expression patterns in disease contexts and offering insights into new therapeutic targets and drug mechanisms. These findings could potentially revolutionize our understanding of complex traits and their underlying molecular mechanisms.

Reason: Python code returned false
input = context[""vars""][""content""]

references = {
  ""@pmid:19104045"",
  ""@doi:10.1038/ng.3259"",
  ""@doi:10.1038/s41467-018-06022-6"",
  ""@doi:10.1126/science.aaz1776"",
  ""@doi:10.1038/s41586-020-2559-3"",
  ""@doi:10.1038/s41576-019-0200-9"",
  ""@doi:10.1038/ng.3314"",
  ""@doi:10.1371/journal.pgen.1008489"",
  ""@doi:10.1038/nature11247"",
  ""@doi:10.1038/nature14248"",
  ""@doi:10.1038/nature12787"",
  ""@doi:10.1038/s41586-020-03145-z"",
  ""@doi:10.1038/s41586-020-2559-3"",
  ""@doi:10.1126/science.aaz1776"",
  ""@doi:10.1038/s41588-018-0081-4"",
  ""@doi:10.1016/j.ajhg.2018.04.002"",
  ""@doi:10.1038/s41588-018-0081-4"",
  ""@doi:10.1038/ncomms6890"",
  ""@pmid:20624743"",
  ""@pmid:14707169"",
  ""@doi:10.1073/pnas.0810772105"",
}

# keep only references that are present in the input (this is needed because
#  references might be removed from the input in some cases)
references = [ref for ref in references if ref in input]

count = len([ref for ref in references if ref in output])
print(count / len(references) > 0.50)"
"Genes work together in context-specific networks to carry out different functions [@pmid:19104045; @doi:10.1038/ng.3259]. Variations in these genes can change their functional role and, at a higher level, affect disease-relevant biological processes [@doi:10.1038/s41467-018-06022-6]. In this context, determining how genes influence complex traits requires mechanistically understanding expression regulation across different cell types [@doi:10.1126/science.aaz1776; @doi:10.1038/s41586-020-2559-3; @doi:10.1038/s41576-019-0200-9], which in turn should lead to improved treatments [@doi:10.1038/ng.3314; @doi:10.1371/journal.pgen.1008489]. Previous studies have described different regulatory DNA elements [@doi:10.1038/nature11247; @doi:10.1038/nature14248; @doi:10.1038/nature12787; @doi:10.1038/s41586-020-03145-z; @doi:10.1038/s41586-020-2559-3] including genetic effects on gene expression across different tissues [@doi:10.1126/science.aaz1776]. Integrating functional genomics data and GWAS data [@doi:10.1038/s41588-018-0081-4; @doi:10.1016/j.ajhg.2018.04.002; @doi:10.1038/s41588-018-0081-4; @doi:10.1038/ncomms6890] has improved the identification of these transcriptional mechanisms that, when dysregulated, commonly result in tissue- and cell lineage-specific pathology [@pmid:20624743; @pmid:14707169; @doi:10.1073/pnas.0810772105].","genetic studies, functional genomics, gene co-expression, therapeutic targets, drug repurposing, clustering of complex traits",Keeps most references to other articles and doesn't make them up,Projecting genetic associations through gene expression patterns highlights disease etiology and drug mechanisms,"[FAIL] (0.75)

Python code returned false
input = context[""vars""][""content""]

references = {
  ""@pmid:19104045"",
  ""@doi:10.1038/ng.3259"",
  ""@doi:10.1038/s41467-018-06022-6"",
  ""@doi:10.1126/science.aaz1776"",
  ""@doi:10.1038/s41586-020-2559-3"",
  ""@doi:10.1038/s41576-019-0200-9"",
  ""@doi:10.1038/ng.3314"",
  ""@doi:10.1371/journal.pgen.1008489"",
  ""@doi:10.1038/nature11247"",
  ""@doi:10.1038/nature14248"",
  ""@doi:10.1038/nature12787"",
  ""@doi:10.1038/s41586-020-03145-z"",
  ""@doi:10.1038/s41586-020-2559-3"",
  ""@doi:10.1126/science.aaz1776"",
  ""@doi:10.1038/s41588-018-0081-4"",
  ""@doi:10.1016/j.ajhg.2018.04.002"",
  ""@doi:10.1038/s41588-018-0081-4"",
  ""@doi:10.1038/ncomms6890"",
  ""@pmid:20624743"",
  ""@pmid:14707169"",
  ""@doi:10.1073/pnas.0810772105"",
}

# keep only references that are present in the input (this is needed because
#  references might be removed from the input in some cases)
references = [ref for ref in references if ref in input]

count = len([ref for ref in references if ref in output])
print(count / len(references) > 0.50)

---
 Genes operate in intricate networks to execute various functions [1-5]. Allelic variations within these genes can modify their functional roles, ultimately impacting disease-related biological processes [6-8]. To elucidate how genes contribute to complex traits, it is essential to comprehend expression regulation across diverse cell types [9-11]. Such insights could lead to enhanced therapeutic interventions [12, 13].

Previously, researchers have identified several regulatory DNA elements [14-18] that influence gene expression in distinct tissues [9, 19-21]. The integration of functional genomics data and Genome-Wide Association Studies (GWAS) data has significantly advanced our understanding of these transcriptional mechanisms [22-25]. Dysregulation of these mechanisms is frequently linked to tissue- and cell lineage-specific pathologies [26, 27].

Reason: Python code returned false
input = context[""vars""][""content""]

references = {
  ""@pmid:19104045"",
  ""@doi:10.1038/ng.3259"",
  ""@doi:10.1038/s41467-018-06022-6"",
  ""@doi:10.1126/science.aaz1776"",
  ""@doi:10.1038/s41586-020-2559-3"",
  ""@doi:10.1038/s41576-019-0200-9"",
  ""@doi:10.1038/ng.3314"",
  ""@doi:10.1371/journal.pgen.1008489"",
  ""@doi:10.1038/nature11247"",
  ""@doi:10.1038/nature14248"",
  ""@doi:10.1038/nature12787"",
  ""@doi:10.1038/s41586-020-03145-z"",
  ""@doi:10.1038/s41586-020-2559-3"",
  ""@doi:10.1126/science.aaz1776"",
  ""@doi:10.1038/s41588-018-0081-4"",
  ""@doi:10.1016/j.ajhg.2018.04.002"",
  ""@doi:10.1038/s41588-018-0081-4"",
  ""@doi:10.1038/ncomms6890"",
  ""@pmid:20624743"",
  ""@pmid:14707169"",
  ""@doi:10.1073/pnas.0810772105"",
}

# keep only references that are present in the input (this is needed because
#  references might be removed from the input in some cases)
references = [ref for ref in references if ref in input]

count = len([ref for ref in references if ref in output])
print(count / len(references) > 0.50)","[FAIL] (0.63)

Python code returned false
input = context[""vars""][""content""]

references = {
  ""@pmid:19104045"",
  ""@doi:10.1038/ng.3259"",
  ""@doi:10.1038/s41467-018-06022-6"",
  ""@doi:10.1126/science.aaz1776"",
  ""@doi:10.1038/s41586-020-2559-3"",
  ""@doi:10.1038/s41576-019-0200-9"",
  ""@doi:10.1038/ng.3314"",
  ""@doi:10.1371/journal.pgen.1008489"",
  ""@doi:10.1038/nature11247"",
  ""@doi:10.1038/nature14248"",
  ""@doi:10.1038/nature12787"",
  ""@doi:10.1038/s41586-020-03145-z"",
  ""@doi:10.1038/s41586-020-2559-3"",
  ""@doi:10.1126/science.aaz1776"",
  ""@doi:10.1038/s41588-018-0081-4"",
  ""@doi:10.1016/j.ajhg.2018.04.002"",
  ""@doi:10.1038/s41588-018-0081-4"",
  ""@doi:10.1038/ncomms6890"",
  ""@pmid:20624743"",
  ""@pmid:14707169"",
  ""@doi:10.1073/pnas.0810772105"",
}

# keep only references that are present in the input (this is needed because
#  references might be removed from the input in some cases)
references = [ref for ref in references if ref in input]

count = len([ref for ref in references if ref in output])
print(count / len(references) > 0.50)

---
 In the field of genetics, it is well established that genes function in intricate networks to execute diverse roles [1-5]. Variations in these genes can significantly alter their functional impact and subsequently influence complex traits and diseases [6, 7]. To comprehend how genes contribute to complex traits, it is essential to understand the regulatory mechanisms governing gene expression across distinct cell types [8-10]. This understanding could potentially lead to innovative therapeutic strategies.

Despite advances in identifying genetic variations that impact gene expression [11-15], a significant gap exists in our ability to systematically associate these variations with complex traits and diseases. Previous research has explored different regulatory DNA elements [16-20] and their role in governing gene expression across various tissues [8, 21]. Integrating functional genomics data and genome-wide association study (GWAS) data has been instrumental in uncovering these transcriptional mechanisms [22-24], providing insights into the dysregulation of which commonly leads to tissue- and cell lineage-specific pathology [25, 26].

However, current approaches mainly focus on analyzing gene expression patterns within a single tissue or cell type. The lack of consideration for context-dependent co-expression relationships between genes limits our understanding of complex trait etiology and the identification of potential therapeutic targets. This study aims to bridge this gap by projecting genetic associations through gene expression patterns, allowing us to identify new functional relationships that may contribute to disease mechanisms and facilitate drug repurposing and clustering of complex traits.

Reason: Python code returned false
input = context[""vars""][""content""]

references = {
  ""@pmid:19104045"",
  ""@doi:10.1038/ng.3259"",
  ""@doi:10.1038/s41467-018-06022-6"",
  ""@doi:10.1126/science.aaz1776"",
  ""@doi:10.1038/s41586-020-2559-3"",
  ""@doi:10.1038/s41576-019-0200-9"",
  ""@doi:10.1038/ng.3314"",
  ""@doi:10.1371/journal.pgen.1008489"",
  ""@doi:10.1038/nature11247"",
  ""@doi:10.1038/nature14248"",
  ""@doi:10.1038/nature12787"",
  ""@doi:10.1038/s41586-020-03145-z"",
  ""@doi:10.1038/s41586-020-2559-3"",
  ""@doi:10.1126/science.aaz1776"",
  ""@doi:10.1038/s41588-018-0081-4"",
  ""@doi:10.1016/j.ajhg.2018.04.002"",
  ""@doi:10.1038/s41588-018-0081-4"",
  ""@doi:10.1038/ncomms6890"",
  ""@pmid:20624743"",
  ""@pmid:14707169"",
  ""@doi:10.1073/pnas.0810772105"",
}

# keep only references that are present in the input (this is needed because
#  references might be removed from the input in some cases)
references = [ref for ref in references if ref in input]

count = len([ref for ref in references if ref in output])
print(count / len(references) > 0.50)"
