"{""raw"":""You are a scientist with copy-editing skills who will help in improving the text of a manuscript with title '{{ title }}' and keywords '{{ keywords }}.' Revise the following abstract of this manuscript.\n\nInput paragraph: {{ content }}\n\nRevised paragraph: "",""display"":""/home/miltondp/projects/others/manubot/manubot-ai-editor-evals/abstract/prompts/baseline.txt"",""id"":""eb67c28e738c8ba454623fdfba46785e336bddcbe6e578487b4ab2832a51ad2b"",""provider"":""ollama:completion:neural-chat:7b-v3.1-fp16"",""metrics"":{""score"":18.25,""testPassCount"":7,""testFailCount"":13,""assertPassCount"":146,""assertFailCount"":14,""totalLatencyMs"":172321,""tokenUsage"":{""total"":0,""prompt"":0,""completion"":0,""cached"":0},""namedScores"":{},""cost"":0}}","{""raw"":""You are a scientist with copy-editing skills who will help in improving the text of a manuscript with title '{{ title }}' and keywords '{{ keywords }}.' Revise the following abstract of this manuscript, so it has a clear sentence structure and follows a context-content-conclusion (C-C-C) scheme and fits in a single paragraph. Make changes only when they are absolutely necessary to follow the C-C-C scheme. Under the C-C-C scheme, the abstract must follow the following structure: 1) The context must communicate to the reader what gap the paper will fill. The first sentence orients the reader by introducing the broader field in which the particular research is situated. Then, this context is narrowed until it lands on the open question that the research answered. A successful context section sets the stage for distinguishing the paper’s contributions from the current state of the art by communicating what is missing in the literature (i.e., the specific gap) and why that matters (i.e., the connection between the specific gap and the broader context that the paper opened with); 2) The content (\""Here we\"") first describes the novel method or approach that you used to fill the gap or question. Then you present the meat—your executive summary of the results; 3) Finally, the conclusion interprets the results to answer the question that was posed at the end of the context section. There is often a second part to the conclusion section that highlights how this conclusion moves the broader field forward (i.e., \""broader significance\"").\n\nInput paragraph: {{ content }}\n\nRevised paragraph: "",""display"":""/home/miltondp/projects/others/manubot/manubot-ai-editor-evals/abstract/prompts/candidate.txt"",""id"":""1aed1a1001a93db4805339850d72b10e96185cfb9346d1818d15920dece32fdd"",""provider"":""ollama:completion:neural-chat:7b-v3.1-fp16"",""metrics"":{""score"":18.375,""testPassCount"":9,""testFailCount"":11,""assertPassCount"":147,""assertFailCount"":13,""totalLatencyMs"":139946,""tokenUsage"":{""total"":0,""prompt"":0,""completion"":0,""cached"":0},""namedScores"":{},""cost"":0}}",content,keywords,test_description,title
"[PASS] (1.00)  Genes operate in coordinated networks within specific contexts to execute their functions, necessitating a mechanistic understanding of expression regulation across various conditions to elucidate how they contribute to complex traits and ultimately influence disease development. While transcriptome-wide association studies have been instrumental in revealing the role of individual genes in disease-relevant mechanisms, current models predict that gene-gene interactions play a crucial part in the etiology of diseases. Here, we present PhenoPLIER, an innovative computational approach that maps genetic associations and drug perturbation data onto a shared latent representation for joint analysis, based on modules consisting of genes sharing similar expression patterns across different conditions. Our findings showcase that diseases exhibit strong correlations with gene modules expressed in relevant cell types; moreover, PhenoPLIER is effective at predicting known drug-disease associations and elucidating their mechanisms of action. Through the use of a CRISPR screen to study lipid regulation, we observe that functionally important players are often not associated but prioritized in trait-associated gene modules by PhenoPLIER. In summary, integrating groups of co-expressed genes into PhenoPLIER facilitates contextualization of genetic associations, offering potential targets missed by single-gene approaches and providing a novel framework for interpreting genetic associations through the lens of gene expression patterns.","[FAIL] (0.88) Expected output to contain ""CRISPR""
---
 Genes work together in specific contexts to perform their functions and influence complex traits. To understand how genes contribute to disease-related mechanisms, it is crucial to grasp expression regulation across various conditions. While transcriptome-wide association studies have uncovered the role of individual genes in disease processes, modern models suggest that gene-gene interactions play a key role in diseases' origins and development. Here we introduce PhenoPLIER, a computational approach that combines gene-trait associations, pharmacological perturbation data, and modules of co-expressed genes for a joint analysis. By doing so, PhenoPLIER accurately predicts known drug-disease pairs, elucidates mechanisms of action, and identifies functionally important players with no direct genetic association but present in trait-associated gene modules. Conclusively, by incorporating co-expressed genes, PhenoPLIER contextualizes genetic associations and unveils potential targets missed by single-gene strategies. In this way, it offers a novel framework to interpret genetic associations through the lens of gene modules.","Genes act in concierto with each other in specifico contexts to perform their functions. Determining how these genes influence complex traits requires a mechanistic understanding of expression regulation across different conditions. It has been shown that this insight is critical for developing new therapies. Transcriptome-wide association studies have helped uncover the role of individual genes in disease-relevant mechanisms. However, modern models of the architecture of complex traits predict that gene-gene interactions play a crucial role in disease origin and progression. Here we introduce PhenoPLIER, a computational approach that maps gene-trait associations and pharmacological perturbation data into a common latent representation for a joint analysis. This representation is base on modules of genes with similar expression patterns across the same conditions. We observe that diseases are significantl associated with gene modules expressed in relevant cell types, and our approach is accurate in predicting known drug-disease pairs and inferring mechanisms of action. Furthermore using a CRISPR screen to analyze lipid regulation, we find that functionally important players lack associations but are prioritized in trait-associated modules by PhenoPLIER. In conclusion, by incorporating, groups of co-expressed genes, PhenoPLIER can contextualize genetic associations and reveal, potential targets missed by single-gene strategies. PhenoPLIER provides a novel framework for interpreting genetic associations through the lens of gene modules.","genetic studies, functional genomics, gene co-expression, therapeutic targets, drug repurposing, clustering of complex traits",Has spelling/grammar errors,Projecting genetic associations through gene expression patterns highlights disease etiology and drug mechanisms
"[PASS] (1.00)  Genes collaborate in specific contexts to execute their functions, and uncovering how these genes influence complex traits necessitates understanding their regulation across various conditions. This knowledge is vital for developing novel therapies. Transcriptome-wide association studies have contributed to the identification of individual genes' roles in disease mechanisms; however, contemporary models of complex trait architecture emphasize the significance of gene-gene interactions in determining disease origins and progression. In this context, we introduce PhenoPLIER, a computational approach that integrates gene-trait associations with pharmacological perturbation data into a shared latent representation for comprehensive analysis. This representation is derived from modules consisting of genes with similar expression patterns across various conditions. We observe that diseases are significantly associated with gene modules relevant to the specific cell types and that PhenoPLIER accurately predicts known drug-disease pairings and elucidates mechanisms of action. In addition, through a CRISPR screen for lipid regulation analysis, we find that functionally significant players lack associations but are prioritized in trait-associated modules by PhenoPLIER. In conclusion, incorporating groups of co-expressed genes into the framework provided by PhenoPLIER enhances contextualizing genetic associations and highlights potential targets missed through single-gene approaches. By doing so, this novel approach offers a comprehensive tool for interpreting genetic associations in relation to gene modules.","[PASS] (1.00)  Genes work together in specific contexts to carry out their functions. Understanding how these genes impact complex traits requires knowing the regulation of gene expression across various conditions, as it's essential for developing new therapies. Transcriptome-wide association studies have helped identify individual genes related to disease mechanisms; however, modern models predict that gene-gene interactions are crucial in disease origin and progression. Here we present PhenoPLIER, a computational approach that maps gene-trait associations and pharmacological data into a shared latent representation for joint analysis. This representation is based on groups of genes with similar expression patterns across the same conditions, represented as gene modules. We find that diseases are significantly associated with these gene modules expressed in relevant cell types, and PhenoPLIER accurately predicts known drug-disease pairs and mechanisms of action. A CRISPR screen for lipid regulation also highlights functionally important players which lack individual associations but get prioritized when included in trait-associated gene modules by PhenoPLIER. Thus, incorporating groups of co-expressed genes into genetic studies can provide context to genetic associations and reveal potential targets missed by single-gene strategies. Overall, PhenoPLIER provides a novel framework for interpreting genetic associations through the lens of gene expression patterns.","Genes act in concierto with each other in specifico contexts to perform their functions. Determining how these genes influence complex traits requires a mechanistic understanding of expression regulation across different conditions. It has been shown that this insight is critical for developing new therapies. Transcriptome-wide association studies have helped uncover the role of individual genes in disease-relevant mechanisms. However, modern models of the architecture of complex traits predict that gene-gene interactions play a crucial role in disease origin and progression. Here we introduce PhenoPLIER, a computational approach that maps gene-trait associations and pharmacological perturbation data into a common latent representation for a joint analysis. This representation is base on modules of genes with similar expression patterns across the same conditions. We observe that diseases are significantl associated with gene modules expressed in relevant cell types, and our approach is accurate in predicting known drug-disease pairs and inferring mechanisms of action. Furthermore using a CRISPR screen to analyze lipid regulation, we find that functionally important players lack associations but are prioritized in trait-associated modules by PhenoPLIER. In conclusion, by incorporating, groups of co-expressed genes, PhenoPLIER can contextualize genetic associations and reveal, potential targets missed by single-gene strategies. PhenoPLIER provides a novel framework for interpreting genetic associations through the lens of gene modules.","genetic studies, functional genomics, gene co-expression, therapeutic targets, drug repurposing, clustering of complex traits",Has spelling/grammar errors,Projecting genetic associations through gene expression patterns highlights disease etiology and drug mechanisms
"[PASS] (1.00)  Genes collaborate in specific contexts to perform their functions, and understanding how they influence complex traits requires insight into expression regulation across diverse conditions. This knowledge is crucial for developing new therapies. Traditional transcriptome-wide association studies have uncovered the roles of individual genes in disease mechanisms; however, modern architectural models predict that gene-gene interactions play a significant role in disease etiology and progression. We introduce PhenoPLIER, a computational approach that maps gene-trait associations and pharmacological perturbation data into a common latent representation for joint analysis using gene expression patterns across different conditions. This framework reveals that diseases are significantly associated with specific gene modules expressed in relevant cell types. Our approach accurately predicts known drug-disease pairs, uncovers mechanisms of action, and prioritizes functionally important players without direct trait associations in trait-associated modules. Using a CRISPR screen to analyze lipid regulation, we find that PhenoPLIER contextualizes genetic associations by incorporating groups of co-expressed genes, thereby revealing potential targets missed by single-gene strategies. In summary, the novel framework offered by PhenoPLIER enhances our understanding of complex traits and offers valuable insights for interpreting genetic associations through a gene module lens.","[PASS] (1.00)  Genes work together in specific contexts to carry out their functions, necessitating a deep understanding of how they influence complex traits and play crucial roles in disease mechanisms. While transcriptome-wide association studies have shed light on individual genes' roles in diseases, modern models suggest that gene-gene interactions are essential for understanding the origins and progression of complex diseases. This gap led to the development of PhenoPLIER, a computational approach using gene expression patterns across conditions. PhenoPLIER maps gene-trait associations and pharmacological perturbation data into common latent representations based on modules of co-expressed genes, showing significant associations between disease-related modules and relevant cell types. The approach is also accurate in predicting known drug-disease pairs and mechanisms of action. In a CRISPR screen analyzing lipid regulation, functionally important players are not associated but prioritized within trait-associated gene modules by PhenoPLIER. Overall, this method offers a framework to contextualize genetic associations through gene modules, potentially revealing overlooked targets and opening new avenues for disease treatment and therapeutic development.","Genes act in concierto with each other in specifico contexts to perform their functions. Determining how these genes influence complex traits requires a mechanistic understanding of expression regulation across different conditions. It has been shown that this insight is critical for developing new therapies. Transcriptome-wide association studies have helped uncover the role of individual genes in disease-relevant mechanisms. However, modern models of the architecture of complex traits predict that gene-gene interactions play a crucial role in disease origin and progression. Here we introduce PhenoPLIER, a computational approach that maps gene-trait associations and pharmacological perturbation data into a common latent representation for a joint analysis. This representation is base on modules of genes with similar expression patterns across the same conditions. We observe that diseases are significantl associated with gene modules expressed in relevant cell types, and our approach is accurate in predicting known drug-disease pairs and inferring mechanisms of action. Furthermore using a CRISPR screen to analyze lipid regulation, we find that functionally important players lack associations but are prioritized in trait-associated modules by PhenoPLIER. In conclusion, by incorporating, groups of co-expressed genes, PhenoPLIER can contextualize genetic associations and reveal, potential targets missed by single-gene strategies. PhenoPLIER provides a novel framework for interpreting genetic associations through the lens of gene modules.","genetic studies, functional genomics, gene co-expression, therapeutic targets, drug repurposing, clustering of complex traits",Has spelling/grammar errors,Projecting genetic associations through gene expression patterns highlights disease etiology and drug mechanisms
"[PASS] (1.00)  Genes function together in specific contexts to perform their intended roles; comprehending how these genes influence complex traits necessitates an understanding of expression regulation across various conditions. Such insights are crucial for developing novel treatments. Transcriptome-wide association studies have helped identify the role of individual genes in disease-related mechanisms, but modern models predict that gene-gene interactions play a significant role in determining the origin and progression of diseases. In this manuscript, we introduce PhenoPLIER, an innovative computational approach that maps gene-trait associations and pharmacological data into a common latent representation for joint analysis. This representation is based on modules of genes with similar expression patterns across various conditions. We observe that diseases are significantly associated with gene modules expressed in relevant cell types, and PhenoPLIER accurately predicts known drug-disease pairs while also inferring mechanisms of action. A CRISPR screen reveals that functionally important players without direct gene association are prioritized within trait-associated modules by PhenoPLIER. In conclusion, PhenoPLIER provides a novel framework for interpreting genetic associations through the lens of co-expressed genes, thus revealing potential targets missed by single-gene strategies. By incorporating groups of co-expressed genes, PhenoPLIER enables contextualization of genetic associations, shedding light on previously unidentified disease mechanisms and therapeutic targets.","[FAIL] (0.88) Expected output to contain ""CRISPR""
---
 Genes work together in specific contexts to perform their functions, influencing complex traits and requiring a mechanistic understanding of expression regulation across various conditions to develop new therapies. Transcriptome-wide association studies have revealed individual genes' roles in disease mechanisms; however, modern models predict gene-gene interactions as crucial for complex trait origins and progression. Here, we introduce PhenoPLIER, a computational approach that connects gene-trait associations and pharmacological perturbation data via common latent representations derived from modules of co-expressed genes under the same conditions. Our findings show disease associations with relevant cell types' gene expression patterns, accurate predictions of known drug-disease pairs, and inferring mechanisms of action. By incorporating groups of co-expressed genes, PhenoPLIER can contextualize genetic associations and reveal missed potential targets by single-gene strategies, providing a novel framework for interpreting genetic associations through gene modules' lens.","Genes act in concierto with each other in specifico contexts to perform their functions. Determining how these genes influence complex traits requires a mechanistic understanding of expression regulation across different conditions. It has been shown that this insight is critical for developing new therapies. Transcriptome-wide association studies have helped uncover the role of individual genes in disease-relevant mechanisms. However, modern models of the architecture of complex traits predict that gene-gene interactions play a crucial role in disease origin and progression. Here we introduce PhenoPLIER, a computational approach that maps gene-trait associations and pharmacological perturbation data into a common latent representation for a joint analysis. This representation is base on modules of genes with similar expression patterns across the same conditions. We observe that diseases are significantl associated with gene modules expressed in relevant cell types, and our approach is accurate in predicting known drug-disease pairs and inferring mechanisms of action. Furthermore using a CRISPR screen to analyze lipid regulation, we find that functionally important players lack associations but are prioritized in trait-associated modules by PhenoPLIER. In conclusion, by incorporating, groups of co-expressed genes, PhenoPLIER can contextualize genetic associations and reveal, potential targets missed by single-gene strategies. PhenoPLIER provides a novel framework for interpreting genetic associations through the lens of gene modules.","genetic studies, functional genomics, gene co-expression, therapeutic targets, drug repurposing, clustering of complex traits",Has spelling/grammar errors,Projecting genetic associations through gene expression patterns highlights disease etiology and drug mechanisms
"[PASS] (1.00)  Genes operate in harmony within specific contexts to perform their functions, necessitating a deeper understanding of how they influence complex traits. Identifying these relationships is crucial for developing innovative treatments. Recent studies have revealed that transcriptome-wide association studies can uncover the role of individual genes in disease mechanisms. However, modern models predict that gene-gene interactions play a significant part in diseases' origin and progression. In this work, we introduce PhenoPLIER, an approach that utilizes modules of genes with similar expression patterns across various conditions to map genetic associations and pharmacological data into a unified latent representation for joint analysis. This approach discovers that diseases are associated with gene modules expressed in relevant cell types and accurately predicts known drug-disease pairs and their mechanisms of action. Additionally, through a CRISPR screen examining lipid regulation, we observe functionally important players lacking associations but prioritized within trait-associated modules by PhenoPLIER. In conclusion, incorporating co-expressed gene groups enables PhenoPLIER to contextualize genetic associations and identify potential targets missed by single-gene strategies. PhenoPLIER provides a new framework for interpreting genetic associations through the lens of gene modules.","[PASS] (1.00)  Genes work together in specific contexts to execute their functions. Understanding how these genes influence complex traits requires examining gene expression regulation across various conditions, as this knowledge is crucial for developing new therapies. Transcriptome-wide association studies have shed light on the role of individual genes in disease-related mechanisms, but modern models predict that gene-gene interactions are essential for understanding the origin and progression of complex traits. To address this gap, we introduce PhenoPLIER, a computational approach that maps gene-trait associations and drug perturbation data into a common latent representation for joint analysis. This representation is based on modules of genes with similar expression patterns across multiple conditions. We observe that diseases are significantly associated with relevant cell types and genes, and our method accurately predicts known drug-disease pairs and elucidates mechanisms of action. Furthermore, using CRISPR screen to study lipid regulation, we find that functionally important players lack direct associations but are prioritized in trait-associated modules by PhenoPLIER. In conclusion, integrating groups of co-expressed genes within PhenoPLIER allows contextualizing genetic associations and reveals potential targets missed by single-gene strategies. PhenoPLIER offers a novel framework for interpreting genetic associations through the lens of gene modules, shedding light on disease etiology and drug mechanisms.","Genes act in concierto with each other in specifico contexts to perform their functions. Determining how these genes influence complex traits requires a mechanistic understanding of expression regulation across different conditions. It has been shown that this insight is critical for developing new therapies. Transcriptome-wide association studies have helped uncover the role of individual genes in disease-relevant mechanisms. However, modern models of the architecture of complex traits predict that gene-gene interactions play a crucial role in disease origin and progression. Here we introduce PhenoPLIER, a computational approach that maps gene-trait associations and pharmacological perturbation data into a common latent representation for a joint analysis. This representation is base on modules of genes with similar expression patterns across the same conditions. We observe that diseases are significantl associated with gene modules expressed in relevant cell types, and our approach is accurate in predicting known drug-disease pairs and inferring mechanisms of action. Furthermore using a CRISPR screen to analyze lipid regulation, we find that functionally important players lack associations but are prioritized in trait-associated modules by PhenoPLIER. In conclusion, by incorporating, groups of co-expressed genes, PhenoPLIER can contextualize genetic associations and reveal, potential targets missed by single-gene strategies. PhenoPLIER provides a novel framework for interpreting genetic associations through the lens of gene modules.","genetic studies, functional genomics, gene co-expression, therapeutic targets, drug repurposing, clustering of complex traits",Has spelling/grammar errors,Projecting genetic associations through gene expression patterns highlights disease etiology and drug mechanisms
"[FAIL] (0.88) Python code returned false
(""PhenoPLIER"" not in output.split(""."")[0])
---
 We introduce PhenoPLIER, a computational approach that links gene-trait associations and pharmacological perturbation data into a shared latent representation, enabling joint analysis. Understanding how genes work together in specific contexts to perform their functions is critical for decoding the influence of these genes on complex traits, especially for developing new therapies. While transcriptome-wide association studies have uncovered individual gene roles in disease mechanisms, modern models suggest that gene-gene interactions play a vital role in the origins and progression of diseases. PhenoPLIER's representation is based on modules of co-expressed genes across similar conditions, and we observe that diseases are associated with such expressed gene modules in relevant cell types. We demonstrate accurate prediction of known drug-disease pairs and inferring mechanisms of action using this approach. A CRISPR screen analysis into lipid regulation shows that PhenoPLIER prioritizes functionally important players that lack direct associations, but are part of trait-associated modules. Thus, by incorporating co-expressed gene groups, PhenoPLIER can contextualize genetic associations and reveal potential targets missed by single-gene strategies. Ultimately, PhenoPLIER offers a novel framework for interpreting genetic associations through the lens of gene expression patterns, enhancing our understanding of disease etiology and drug mechanisms.","[FAIL] (0.75) Python code returned false
(""PhenoPLIER"" not in output.split(""."")[0])
---
 Introducing PhenoPLIER, a computational approach that unites gene-trait associations and pharmacological perturbation data into one common latent representation, this manuscript presents a novel method to address the complexities of identifying gene interactions influencing diseases. The context highlights the importance of understanding how genes collaborate in specific circumstances to regulate expression patterns for uncovering their role in disease mechanisms. Genetic studies alone may not fully capture the intricate nature of gene-gene interactions affecting complex traits, which is where this approach excels by utilizing gene modules based on shared expression patterns across conditions. By leveraging PhenoPLIER's ability to predict drug-disease connections and reveal mechanisms of action, it effectively bridges genetic associations with their role in disease etiology and therapeutic targets. Consequently, this method can significantly improve drug repurposing efforts by considering more comprehensive gene modules rather than solely focusing on individual genes. In summary, PhenoPLIER's framework advances the field of genetics by providing a powerful tool for interpreting genetic associations through co-expression patterns and offering new strategies to address complex trait clustering and drug repurposing.","We introduce PhenoPLIER, a computational approach that maps gene-trait associations and pharmacological perturbation data into a common latent representation for a joint analysis. Genes act in concert with each other in specific contexts to perform their functions. Determining how these genes influence complex traits requires a mechanistic understanding of expression regulation across different conditions. It has been shown that this insight is critical for developing new therapies. Transcriptome-wide association studies have helped uncover the role of individual genes in disease-relevant mechanisms. However, modern models of the architecture of complex traits predict that gene-gene interactions play a crucial role in disease origin and progression. PhenoPLIER's representation is based on modules of genes with similar expression patterns across the same conditions. We observe that diseases are significantly associated with gene modules expressed in relevant cell types, and our approach is accurate in predicting known drug-disease pairs and inferring mechanisms of action. Furthermore, using a CRISPR screen to analyze lipid regulation, we find that functionally important players lack associations but are prioritized in trait-associated modules by PhenoPLIER. In conclusion, by incorporating groups of co-expressed genes, PhenoPLIER can contextualize genetic associations and reveal potential targets missed by single-gene strategies. PhenoPLIER provides a novel framework for interpreting genetic associations through the lens of gene modules.","genetic studies, functional genomics, gene co-expression, therapeutic targets, drug repurposing, clustering of complex traits",Does not start with background,Projecting genetic associations through gene expression patterns highlights disease etiology and drug mechanisms
"[FAIL] (0.88) Python code returned false
(""PhenoPLIER"" not in output.split(""."")[0])
---
 We present PhenoPLIER, a computational method that merges genotype-phenotype data and pharmacological perturbation information into a shared latent representation for integrated analysis. The collaboration among genes in specific contexts is essential to their functions. Understanding how these genes influence complex traits necessitates unraveling the mechanisms of gene expression regulation across diverse conditions, as this understanding is crucial for developing novel therapies. Transcriptome-wide association studies have contributed significantly by revealing individual genes' roles in disease-relevant pathways. Modern models predict that gene-gene interactions play a vital role in disease etiology and progression. PhenoPLIER's representation is based on modules of co-expressed genes across similar expression patterns under specific conditions. We observe that diseases are strongly associated with the relevant cell types' gene modules, and our approach accurately predicts known drug-disease associations while also inferring mechanisms of action. In a study using CRISPR screens to analyze lipid regulation, we find that functionally significant players lack direct gene-trait associations but are prioritized within trait-associated modules by PhenoPLIER. In conclusion, integrating groups of co-expressed genes into PhenoPLIER's framework contextualizes genetic associations and reveals potential targets often missed in single-gene approaches. This novel approach to analyzing genetic associations through gene expression patterns has the potential to shed light on previously overlooked therapeutic targets for diseases.","[FAIL] (0.88) Python code returned false
(""PhenoPLIER"" not in output.split(""."")[0])
---
 This study introduces PhenoPLIER, a computational approach that maps gene-trait associations and pharmacological perturbation data into a shared latent representation for joint analysis. It is crucial to understand gene expression regulation across various contexts to decipher how they influence complex traits linked to disease development and new therapeutic approaches. Traditional transcriptome-wide association studies have focused on individual genes, while modern models emphasize the importance of gene-gene interactions in shaping complex trait architectures. PhenoPLIER's approach utilizes modules of co-expressed genes, revealing that diseases are associated with modules expressed within relevant cell types, and accurately predicting known drug-disease pairs. A CRISPR screen for lipid regulation further demonstrates the effectiveness of PhenoPLIER in identifying functionally important yet non-associated genes present in trait-linked gene modules. In conclusion, by leveraging co-expressed gene groups, PhenoPLIER enhances our understanding of genetic associations and can uncover potential therapeutic targets that may be missed with single-gene strategies, ultimately offering a novel framework for interpreting such associations through the lens of gene modules.","We introduce PhenoPLIER, a computational approach that maps gene-trait associations and pharmacological perturbation data into a common latent representation for a joint analysis. Genes act in concert with each other in specific contexts to perform their functions. Determining how these genes influence complex traits requires a mechanistic understanding of expression regulation across different conditions. It has been shown that this insight is critical for developing new therapies. Transcriptome-wide association studies have helped uncover the role of individual genes in disease-relevant mechanisms. However, modern models of the architecture of complex traits predict that gene-gene interactions play a crucial role in disease origin and progression. PhenoPLIER's representation is based on modules of genes with similar expression patterns across the same conditions. We observe that diseases are significantly associated with gene modules expressed in relevant cell types, and our approach is accurate in predicting known drug-disease pairs and inferring mechanisms of action. Furthermore, using a CRISPR screen to analyze lipid regulation, we find that functionally important players lack associations but are prioritized in trait-associated modules by PhenoPLIER. In conclusion, by incorporating groups of co-expressed genes, PhenoPLIER can contextualize genetic associations and reveal potential targets missed by single-gene strategies. PhenoPLIER provides a novel framework for interpreting genetic associations through the lens of gene modules.","genetic studies, functional genomics, gene co-expression, therapeutic targets, drug repurposing, clustering of complex traits",Does not start with background,Projecting genetic associations through gene expression patterns highlights disease etiology and drug mechanisms
"[FAIL] (0.88) Python code returned false
(""PhenoPLIER"" not in output.split(""."")[0])
---
 We present PhenoPLIER, a computational method that integrates gene-trait associations and pharmacological perturbation data into a common latent representation, facilitating joint analysis. Genes often collaborate in specific contexts to perform their functions. Understanding how these genes influence complex traits necessitates an understanding of expression regulation across diverse conditions. This knowledge has been critical for developing new treatments. Transcriptome-wide association studies have led us to appreciate the role of individual genes in disease-relevant mechanisms. However, modern models predict that gene-gene interactions are crucial contributors to the origin and progression of complex traits. PhenoPLIER's approach relies on modules comprising groups of co-expressed genes across similar conditions. We observe that diseases have strong associations with gene expression patterns in relevant cell types, and our method accurately predicts known drug-disease pairs as well as elucidates mechanisms of action. Moreover, through a CRISPR screen analyzing lipid regulation, we find that functionally important players may lack direct associations but are prioritized in trait-associated modules by PhenoPLIER. In conclusion, incorporating groups of co-expressed genes into our framework provides a novel perspective for contextualizing genetic associations and discovering potential targets often missed by single-gene approaches. PhenoPLIER offers a unique way to interpret genetic associations through the lens of gene modules, opening avenues for improved understanding of disease etiology and drug mechanisms.","[FAIL] (0.88) Python code returned false
(""PhenoPLIER"" not in output.split(""."")[0])
---
 To address the gap in understanding complex traits' origins, this research presents PhenoPLIER - a computational approach mapping gene-trait associations and pharmacological perturbation data into a common representation for joint analysis. This work focuses on the importance of studying gene expression patterns in relation to disease etiology and drug mechanisms. It builds upon previous studies that demonstrated the value of transcriptome-wide association studies in understanding individual gene roles. However, modern models suggest the significance of gene-gene interactions in disease emergence and development. PhenoPLIER's method is based on identifying modules of genes with similar expression patterns across various conditions. Analyzing lipid regulation through CRISPR screens further validates this approach, as it prioritizes functionally important players that may not be linked to single-gene strategies but are part of trait-associated gene modules. In conclusion, incorporating co-expressed genes enhances PhenoPLIER's ability to contextualize genetic associations and identify potential targets overlooked by single-gene approaches. By offering a novel framework for interpreting genetic associations through the lens of gene modules, this approach advances our understanding of complex trait etiology, drug mechanisms, and therapeutic targets.","We introduce PhenoPLIER, a computational approach that maps gene-trait associations and pharmacological perturbation data into a common latent representation for a joint analysis. Genes act in concert with each other in specific contexts to perform their functions. Determining how these genes influence complex traits requires a mechanistic understanding of expression regulation across different conditions. It has been shown that this insight is critical for developing new therapies. Transcriptome-wide association studies have helped uncover the role of individual genes in disease-relevant mechanisms. However, modern models of the architecture of complex traits predict that gene-gene interactions play a crucial role in disease origin and progression. PhenoPLIER's representation is based on modules of genes with similar expression patterns across the same conditions. We observe that diseases are significantly associated with gene modules expressed in relevant cell types, and our approach is accurate in predicting known drug-disease pairs and inferring mechanisms of action. Furthermore, using a CRISPR screen to analyze lipid regulation, we find that functionally important players lack associations but are prioritized in trait-associated modules by PhenoPLIER. In conclusion, by incorporating groups of co-expressed genes, PhenoPLIER can contextualize genetic associations and reveal potential targets missed by single-gene strategies. PhenoPLIER provides a novel framework for interpreting genetic associations through the lens of gene modules.","genetic studies, functional genomics, gene co-expression, therapeutic targets, drug repurposing, clustering of complex traits",Does not start with background,Projecting genetic associations through gene expression patterns highlights disease etiology and drug mechanisms
"[FAIL] (0.88) Python code returned false
(""PhenoPLIER"" not in output.split(""."")[0])
---
 We present PhenoPLIER, a computational approach designed to link gene-trait connections and pharmacological perturbation data into a shared latent representation for joint analysis. Understanding how genes work together in specific contexts to perform their functions is critical for deciphering the intricacies of complex traits and developing effective treatments. Traditional transcriptome-wide association studies have helped identify individual gene roles in disease mechanisms; however, modern architectural models predict that gene-gene interactions are crucial to understanding complex traits' origins and progression. PhenoPLIER bases its representation on modules of co-expressed genes across shared conditions, revealing a significant association between diseases and relevant cell types' gene expressions. Our method demonstrates accuracy in predicting drug-disease relationships and elucidating mechanisms of action. Through a CRISPR screen analysis of lipid regulation, we found that functionally important players were prioritized by PhenoPLIER, even if they lacked direct genetic associations. In summary, by incorporating gene modules, PhenoPLIER contextualizes genetic connections and highlights potential targets missed using single-gene approaches. As a novel framework for interpreting genetic associations through gene expression modules, PhenoPLIER advances our understanding of complex traits and therapeutic development.","[FAIL] (0.75) Python code returned false
(""PhenoPLIER"" not in output.split(""."")[0])
---
 We introduce PhenoPLIER, a computational approach that maps gene-trait associations and pharmacological perturbation data into a common latent representation, aiming to fill the gap in understanding complex traits by exploring co-expression patterns of genes involved in their regulation. The method is grounded in the belief that genes work together within specific contexts for functional purposes. While transcriptome-wide association studies have uncovered single gene effects on disease mechanisms, modern models predict a crucial role of gene-gene interactions in complex trait architecture and disease origin/progression. PhenoPLIER leverages gene expression patterns to form modules that are significant across related conditions. We find these modules associated with specific diseases and accurately predict drug-disease relations and mechanisms of action, also noting that functionally important players may lack direct associations but are prioritized within trait-associated modules by PhenoPLIER. In conclusion, this approach contextualizes genetic associations using co-expressed gene groups and offers a framework for better interpreting these connections to aid in identifying potential therapeutic targets missed through single-gene approaches.","We introduce PhenoPLIER, a computational approach that maps gene-trait associations and pharmacological perturbation data into a common latent representation for a joint analysis. Genes act in concert with each other in specific contexts to perform their functions. Determining how these genes influence complex traits requires a mechanistic understanding of expression regulation across different conditions. It has been shown that this insight is critical for developing new therapies. Transcriptome-wide association studies have helped uncover the role of individual genes in disease-relevant mechanisms. However, modern models of the architecture of complex traits predict that gene-gene interactions play a crucial role in disease origin and progression. PhenoPLIER's representation is based on modules of genes with similar expression patterns across the same conditions. We observe that diseases are significantly associated with gene modules expressed in relevant cell types, and our approach is accurate in predicting known drug-disease pairs and inferring mechanisms of action. Furthermore, using a CRISPR screen to analyze lipid regulation, we find that functionally important players lack associations but are prioritized in trait-associated modules by PhenoPLIER. In conclusion, by incorporating groups of co-expressed genes, PhenoPLIER can contextualize genetic associations and reveal potential targets missed by single-gene strategies. PhenoPLIER provides a novel framework for interpreting genetic associations through the lens of gene modules.","genetic studies, functional genomics, gene co-expression, therapeutic targets, drug repurposing, clustering of complex traits",Does not start with background,Projecting genetic associations through gene expression patterns highlights disease etiology and drug mechanisms
"[FAIL] (0.75) Python code returned false
(""PhenoPLIER"" not in output.split(""."")[0])
---
 We present PhenoPLIER, a computational approach that enables the integration of gene-trait associations and pharmacological perturbation data into a common latent representation for comprehensive analysis. To fully comprehend how genes contribute to complex traits' manifestations, it is vital to understand their expression regulation across different conditions. This knowledge is critical in developing effective therapies. While transcriptome-wide association studies have helped identify individual gene roles in disease mechanisms, modern complex trait models suggest that gene-gene interactions play a significant role in disease origin and progression. PhenoPLIER's representation is derived from modules of genes exhibiting similar expression patterns across various conditions. This approach demonstrates that diseases are significantly associated with gene modules expressed in relevant cell types, and it accurately predicts known drug-disease pairs as well as the mechanisms of action involved. By incorporating groups of co-expressed genes, PhenoPLIER can contextualize genetic associations and reveal targets potentially overlooked by single-gene approaches. This framework provides a novel avenue for interpreting genetic associations in the context of gene modules, which could aid in deciphering disease etiology and drug mechanisms.","[FAIL] (0.88) Python code returned false
(""PhenoPLIER"" not in output.split(""."")[0])
---
 In this study, we present PhenoPLIER, a computational method that uses a common latent representation to analyze gene-trait associations and pharmacological data in relation to complex traits. The importance of understanding how genes work together is vital for developing novel therapies. Although transcriptome studies have revealed the role of individual genes in disease mechanisms, modern models suggest gene-gene interactions play crucial roles in disease etiology. PhenoPLIER represents genes with similar expression patterns across conditions and modules, associating them with relevant cell types and diseases. Our approach accurately predicts known drug-disease pairs and reveals mechanisms of action. In addition, a CRISPR screen on lipid regulation found that functionally important players were missed in single-gene strategies but prioritized by PhenoPLIER due to their association with co-expressed gene modules. Therefore, we conclude that PhenoPLIER provides an innovative framework for interpreting genetic associations and revealing potential therapeutic targets often missed by single-gene approaches.","We introduce PhenoPLIER, a computational approach that maps gene-trait associations and pharmacological perturbation data into a common latent representation for a joint analysis. Genes act in concert with each other in specific contexts to perform their functions. Determining how these genes influence complex traits requires a mechanistic understanding of expression regulation across different conditions. It has been shown that this insight is critical for developing new therapies. Transcriptome-wide association studies have helped uncover the role of individual genes in disease-relevant mechanisms. However, modern models of the architecture of complex traits predict that gene-gene interactions play a crucial role in disease origin and progression. PhenoPLIER's representation is based on modules of genes with similar expression patterns across the same conditions. We observe that diseases are significantly associated with gene modules expressed in relevant cell types, and our approach is accurate in predicting known drug-disease pairs and inferring mechanisms of action. Furthermore, using a CRISPR screen to analyze lipid regulation, we find that functionally important players lack associations but are prioritized in trait-associated modules by PhenoPLIER. In conclusion, by incorporating groups of co-expressed genes, PhenoPLIER can contextualize genetic associations and reveal potential targets missed by single-gene strategies. PhenoPLIER provides a novel framework for interpreting genetic associations through the lens of gene modules.","genetic studies, functional genomics, gene co-expression, therapeutic targets, drug repurposing, clustering of complex traits",Does not start with background,Projecting genetic associations through gene expression patterns highlights disease etiology and drug mechanisms
"[FAIL] (0.88) Python code returned false
methods_start = output.find(""PhenoPLIER"")
results_start = max(
    output.find(""CRISPR""),
    output.find(""lipid""),
    output.find(""drug-disease""),
)
response = methods_start < results_start
print(response)

---
 Genes collaborate to carry out their functions within specific contexts, necessitating an understanding of their influence on complex traits and disease etiology. To achieve this, it is crucial to study how genes regulate expression across different conditions. Our study demonstrates that diseases are significantly associated with gene modules expressed in relevant cell types, highlighting the importance of such knowledge for drug development. Furthermore, we find that our approach accurately predicts known drug-disease connections and sheds light on mechanisms of action. By analyzing lipid regulation using a CRISPR screen, we observe that functionally important players lack direct associations but are prioritized in trait-associated modules by PhenoPLIER. In conclusion, integrating groups of co-expressed genes allows PhenoPLIER to contextualize genetic associations and reveal potential targets missed by single-gene strategies. This novel framework offers a unique perspective for interpreting genetic associations through gene modules' expression patterns.","[PASS] (1.00)  Genes collaborate to influence complex traits, calling for an understanding of their expression regulation across various conditions. This knowledge is vital for developing new therapies. Our study shows that diseases have significant connections with specific gene module expressions in relevant cell types. Predictions about drug-disease relationships and mechanisms were accurate through our approach. We also found that functionally essential players not associated with traits are prioritized by PhenoPLIER in trait-linked modules, using a CRISPR screen to analyze lipid regulation. In conclusion, integrating co-expressed gene groups into PhenoPLIER allows for contextualizing genetic associations and revealing overlooked targets through single-gene approaches. This work introduces a new framework for interpreting genetic relationships using gene modules.","Genes act in concert with each other in specific contexts to perform their functions. Determining how these genes influence complex traits requires a mechanistic understanding of expression regulation across different conditions. It has been shown that this insight is critical for developing new therapies. Our results in this study show that diseases are significantly associated with gene modules expressed in relevant cell types, and our approach is accurate in predicting known drug-disease pairs and inferring mechanisms of action. Furthermore, using a CRISPR screen to analyze lipid regulation, we find that functionally important players lack associations but are prioritized in trait-associated modules by PhenoPLIER. In conclusion, by incorporating groups of co-expressed genes, PhenoPLIER can contextualize genetic associations and reveal potential targets missed by single-gene strategies. PhenoPLIER provides a novel framework for interpreting genetic associations through the lens of gene modules.","genetic studies, functional genomics, gene co-expression, therapeutic targets, drug repurposing, clustering of complex traits",Does not describe method,Projecting genetic associations through gene expression patterns highlights disease etiology and drug mechanisms
"[FAIL] (0.88) Python code returned false
methods_start = output.find(""PhenoPLIER"")
results_start = max(
    output.find(""CRISPR""),
    output.find(""lipid""),
    output.find(""drug-disease""),
)
response = methods_start < results_start
print(response)

---
 Genes function intricately with each other in specific contexts to perform their designated roles. Dissecting how these genes impact complex traits necessitates comprehending expression regulation across various conditions, which is vital for developing new therapeutics. This study demonstrates that diseases are substantially linked to gene modules expressed in relevant cell types, and our approach accurately predicts known drug-disease pairs while elucidating the mechanisms of action involved. Through a CRISPR screen targeting lipid regulation, we observed that functionally important players lack associations but are prioritized in trait-associated modules by PhenoPLIER. Conclusively, integrating groups of co-expressed genes into the PhenoPLIER framework enables contextualization of genetic associations and facilitates discovery of overlooked targets missed by single-gene approaches. By providing a novel approach to decoding genetic associations through gene modules, PhenoPLIER offers a unique perspective in interpreting complex traits.","[FAIL] (0.88) Python code returned false
methods_start = output.find(""PhenoPLIER"")
results_start = max(
    output.find(""CRISPR""),
    output.find(""lipid""),
    output.find(""drug-disease""),
)
response = methods_start < results_start
print(response)

---
 Genes collaborate in specific contexts to perform their functions, impacting complex traits' influence. To understand these regulations, examining gene expression across diverse conditions is essential for new therapy development. Our study shows that diseases are associated with gene modules expressed in relevant cell types, accurately predicting known drug-disease connections and mechanisms of action. Using CRISPR to analyze lipid regulation, we discover that functional players lacking direct associations are prioritized by PhenoPLIER through their association with trait-associated gene modules. In conclusion, PhenoPLIER integrates groups of co-expressed genes to contextualize genetic associations and reveal overlooked targets, improving upon single-gene strategies. As a result, PhenoPLIER establishes a novel framework for interpreting genetic connections through the lens of gene modules.","Genes act in concert with each other in specific contexts to perform their functions. Determining how these genes influence complex traits requires a mechanistic understanding of expression regulation across different conditions. It has been shown that this insight is critical for developing new therapies. Our results in this study show that diseases are significantly associated with gene modules expressed in relevant cell types, and our approach is accurate in predicting known drug-disease pairs and inferring mechanisms of action. Furthermore, using a CRISPR screen to analyze lipid regulation, we find that functionally important players lack associations but are prioritized in trait-associated modules by PhenoPLIER. In conclusion, by incorporating groups of co-expressed genes, PhenoPLIER can contextualize genetic associations and reveal potential targets missed by single-gene strategies. PhenoPLIER provides a novel framework for interpreting genetic associations through the lens of gene modules.","genetic studies, functional genomics, gene co-expression, therapeutic targets, drug repurposing, clustering of complex traits",Does not describe method,Projecting genetic associations through gene expression patterns highlights disease etiology and drug mechanisms
"[FAIL] (0.88) Python code returned false
methods_start = output.find(""PhenoPLIER"")
results_start = max(
    output.find(""CRISPR""),
    output.find(""lipid""),
    output.find(""drug-disease""),
)
response = methods_start < results_start
print(response)

---
 Genes function together in specific contexts to achieve their goals, and comprehending how these genes influence complex traits demands an understanding of expression regulation across various conditions. This knowledge is vital for developing novel therapies. The results of our study demonstrate that diseases have significant associations with gene modules expressed in relevant cell types, enabling accurate predictions of known drug-disease pairs and the decipherment of drugs' mechanisms of action. Through a CRISPR screen analyzing lipid regulation, we discovered functionally crucial players lacking correlations but prioritized within trait-associated modules by PhenoPLIER. In summary, by incorporating groups of co-expressed genes, PhenoPLIER contextualizes genetic associations and uncovers potential targets missed by single-gene strategies. PhenoPLIER provides a novel framework for interpreting genetic associations through the lens of gene modules, enhancing our understanding of disease etiology and drug mechanisms.","[FAIL] (0.88) Python code returned false
methods_start = output.find(""PhenoPLIER"")
results_start = max(
    output.find(""CRISPR""),
    output.find(""lipid""),
    output.find(""drug-disease""),
)
response = methods_start < results_start
print(response)

---
 Genes work together to carry out their functions, particularly when affecting complex traits. Understanding these regulatory mechanisms is crucial for developing new therapies. In this study, we demonstrate that disease genes are significantly associated with specific expression patterns in relevant cell types. Our results also reveal the ability of our approach to predict known drug-disease relationships and elucidate the mechanisms of action. Employing a CRISPR screen, we found that PhenoPLIER prioritizes functionally important players within trait-associated modules, despite lacking direct genetic associations. Thus, incorporating groups of co-expressed genes can provide valuable context for interpreting genetic associations and potentially identify targets missed by single-gene strategies. Ultimately, this study introduces PhenoPLIER as a novel framework to analyze genetic associations through the lens of gene expression patterns.","Genes act in concert with each other in specific contexts to perform their functions. Determining how these genes influence complex traits requires a mechanistic understanding of expression regulation across different conditions. It has been shown that this insight is critical for developing new therapies. Our results in this study show that diseases are significantly associated with gene modules expressed in relevant cell types, and our approach is accurate in predicting known drug-disease pairs and inferring mechanisms of action. Furthermore, using a CRISPR screen to analyze lipid regulation, we find that functionally important players lack associations but are prioritized in trait-associated modules by PhenoPLIER. In conclusion, by incorporating groups of co-expressed genes, PhenoPLIER can contextualize genetic associations and reveal potential targets missed by single-gene strategies. PhenoPLIER provides a novel framework for interpreting genetic associations through the lens of gene modules.","genetic studies, functional genomics, gene co-expression, therapeutic targets, drug repurposing, clustering of complex traits",Does not describe method,Projecting genetic associations through gene expression patterns highlights disease etiology and drug mechanisms
"[FAIL] (0.88) Python code returned false
methods_start = output.find(""PhenoPLIER"")
results_start = max(
    output.find(""CRISPR""),
    output.find(""lipid""),
    output.find(""drug-disease""),
)
response = methods_start < results_start
print(response)

---
 Genes collaborate to execute their functions, particularly in specific contexts. Gaining insights into how these genes influence complex traits necessitates an understanding of expression regulation across different conditions. This comprehension is crucial for devising novel therapies. Our study's findings demonstrate that diseases are significantly linked to gene modules expressed in relevant cell types, and our approach accurately predicts known drug-disease pairs while inferring mechanisms of action. By utilizing a CRISPR screen to analyze lipid regulation, we find that functionally significant players lack associations but are prioritized within trait-associated modules by PhenoPLIER. In summary, by incorporating groups of co-expressed genes, PhenoPLIER can contextualize genetic associations and reveal potential targets missed by single-gene strategies. As a result, PhenoPLIER presents a novel framework for interpreting genetic associations through the lens of gene modules.","[FAIL] (0.88) Python code returned false
methods_start = output.find(""PhenoPLIER"")
results_start = max(
    output.find(""CRISPR""),
    output.find(""lipid""),
    output.find(""drug-disease""),
)
response = methods_start < results_start
print(response)

---
 Genes collaborate to perform their functions, especially when investigating complex traits, such as diseases. To achieve this, it is crucial to understand how these genes are regulated in different conditions. Our research demonstrates that understanding disease etiology and drug mechanisms involves analyzing gene modules and their associations with relevant cell types. By predicting known drug-disease relationships, our approach highlights the importance of a comprehensive view of gene interactions, rather than just focusing on single genes. We utilized CRISPR screening to examine lipid regulation and discovered that certain players are prioritized in trait-associated modules by PhenoPLIER. In conclusion, PhenoPLIER serves as a novel framework for interpreting genetic associations through the context of gene co-expression, shedding light on potential targets often missed by single-gene strategies and significantly advancing the field in understanding disease etiology and drug mechanisms.","Genes act in concert with each other in specific contexts to perform their functions. Determining how these genes influence complex traits requires a mechanistic understanding of expression regulation across different conditions. It has been shown that this insight is critical for developing new therapies. Our results in this study show that diseases are significantly associated with gene modules expressed in relevant cell types, and our approach is accurate in predicting known drug-disease pairs and inferring mechanisms of action. Furthermore, using a CRISPR screen to analyze lipid regulation, we find that functionally important players lack associations but are prioritized in trait-associated modules by PhenoPLIER. In conclusion, by incorporating groups of co-expressed genes, PhenoPLIER can contextualize genetic associations and reveal potential targets missed by single-gene strategies. PhenoPLIER provides a novel framework for interpreting genetic associations through the lens of gene modules.","genetic studies, functional genomics, gene co-expression, therapeutic targets, drug repurposing, clustering of complex traits",Does not describe method,Projecting genetic associations through gene expression patterns highlights disease etiology and drug mechanisms
"[FAIL] (0.88) Python code returned false
methods_start = output.find(""PhenoPLIER"")
results_start = max(
    output.find(""CRISPR""),
    output.find(""lipid""),
    output.find(""drug-disease""),
)
response = methods_start < results_start
print(response)

---
 Genes function intricately in collaboration with one another, exhibiting their roles within specific contexts. To understand how these genes contribute to complex traits requires the elucidation of regulatory mechanisms surrounding gene expression across diverse conditions. This comprehension is crucial for the development of novel therapeutics. Our study's findings demonstrate that diseases are significantly linked to gene modules expressed in relevant cell types and accurately predict known drug-disease pairs as well as decipher the mechanism of action. Using a CRISPR screen to investigate lipid regulation, we observed that functionally important players with no direct genetic associations were prioritized within trait-associated modules by PhenoPLIER. This highlights the utility of PhenoPLIER in contextualizing genetic associations through groups of co-expressed genes, unveiling potential targets which may otherwise be missed when considering individual genes alone. Thus, PhenoPLIER offers a novel methodological framework for interpreting genetic associations by considering gene modules and their expression patterns in various conditions, leading to the discovery of previously undetected therapeutic targets and mechanisms involved in diseases.","[FAIL] (0.88) Python code returned false
methods_start = output.find(""PhenoPLIER"")
results_start = max(
    output.find(""CRISPR""),
    output.find(""lipid""),
    output.find(""drug-disease""),
)
response = methods_start < results_start
print(response)

---
 Genes collaborate to carry out their functions, and comprehending how they influence complex traits requires understanding expression regulation across different contexts. Determining these mechanisms is crucial for developing effective therapies. Our study reveals that diseases are associated with gene modules expressed in relevant cell types, and our approach accurately predicts drug-disease pairs and explains the mechanisms of action. Moreover, a CRISPR screen analysis demonstrated that functional players not initially linked can be prioritized using PhenoPLIER. In conclusion, by incorporating groups of co-expressed genes, PhenoPLIER offers a novel framework for interpreting genetic associations through gene module analysis, potentially identifying targets missed by single-gene strategies. This provides a comprehensive approach to understanding disease etiology and therapeutic mechanisms.","Genes act in concert with each other in specific contexts to perform their functions. Determining how these genes influence complex traits requires a mechanistic understanding of expression regulation across different conditions. It has been shown that this insight is critical for developing new therapies. Our results in this study show that diseases are significantly associated with gene modules expressed in relevant cell types, and our approach is accurate in predicting known drug-disease pairs and inferring mechanisms of action. Furthermore, using a CRISPR screen to analyze lipid regulation, we find that functionally important players lack associations but are prioritized in trait-associated modules by PhenoPLIER. In conclusion, by incorporating groups of co-expressed genes, PhenoPLIER can contextualize genetic associations and reveal potential targets missed by single-gene strategies. PhenoPLIER provides a novel framework for interpreting genetic associations through the lens of gene modules.","genetic studies, functional genomics, gene co-expression, therapeutic targets, drug repurposing, clustering of complex traits",Does not describe method,Projecting genetic associations through gene expression patterns highlights disease etiology and drug mechanisms
"[FAIL] (0.88) Python code returned false
keywords = [
  ""overall"",
  ""conclusion"",
  ""insight"",
  ""novel"",
  ""potential"",
  ""broader"",
  ""ultimately"",
  ""advancement"",
  ""valuable"",
  ""our study"",
  ""this study"",
  ""our work"",
  ""this work"",
  ""our approach"",
  ""research"",
  ""critical gap"",
  ""understanding"",
  ""powerful"",
  ""advancing"",
  ""importance"",
  ""findings"",
  ""highlight"",
  ""promise"",
  ""promising"",
  ""innovative"",
  ""perspective"",
  ""refine"",
  ""refining"",
  ""accelerate"",
  ""accelerating"",
  ""facilitate"",
  ""facilitating"",
  ""pinpoint"",
  ""implications"",
  ""reveal"",
]
# try to capture the first paragraph (because sometimes models add
# explanations below the revised paragraph)
first_paragraph = output.strip().split(""\n"")[0]
last_sentences = ""."".join(first_paragraph.strip().split(""."")[-2:]).lower()
response = any(keyword in last_sentences for keyword in keywords)
print(response)

---
 Genes collaborate with one another within specific contexts to execute their functions, and deciphering how these genes influence complex traits necessitates a mechanistic understanding of expression regulation across various conditions. This comprehension is crucial for developing new therapies. Transcriptome-wide association studies have played a vital role in elucidating the involvement of individual genes in disease-related mechanisms. However, modern models of complex trait architecture predict that gene-gene interactions play a pivotal role in determining the origin and progression of diseases. In this study, we introduce PhenoPLIER, a computational approach that maps gene-trait associations and pharmacological perturbation data into a shared latent representation for joint analysis. This representation is constructed based on modules consisting of genes with comparable expression patterns across similar conditions. We observe that diseases are significantly associated with gene modules expressed in relevant cell types, and our method accurately predicts known drug-disease pairs and elucidates mechanisms of action. Moreover, by utilizing a CRISPR screen to analyze lipid regulation, we find that functionally vital players exhibit a lack of associations but are prioritized within trait-associated modules by PhenoPLIER.","[PASS] (1.00)  Genes work together in specific contexts for their functions, influencing complex traits through the regulation of gene expression across different conditions. Understanding this is crucial for developing new therapies and targeting disease mechanisms. While transcriptome-wide association studies have highlighted individual genes' roles in diseases, modern models emphasize the importance of gene-gene interactions in causing complex traits. We introduce PhenoPLIER, a computational approach that uses genetic associations and pharmacological perturbation data mapped into a common latent representation for joint analysis based on modules of gene expression patterns across conditions. This method shows significant association between diseases and gene modules expressed in relevant cell types, accurately predicts drug-disease connections, and identifies mechanisms of action. Additionally, through analyzing lipid regulation via CRISPR screen, PhenoPLIER prioritizes non-associated but functionally important players within trait-associated gene modules, demonstrating its effectiveness in advancing our understanding of complex traits and drug development strategies.","Genes act in concert with each other in specific contexts to perform their functions. Determining how these genes influence complex traits requires a mechanistic understanding of expression regulation across different conditions. It has been shown that this insight is critical for developing new therapies. Transcriptome-wide association studies have helped uncover the role of individual genes in disease-relevant mechanisms. However, modern models of the architecture of complex traits predict that gene-gene interactions play a crucial role in disease origin and progression. Here we introduce PhenoPLIER, a computational approach that maps gene-trait associations and pharmacological perturbation data into a common latent representation for a joint analysis. This representation is based on modules of genes with similar expression patterns across the same conditions. We observe that diseases are significantly associated with gene modules expressed in relevant cell types, and our approach is accurate in predicting known drug-disease pairs and inferring mechanisms of action. Furthermore, using a CRISPR screen to analyze lipid regulation, we find that functionally important players lack associations but are prioritized in trait-associated modules by PhenoPLIER.","genetic studies, functional genomics, gene co-expression, therapeutic targets, drug repurposing, clustering of complex traits",No interpretation of results,Projecting genetic associations through gene expression patterns highlights disease etiology and drug mechanisms
"[FAIL] (0.88) Python code returned false
keywords = [
  ""overall"",
  ""conclusion"",
  ""insight"",
  ""novel"",
  ""potential"",
  ""broader"",
  ""ultimately"",
  ""advancement"",
  ""valuable"",
  ""our study"",
  ""this study"",
  ""our work"",
  ""this work"",
  ""our approach"",
  ""research"",
  ""critical gap"",
  ""understanding"",
  ""powerful"",
  ""advancing"",
  ""importance"",
  ""findings"",
  ""highlight"",
  ""promise"",
  ""promising"",
  ""innovative"",
  ""perspective"",
  ""refine"",
  ""refining"",
  ""accelerate"",
  ""accelerating"",
  ""facilitate"",
  ""facilitating"",
  ""pinpoint"",
  ""implications"",
  ""reveal"",
]
# try to capture the first paragraph (because sometimes models add
# explanations below the revised paragraph)
first_paragraph = output.strip().split(""\n"")[0]
last_sentences = ""."".join(first_paragraph.strip().split(""."")[-2:]).lower()
response = any(keyword in last_sentences for keyword in keywords)
print(response)

---
 Genes collaborate intricately to execute their functions within specific contexts. To elucidate the influence of these genes on complex traits, we require an understanding of how expression regulation is regulated across varying conditions. This comprehension is crucial for developing novel treatments. Through transcriptome-wide association studies, it has been demonstrated that individual gene roles in disease mechanisms are significant. However, modern models suggest that genetic interactions play a pivotal role in the initiation and progression of diseases. Here, we present PhenoPLIER, a computational method for mapping gene-trait associations and pharmacological perturbation data into a common latent representation for joint analysis. This representation is based on modules of genes with similar expression patterns across various conditions. We observe that diseases are significantly associated with gene modules expressed in relevant cell types, and our approach accurately predicts known drug-disease pairs as well as mechanisms of action. Moreover, by employing a CRISPR screen for analyzing lipid regulation, we find that functionally essential players lack associations but are prioritized within trait-associated modules by PhenoPLIER.","[PASS] (1.00)  Genes work together through coordinated expression to influence complex traits and contribute to disease mechanisms. To understand these interactions, it's essential to investigate gene regulation across different conditions. Transcriptome-wide association studies have revealed the role of individual genes in diseases. However, modern models suggest that gene-gene interactions are crucial for complex trait development. Introducing PhenoPLIER, a computational method, links gene-trait associations and drug perturbation data into a common latent representation. This approach is based on modules of genes exhibiting similar expression patterns across the same conditions, which can be connected to relevant diseases and predict known drug-disease pairs and their mechanisms of action. Using CRISPR screening for lipid regulation, we found that PhenoPLIER prioritizes functionally important players with no direct associations but are involved in trait-associated modules. Thus, PhenoPLIER bridges the gap between gene expression patterns, genetic studies, and drug mechanisms, allowing better insights into disease etiology.","Genes act in concert with each other in specific contexts to perform their functions. Determining how these genes influence complex traits requires a mechanistic understanding of expression regulation across different conditions. It has been shown that this insight is critical for developing new therapies. Transcriptome-wide association studies have helped uncover the role of individual genes in disease-relevant mechanisms. However, modern models of the architecture of complex traits predict that gene-gene interactions play a crucial role in disease origin and progression. Here we introduce PhenoPLIER, a computational approach that maps gene-trait associations and pharmacological perturbation data into a common latent representation for a joint analysis. This representation is based on modules of genes with similar expression patterns across the same conditions. We observe that diseases are significantly associated with gene modules expressed in relevant cell types, and our approach is accurate in predicting known drug-disease pairs and inferring mechanisms of action. Furthermore, using a CRISPR screen to analyze lipid regulation, we find that functionally important players lack associations but are prioritized in trait-associated modules by PhenoPLIER.","genetic studies, functional genomics, gene co-expression, therapeutic targets, drug repurposing, clustering of complex traits",No interpretation of results,Projecting genetic associations through gene expression patterns highlights disease etiology and drug mechanisms
"[FAIL] (0.88) Python code returned false
keywords = [
  ""overall"",
  ""conclusion"",
  ""insight"",
  ""novel"",
  ""potential"",
  ""broader"",
  ""ultimately"",
  ""advancement"",
  ""valuable"",
  ""our study"",
  ""this study"",
  ""our work"",
  ""this work"",
  ""our approach"",
  ""research"",
  ""critical gap"",
  ""understanding"",
  ""powerful"",
  ""advancing"",
  ""importance"",
  ""findings"",
  ""highlight"",
  ""promise"",
  ""promising"",
  ""innovative"",
  ""perspective"",
  ""refine"",
  ""refining"",
  ""accelerate"",
  ""accelerating"",
  ""facilitate"",
  ""facilitating"",
  ""pinpoint"",
  ""implications"",
  ""reveal"",
]
# try to capture the first paragraph (because sometimes models add
# explanations below the revised paragraph)
first_paragraph = output.strip().split(""\n"")[0]
last_sentences = ""."".join(first_paragraph.strip().split(""."")[-2:]).lower()
response = any(keyword in last_sentences for keyword in keywords)
print(response)

---
 Genes operate together within specific contexts to perform their functions, and understanding how these genes influence complex traits requires a deep comprehension of expression regulation across diverse conditions. This insight is crucial for developing novel therapies as it uncovers the role of individual genes in disease-relevant mechanisms. While transcriptome-wide association studies have helped elucidate the significance of individual genes, current models propose that gene-gene interactions significantly impact disease etiology and progression. To address this gap, we introduce PhenoPLIER, a computational approach that maps gene-trait associations and pharmacological perturbation data into a common latent representation for joint analysis. This representation is founded upon modules of genes expressing in similar patterns across the same conditions. Through PhenoPLIER, we observe that diseases are significantly associated with gene modules expressed in relevant cell types; our approach accurately predicts known drug-disease pairs and elucidates mechanisms of action. By employing a CRISPR screen to analyze lipid regulation, we find that functionally crucial players lack direct associations but are prioritized within trait-associated modules by PhenoPLIER, suggesting its effectiveness in uncovering previously overlooked elements relevant to disease biology.","[PASS] (1.00)  Genes work together within specific contexts for their functions, and understanding how they influence complex traits necessitates unraveling the intricacies of expression regulation across various conditions. This insight is vital in developing novel therapies. Despite transcriptome-wide association studies that revealed individual gene roles in disease mechanisms, modern models predict a crucial role for gene-gene interactions in disease etiology. Here, we propose PhenoPLIER, an innovative computational approach that bridges the gap between gene-trait associations and pharmacological perturbation data. It involves creating a latent representation based on gene modules with similar expression patterns across conditions for joint analysis. Our findings showcase diseases being significantly associated with relevant cell types' expression modules and accurate predictions of known drug-disease pairs using PhenoPLIER, along with elucidating the mechanisms of action. In a CRISPR screen analyzing lipid regulation, we discover functionally vital players with no associations but prioritized in trait-associated modules by our approach. This work showcases how PhenoPLIER advances knowledge on disease origins and drug development processes, leveraging gene expression patterns.","Genes act in concert with each other in specific contexts to perform their functions. Determining how these genes influence complex traits requires a mechanistic understanding of expression regulation across different conditions. It has been shown that this insight is critical for developing new therapies. Transcriptome-wide association studies have helped uncover the role of individual genes in disease-relevant mechanisms. However, modern models of the architecture of complex traits predict that gene-gene interactions play a crucial role in disease origin and progression. Here we introduce PhenoPLIER, a computational approach that maps gene-trait associations and pharmacological perturbation data into a common latent representation for a joint analysis. This representation is based on modules of genes with similar expression patterns across the same conditions. We observe that diseases are significantly associated with gene modules expressed in relevant cell types, and our approach is accurate in predicting known drug-disease pairs and inferring mechanisms of action. Furthermore, using a CRISPR screen to analyze lipid regulation, we find that functionally important players lack associations but are prioritized in trait-associated modules by PhenoPLIER.","genetic studies, functional genomics, gene co-expression, therapeutic targets, drug repurposing, clustering of complex traits",No interpretation of results,Projecting genetic associations through gene expression patterns highlights disease etiology and drug mechanisms
"[PASS] (1.00)  Genes collaborate intricately to carry out their functions, with the influence of gene interactions being particularly crucial in understanding complex traits and their implications for therapeutics development. Determining the expression regulation dynamics across different contexts is key to unveiling disease-related mechanisms. Transcriptome-wide association studies have aided our understanding of individual genes' roles in diseases; however, current models predict that gene-gene interactions significantly contribute to disease etiology and progression. To address this, we introduce PhenoPLIER, a novel computational approach that maps genetic associations and pharmacological data into a common latent representation for a comprehensive analysis. This representation is based on modules of genes with similar expression patterns across the same conditions. We find that diseases are significantly associated with gene modules expressed in relevant cell types, and PhenoPLIER accurately predicts known drug-disease pairs and reveals mechanisms of action. Additionally, using a CRISPR screen to study lipid regulation, we observe that functionally important players, though lacking direct associations, are prioritized within trait-associated modules by PhenoPLIER. Overall, this approach provides insight into complex traits' architecture and enables better drug repurposing strategies.","[PASS] (1.00)  Genes work together in specific contexts to perform their functions and contribute to complex traits' manifestations. Gaining insight into expression regulation is crucial for understanding disease mechanisms and developing effective therapies. Transcriptome-wide association studies reveal individual gene roles, but modern models suggest that gene-gene interactions play a significant role in disease etiology. In this work, we introduce PhenoPLIER, a computational approach to map gene traits, pharmacological perturbation data into a common representation for joint analysis. This representation uses modules of genes with similar expression patterns across various conditions, identifying diseases' associations with relevant cell types and accurately predicting drug-disease pairs, as well as inferring their mechanisms of action. Additionally, through a CRISPR screen analyzing lipid regulation, we found that PhenoPLIER prioritizes functionally important players lacking associations but included in trait-associated modules, highlighting the importance of incorporating gene expression patterns for better understanding complex traits and disease etiology.","Genes act in concert with each other in specific contexts to perform their functions. Determining how these genes influence complex traits requires a mechanistic understanding of expression regulation across different conditions. It has been shown that this insight is critical for developing new therapies. Transcriptome-wide association studies have helped uncover the role of individual genes in disease-relevant mechanisms. However, modern models of the architecture of complex traits predict that gene-gene interactions play a crucial role in disease origin and progression. Here we introduce PhenoPLIER, a computational approach that maps gene-trait associations and pharmacological perturbation data into a common latent representation for a joint analysis. This representation is based on modules of genes with similar expression patterns across the same conditions. We observe that diseases are significantly associated with gene modules expressed in relevant cell types, and our approach is accurate in predicting known drug-disease pairs and inferring mechanisms of action. Furthermore, using a CRISPR screen to analyze lipid regulation, we find that functionally important players lack associations but are prioritized in trait-associated modules by PhenoPLIER.","genetic studies, functional genomics, gene co-expression, therapeutic targets, drug repurposing, clustering of complex traits",No interpretation of results,Projecting genetic associations through gene expression patterns highlights disease etiology and drug mechanisms
"[PASS] (1.00)  Genes interact with each other to perform their functions in specific contexts, influencing complex traits. Understanding the regulation of gene expression across diverse conditions is essential for acquiring a mechanistic understanding that supports disease etiology and drug development. Transcriptome-wide association studies have contributed significantly by identifying individual genes linked to disease mechanisms; however, these studies only address the role of single genes in isolation. Modern models suggest that interactions between multiple genes play a key part in initiating and progressing diseases. To bridge this gap, we introduce PhenoPLIER – a computational approach that uses gene-trait associations, pharmacological perturbation data, and genome-wide expression patterns to create a unified latent representation for joint analysis. This representation is derived from gene modules with similar expression patterns across various conditions, focusing on their role in specific cell types relevant to certain diseases. We observe that PhenoPLIER effectively associates known drug-disease pairs and infers mechanisms of action. Additionally, our approach prioritizes functionally significant genes that lack direct associations but are part of trait-associated gene modules. By using a CRISPR screen for analyzing lipid regulation, we confirm the relevance of this approach in understanding complex traits through gene interactions and expression patterns.","[PASS] (1.00)  Genes work collaboratively to execute their functions under various contexts. Uncovering how these genes contribute to complex traits necessitates understanding the regulation of gene expression across multiple conditions, as this knowledge is crucial for developing new therapies. While transcriptome-wide association studies have revealed individual genes' roles in disease mechanisms, it is clear that gene-gene interactions play a significant role in determining disease origins and progression. To address these gaps, we introduce PhenoPLIER - a computational approach that integrates gene-trait associations and pharmacological perturbation data into a common latent representation for joint analysis. This representation is based on gene modules sharing similar expression patterns across the same conditions, allowing us to identify disease associations with relevant cell types and accurately predict drug-disease pairs while also inference mechanisms of action. Additionally, through a CRISPR screen, we found that functional players not associated with traits are prioritized within trait-associated gene modules by PhenoPLIER, highlighting its potential to improve our understanding of lipid regulation.","Genes act in concert with each other in specific contexts to perform their functions. Determining how these genes influence complex traits requires a mechanistic understanding of expression regulation across different conditions. It has been shown that this insight is critical for developing new therapies. Transcriptome-wide association studies have helped uncover the role of individual genes in disease-relevant mechanisms. However, modern models of the architecture of complex traits predict that gene-gene interactions play a crucial role in disease origin and progression. Here we introduce PhenoPLIER, a computational approach that maps gene-trait associations and pharmacological perturbation data into a common latent representation for a joint analysis. This representation is based on modules of genes with similar expression patterns across the same conditions. We observe that diseases are significantly associated with gene modules expressed in relevant cell types, and our approach is accurate in predicting known drug-disease pairs and inferring mechanisms of action. Furthermore, using a CRISPR screen to analyze lipid regulation, we find that functionally important players lack associations but are prioritized in trait-associated modules by PhenoPLIER.","genetic studies, functional genomics, gene co-expression, therapeutic targets, drug repurposing, clustering of complex traits",No interpretation of results,Projecting genetic associations through gene expression patterns highlights disease etiology and drug mechanisms
